Buy all smart recommendations requested by user: testuser
Found 8 pending BUY recommendations
Portfolio cash: $19857.51
Total cost: $17538.68
Executing recommendation for AGMH: 337 shares
  Cash allocated: 3484.58 (type: <class 'decimal.Decimal'>)
  Current price: 10.34 (type: <class 'decimal.Decimal'>)
  Portfolio cash: 19857.51 (type: <class 'decimal.Decimal'>)
Exception executing AGMH: name 'SmartAnalysisService' is not defined
Traceback: Traceback (most recent call last):
  File "/Users/davidmccarthy/Development/CursorAI/Django/aiadvisor/soulstrader/views.py", line 1551, in buy_all_smart_recommendations
    result = SmartAnalysisService()._execute_single_recommendation(rec, portfolio)
             ^^^^^^^^^^^^^^^^^^^^
NameError: name 'SmartAnalysisService' is not defined. Did you mean: 'SmartAnalysisSession'?

Executing recommendation for NVO: 31 shares
  Cash allocated: 1903.40 (type: <class 'decimal.Decimal'>)
  Current price: 61.40 (type: <class 'decimal.Decimal'>)
  Portfolio cash: 19857.51 (type: <class 'decimal.Decimal'>)
Exception executing NVO: name 'SmartAnalysisService' is not defined
Traceback: Traceback (most recent call last):
  File "/Users/davidmccarthy/Development/CursorAI/Django/aiadvisor/soulstrader/views.py", line 1551, in buy_all_smart_recommendations
    result = SmartAnalysisService()._execute_single_recommendation(rec, portfolio)
             ^^^^^^^^^^^^^^^^^^^^
NameError: name 'SmartAnalysisService' is not defined. Did you mean: 'SmartAnalysisSession'?

Executing recommendation for DIS: 2 shares
  Cash allocated: 227.52 (type: <class 'decimal.Decimal'>)
  Current price: 113.76 (type: <class 'decimal.Decimal'>)
  Portfolio cash: 19857.51 (type: <class 'decimal.Decimal'>)
Exception executing DIS: name 'SmartAnalysisService' is not defined
Traceback: Traceback (most recent call last):
  File "/Users/davidmccarthy/Development/CursorAI/Django/aiadvisor/soulstrader/views.py", line 1551, in buy_all_smart_recommendations
    result = SmartAnalysisService()._execute_single_recommendation(rec, portfolio)
             ^^^^^^^^^^^^^^^^^^^^
NameError: name 'SmartAnalysisService' is not defined. Did you mean: 'SmartAnalysisSession'?

Executing recommendation for NVO: 31 shares
  Cash allocated: 1903.40 (type: <class 'decimal.Decimal'>)
  Current price: 61.40 (type: <class 'decimal.Decimal'>)
  Portfolio cash: 19857.51 (type: <class 'decimal.Decimal'>)
Exception executing NVO: name 'SmartAnalysisService' is not defined
Traceback: Traceback (most recent call last):
  File "/Users/davidmccarthy/Development/CursorAI/Django/aiadvisor/soulstrader/views.py", line 1551, in buy_all_smart_recommendations
    result = SmartAnalysisService()._execute_single_recommendation(rec, portfolio)
             ^^^^^^^^^^^^^^^^^^^^
NameError: name 'SmartAnalysisService' is not defined. Did you mean: 'SmartAnalysisSession'?

Executing recommendation for AGMH: 337 shares
  Cash allocated: 3484.58 (type: <class 'decimal.Decimal'>)
  Current price: 10.34 (type: <class 'decimal.Decimal'>)
  Portfolio cash: 19857.51 (type: <class 'decimal.Decimal'>)
Exception executing AGMH: name 'SmartAnalysisService' is not defined
Traceback: Traceback (most recent call last):
  File "/Users/davidmccarthy/Development/CursorAI/Django/aiadvisor/soulstrader/views.py", line 1551, in buy_all_smart_recommendations
    result = SmartAnalysisService()._execute_single_recommendation(rec, portfolio)
             ^^^^^^^^^^^^^^^^^^^^
NameError: name 'SmartAnalysisService' is not defined. Did you mean: 'SmartAnalysisSession'?

Executing recommendation for DIS: 2 shares
  Cash allocated: 227.52 (type: <class 'decimal.Decimal'>)
  Current price: 113.76 (type: <class 'decimal.Decimal'>)
  Portfolio cash: 19857.51 (type: <class 'decimal.Decimal'>)
Exception executing DIS: name 'SmartAnalysisService' is not defined
Traceback: Traceback (most recent call last):
  File "/Users/davidmccarthy/Development/CursorAI/Django/aiadvisor/soulstrader/views.py", line 1551, in buy_all_smart_recommendations
    result = SmartAnalysisService()._execute_single_recommendation(rec, portfolio)
             ^^^^^^^^^^^^^^^^^^^^
NameError: name 'SmartAnalysisService' is not defined. Did you mean: 'SmartAnalysisSession'?

Executing recommendation for AGMH: 456 shares
  Cash allocated: 4715.04 (type: <class 'decimal.Decimal'>)
  Current price: 10.34 (type: <class 'decimal.Decimal'>)
  Portfolio cash: 19857.51 (type: <class 'decimal.Decimal'>)
Exception executing AGMH: name 'SmartAnalysisService' is not defined
Traceback: Traceback (most recent call last):
  File "/Users/davidmccarthy/Development/CursorAI/Django/aiadvisor/soulstrader/views.py", line 1551, in buy_all_smart_recommendations
    result = SmartAnalysisService()._execute_single_recommendation(rec, portfolio)
             ^^^^^^^^^^^^^^^^^^^^
NameError: name 'SmartAnalysisService' is not defined. Did you mean: 'SmartAnalysisSession'?

Executing recommendation for DIS: 14 shares
  Cash allocated: 1592.64 (type: <class 'decimal.Decimal'>)
  Current price: 113.76 (type: <class 'decimal.Decimal'>)
  Portfolio cash: 19857.51 (type: <class 'decimal.Decimal'>)
Exception executing DIS: name 'SmartAnalysisService' is not defined
Traceback: Traceback (most recent call last):
  File "/Users/davidmccarthy/Development/CursorAI/Django/aiadvisor/soulstrader/views.py", line 1551, in buy_all_smart_recommendations
    result = SmartAnalysisService()._execute_single_recommendation(rec, portfolio)
             ^^^^^^^^^^^^^^^^^^^^
NameError: name 'SmartAnalysisService' is not defined. Did you mean: 'SmartAnalysisSession'?

Buy all completed: 0 executed, 8 failed
Returning response: {'success': True, 'executed_trades': [], 'failed_trades': [{'symbol': 'AGMH', 'error': "name 'SmartAnalysisService' is not defined"}, {'symbol': 'NVO', 'error': "name 'SmartAnalysisService' is not defined"}, {'symbol': 'DIS', 'error': "name 'SmartAnalysisService' is not defined"}, {'symbol': 'NVO', 'error': "name 'SmartAnalysisService' is not defined"}, {'symbol': 'AGMH', 'error': "name 'SmartAnalysisService' is not defined"}, {'symbol': 'DIS', 'error': "name 'SmartAnalysisService' is not defined"}, {'symbol': 'AGMH', 'error': "name 'SmartAnalysisService' is not defined"}, {'symbol': 'DIS', 'error': "name 'SmartAnalysisService' is not defined"}], 'total_executed': 0, 'total_failed': 8, 'total_cost': 17538.68}
Buy all smart recommendations requested by user: testuser
Found 8 pending BUY recommendations
Portfolio cash: $19857.51
Total cost: $17538.68
Executing recommendation for AGMH: 337 shares
  Cash allocated: 3484.58 (type: <class 'decimal.Decimal'>)
  Current price: 10.34 (type: <class 'decimal.Decimal'>)
  Portfolio cash: 19857.51 (type: <class 'decimal.Decimal'>)
Successfully executed AGMH
Executing recommendation for NVO: 31 shares
  Cash allocated: 1903.40 (type: <class 'decimal.Decimal'>)
  Current price: 61.40 (type: <class 'decimal.Decimal'>)
  Portfolio cash: 17158.81400 (type: <class 'decimal.Decimal'>)
Successfully executed NVO
Executing recommendation for DIS: 2 shares
  Cash allocated: 227.52 (type: <class 'decimal.Decimal'>)
  Current price: 113.76 (type: <class 'decimal.Decimal'>)
  Portfolio cash: 15253.51060 (type: <class 'decimal.Decimal'>)
Successfully executed DIS
Executing recommendation for NVO: 31 shares
  Cash allocated: 1903.40 (type: <class 'decimal.Decimal'>)
  Current price: 61.40 (type: <class 'decimal.Decimal'>)
  Portfolio cash: 15028.01060 (type: <class 'decimal.Decimal'>)
Successfully executed NVO
Executing recommendation for AGMH: 337 shares
  Cash allocated: 3484.58 (type: <class 'decimal.Decimal'>)
  Current price: 10.34 (type: <class 'decimal.Decimal'>)
  Portfolio cash: 13122.70720 (type: <class 'decimal.Decimal'>)
Successfully executed AGMH
Executing recommendation for DIS: 2 shares
  Cash allocated: 227.52 (type: <class 'decimal.Decimal'>)
  Current price: 113.76 (type: <class 'decimal.Decimal'>)
  Portfolio cash: 10424.01120 (type: <class 'decimal.Decimal'>)
Successfully executed DIS
Executing recommendation for AGMH: 456 shares
  Cash allocated: 4715.04 (type: <class 'decimal.Decimal'>)
  Current price: 10.34 (type: <class 'decimal.Decimal'>)
  Portfolio cash: 10198.51120 (type: <class 'decimal.Decimal'>)
Successfully executed AGMH
Executing recommendation for DIS: 14 shares
  Cash allocated: 1592.64 (type: <class 'decimal.Decimal'>)
  Current price: 113.76 (type: <class 'decimal.Decimal'>)
  Portfolio cash: 6546.86320 (type: <class 'decimal.Decimal'>)
Successfully executed DIS
Buy all completed: 8 executed, 0 failed
Returning response: {'success': True, 'executed_trades': [{'symbol': 'AGMH', 'shares': 337, 'cost': Decimal('3484.58'), 'trade_id': UUID('29aeeb64-0fde-4ce5-b13e-bac3ee1a320a')}, {'symbol': 'NVO', 'shares': 31, 'cost': Decimal('1903.40'), 'trade_id': UUID('6b13a88b-2aa1-495b-bcfe-368949d464e2')}, {'symbol': 'DIS', 'shares': 2, 'cost': Decimal('227.52'), 'trade_id': UUID('75736348-1481-4081-a488-2c27d53397c7')}, {'symbol': 'NVO', 'shares': 31, 'cost': Decimal('1903.40'), 'trade_id': UUID('4482f8bc-3276-47ba-b14b-563d759e18b1')}, {'symbol': 'AGMH', 'shares': 337, 'cost': Decimal('3484.58'), 'trade_id': UUID('743cfab3-7523-47c6-a6ac-d07b8b695092')}, {'symbol': 'DIS', 'shares': 2, 'cost': Decimal('227.52'), 'trade_id': UUID('9219b123-fb26-44b1-b0e4-43b3731aa434')}, {'symbol': 'AGMH', 'shares': 456, 'cost': Decimal('4715.04'), 'trade_id': UUID('73445df2-d88e-4201-b444-596b0ccdaf63')}, {'symbol': 'DIS', 'shares': 14, 'cost': Decimal('1592.64'), 'trade_id': UUID('6774aabd-1629-4110-bce1-48bbfd7c1a45')}], 'failed_trades': [], 'total_executed': 8, 'total_failed': 0, 'total_cost': 17538.68}
Buy all smart recommendations requested by user: user2
Found 5 pending BUY recommendations
Portfolio cash: $95183.64
Total cost: $14492.80
Executing recommendation for GOOGL: 16 shares
  Cash allocated: 4026.56 (type: <class 'decimal.Decimal'>)
  Current price: 251.66 (type: <class 'decimal.Decimal'>)
  Portfolio cash: 95183.64 (type: <class 'decimal.Decimal'>)
Successfully executed GOOGL
Executing recommendation for NVDA: 18 shares
  Cash allocated: 3180.06 (type: <class 'decimal.Decimal'>)
  Current price: 176.67 (type: <class 'decimal.Decimal'>)
  Portfolio cash: 91153.05344 (type: <class 'decimal.Decimal'>)
Successfully executed NVDA
Executing recommendation for BA: 11 shares
  Cash allocated: 2379.74 (type: <class 'decimal.Decimal'>)
  Current price: 216.34 (type: <class 'decimal.Decimal'>)
  Portfolio cash: 87969.81338 (type: <class 'decimal.Decimal'>)
Successfully executed BA
Executing recommendation for DIS: 22 shares
  Cash allocated: 2469.50 (type: <class 'decimal.Decimal'>)
  Current price: 112.25 (type: <class 'decimal.Decimal'>)
  Portfolio cash: 85587.69364 (type: <class 'decimal.Decimal'>)
Successfully executed DIS
Executing recommendation for NFLX: 2 shares
  Cash allocated: 2436.94 (type: <class 'decimal.Decimal'>)
  Current price: 1218.47 (type: <class 'decimal.Decimal'>)
  Portfolio cash: 83115.72414 (type: <class 'decimal.Decimal'>)
Successfully executed NFLX
Buy all completed: 5 executed, 0 failed
Returning response: {'success': True, 'executed_trades': [{'symbol': 'GOOGL', 'shares': 16, 'cost': Decimal('4026.56'), 'trade_id': UUID('6856acfe-e9ea-4297-a486-5db64caaa9ab')}, {'symbol': 'NVDA', 'shares': 18, 'cost': Decimal('3180.06'), 'trade_id': UUID('75c90e6b-240a-4592-9073-731b6809fe5f')}, {'symbol': 'BA', 'shares': 11, 'cost': Decimal('2379.74'), 'trade_id': UUID('e855236d-875a-4f5b-8e3e-cbf72d139f4a')}, {'symbol': 'DIS', 'shares': 22, 'cost': Decimal('2469.50'), 'trade_id': UUID('071e905b-ee45-412a-9629-47c32f5d9b13')}, {'symbol': 'NFLX', 'shares': 2, 'cost': Decimal('2436.94'), 'trade_id': UUID('5136b75d-5d6a-4f0a-8e43-66cff4e73804')}], 'failed_trades': [], 'total_executed': 5, 'total_failed': 0, 'total_cost': 14492.8}
Buy all smart recommendations requested by user: user1
Found 1 pending BUY recommendations
Portfolio cash: $7191.60
Total cost: $1500.00
Executing recommendation for AAPL: 10 shares
  Cash allocated: 1500.00 (type: <class 'decimal.Decimal'>)
  Current price: 150.00 (type: <class 'decimal.Decimal'>)
  Portfolio cash: 7191.60 (type: <class 'decimal.Decimal'>)
Successfully executed AAPL
Buy all completed: 1 executed, 0 failed
Returning response: {'success': True, 'executed_trades': [{'symbol': 'AAPL', 'shares': 10, 'cost': Decimal('1500.00'), 'trade_id': UUID('22552865-fa7d-4def-9b86-f6f27e251bf5')}], 'failed_trades': [], 'total_executed': 1, 'total_failed': 0, 'total_cost': 1500.0}
FMP API request failed: https://financialmodelingprep.com/api/v3/search - 403 Client Error: Forbidden for url: https://financialmodelingprep.com/api/v3/search?query=AAPL&limit=1&apikey=ynOKFYxumAVxrcJAGhzuN4ZBjCtQcbR7
FMP stock search failed for query 'AAPL': 403 Client Error: Forbidden for url: https://financialmodelingprep.com/api/v3/search?query=AAPL&limit=1&apikey=ynOKFYxumAVxrcJAGhzuN4ZBjCtQcbR7
Created FMP recommendation for AAPL: HOLD
Finnhub API error for AAPL: 403 Client Error: Forbidden for url: https://finnhub.io/api/v1/stock/price-target?symbol=AAPL&token=d35b88pr01qhqkb1ljkgd35b88pr01qhqkb1ljl0
Polygon recommendation for AAPL: BUY
FMP API error for AAPL: 403 Client Error: Forbidden for url: https://financialmodelingprep.com/api/v3/profile/AAPL?apikey=ynOKFYxumAVxrcJAGhzuN4ZBjCtQcbR7
Enhanced Yahoo recommendation for AAPL: BUY
Price target endpoint failed (403), using recommendation data
Finnhub API error for AAPL: 401 Client Error: Unauthorized for url: https://finnhub.io/api/v1/company-news?symbol=AAPL&from=2025-09-21&to=2025-09-28&token=d35b88pr01qhqkb1ljkgd35b88pr01qhqkb1ljl0
Price target endpoint failed (403), using recommendation data
Error analyzing Finnhub data: 'NoneType' object has no attribute 'get'
Finnhub recommendation for AAPL: HOLD
Price target endpoint failed (403), using recommendation data
Error analyzing Finnhub data: 'NoneType' object has no attribute 'get'
Finnhub recommendation for AAPL: HOLD
Price target endpoint failed (403), using recommendation data
Finnhub recommendation for AAPL: BUY
Price target endpoint failed (403), using recommendation data
Finnhub recommendation for AAPL: BUY
Polygon recommendation for AAPL: BUY
FMP API error for AAPL: 403 Client Error: Forbidden for url: https://financialmodelingprep.com/api/v3/profile/AAPL?apikey=ynOKFYxumAVxrcJAGhzuN4ZBjCtQcbR7
Enhanced Yahoo recommendation for AAPL: BUY
Updated quote for AAPL: $255.46
Updated quote for ADAP: $0.147
Updated quote for AGMH: $8.66
Updated quote for AGRI: $3.52
Updated quote for APLT: $1.24
Updated quote for ARKOW: $0.0096
Updated quote for ARQQW: $0.8
Updated quote for ATCH: $0.79
Updated quote for BA: $221.26
Updated quote for BETRW: $0.58
Updated quote for BIAF: $5.29
Updated quote for BIAFW: $0.27
Updated quote for BOXL: $2.61
Updated quote for CJET: $0.1789
Updated quote for CREVW: $0.0278
Updated quote for DFLI: $0.5235
Updated quote for DIS: $113.47
Updated quote for DVLT: $1.09
Updated quote for GDEVW: $0.03
Updated quote for GLB.L: $14.2
Updated quote for GOOGL: $246.54
Updated quote for HOLN.SW: $67.32
Updated quote for ILLRW: $0.0452
Updated quote for INTC: $35.5
Updated quote for KYGA.L: $76.0
Updated quote for LSBPW: $0.0102
Updated quote for LVROW: $0.0484
Updated quote for MBX: $17.51
Updated quote for MRM: $2.94
Updated quote for MSFT: $511.46
Updated quote for NFLX: $1210.61
Updated quote for NRSNW: $0.5743
Updated quote for NUAI: $1.84
Updated quote for NVDA: $178.19
Updated quote for NVO: $55.61
Updated quote for ONMDW: $0.05
Updated quote for OPEN: $8.81
Updated quote for ORIS: $0.2685
Updated quote for PLUG: $2.37
Updated quote for QLGN: $5.06
Updated quote for SDSTW: $0.12
Updated quote for SHOTW: $0.04
Updated quote for SLNH: $2.75
Updated quote for SNAP: $8.27
Updated quote for SOXS: $5.31
Failed to get quote for TL0.DEX: No price data available for TL0.DEX
Failed to update quote for TL0.DEX: Failed to fetch quote for TL0.DEX: No price data available for TL0.DEX
Failed to update TL0.DEX: Failed to fetch quote for TL0.DEX: No price data available for TL0.DEX
Failed to get quote for TL0.FRK: No price data available for TL0.FRK
Failed to update quote for TL0.FRK: Failed to fetch quote for TL0.FRK: No price data available for TL0.FRK
Failed to update TL0.FRK: Failed to fetch quote for TL0.FRK: No price data available for TL0.FRK
Updated quote for TSLA: $440.4
Failed to get quote for TSLA.TRT: No price data available for TSLA.TRT
Failed to update quote for TSLA.TRT: Failed to fetch quote for TSLA.TRT: No price data available for TSLA.TRT
Failed to update TSLA.TRT: Failed to fetch quote for TSLA.TRT: No price data available for TSLA.TRT
Failed to get quote for TSLA34.SAO: No price data available for TSLA34.SAO
Failed to update quote for TSLA34.SAO: Failed to fetch quote for TSLA34.SAO: No price data available for TSLA34.SAO
Failed to update TSLA34.SAO: Failed to fetch quote for TSLA34.SAO: No price data available for TSLA34.SAO
Updated quote for TSLL: $20.71
Updated quote for YAAS: $0.0672
Starting Smart Analysis for user: user1
Successfully retrieved market movers from Alpha Vantage
Found 15 market screening candidates: ['BIAF', 'INTC', 'YAAS', 'SNAP', 'SDSTW', 'DVLT', 'APLT', 'OPEN', 'FOFO', 'NRSNW', 'GPUS', 'GDEVW', 'MRM', 'SOXS', 'NUAI']
Found 15 high-confidence BUY candidates: ['AAPL', 'AAPL', 'AAPL', 'AAPL', 'AAPL', 'AAPL', 'AGRI', 'AAPL', 'DIS', 'AGMH', 'QLGN', 'NUAI', 'APLT', 'MBX', 'DFLI']
Price target endpoint failed (403), using recommendation data
Finnhub recommendation for GOOGL: BUY
Polygon recommendation for GOOGL: BUY
FMP API error for GOOGL: 403 Client Error: Forbidden for url: https://financialmodelingprep.com/api/v3/profile/GOOGL?apikey=ynOKFYxumAVxrcJAGhzuN4ZBjCtQcbR7
Enhanced Yahoo recommendation for GOOGL: STRONG_BUY
Price target endpoint failed (403), using recommendation data
Finnhub recommendation for AAPL: BUY
Polygon recommendation for AAPL: BUY
FMP API error for AAPL: 403 Client Error: Forbidden for url: https://financialmodelingprep.com/api/v3/profile/AAPL?apikey=ynOKFYxumAVxrcJAGhzuN4ZBjCtQcbR7
Enhanced Yahoo recommendation for AAPL: BUY
Price target endpoint failed (403), using recommendation data
Finnhub recommendation for BIAF: SELL
Error fetching Polygon data for BIAF: 429 Client Error: Too Many Requests for url: https://api.polygon.io/v2/aggs/ticker/BIAF/range/1/day/2024-01-01/2024-12-31?apikey=MSVhtqDKV9HyMOdla5UunU2EFs53MweY&limit=50
FMP API error for BIAF: 403 Client Error: Forbidden for url: https://financialmodelingprep.com/api/v3/profile/BIAF?apikey=ynOKFYxumAVxrcJAGhzuN4ZBjCtQcbR7
Enhanced Yahoo recommendation for BIAF: STRONG_SELL
Price target endpoint failed (403), using recommendation data
Finnhub recommendation for INTC: HOLD
Error fetching Polygon data for INTC: 429 Client Error: Too Many Requests for url: https://api.polygon.io/v2/aggs/ticker/INTC/prev?apikey=MSVhtqDKV9HyMOdla5UunU2EFs53MweY
FMP API error for INTC: 403 Client Error: Forbidden for url: https://financialmodelingprep.com/api/v3/profile/INTC?apikey=ynOKFYxumAVxrcJAGhzuN4ZBjCtQcbR7
Enhanced Yahoo recommendation for INTC: SELL
Price target endpoint failed (403), using recommendation data
Finnhub recommendation for YAAS: HOLD
Error fetching Polygon data for YAAS: 429 Client Error: Too Many Requests for url: https://api.polygon.io/v2/aggs/ticker/YAAS/prev?apikey=MSVhtqDKV9HyMOdla5UunU2EFs53MweY
FMP API error for YAAS: 403 Client Error: Forbidden for url: https://financialmodelingprep.com/api/v3/profile/YAAS?apikey=ynOKFYxumAVxrcJAGhzuN4ZBjCtQcbR7
Enhanced Yahoo recommendation for YAAS: HOLD
Price target endpoint failed (403), using recommendation data
Finnhub recommendation for SNAP: HOLD
Error fetching Polygon data for SNAP: 429 Client Error: Too Many Requests for url: https://api.polygon.io/v2/aggs/ticker/SNAP/prev?apikey=MSVhtqDKV9HyMOdla5UunU2EFs53MweY
FMP API error for SNAP: 403 Client Error: Forbidden for url: https://financialmodelingprep.com/api/v3/profile/SNAP?apikey=ynOKFYxumAVxrcJAGhzuN4ZBjCtQcbR7
Enhanced Yahoo recommendation for SNAP: HOLD
Price target endpoint failed (403), using recommendation data
Finnhub recommendation for NFLX: BUY
Error fetching Polygon data for NFLX: 429 Client Error: Too Many Requests for url: https://api.polygon.io/v2/aggs/ticker/NFLX/prev?apikey=MSVhtqDKV9HyMOdla5UunU2EFs53MweY
FMP API error for NFLX: 403 Client Error: Forbidden for url: https://financialmodelingprep.com/api/v3/profile/NFLX?apikey=ynOKFYxumAVxrcJAGhzuN4ZBjCtQcbR7
Enhanced Yahoo recommendation for NFLX: BUY
Price target endpoint failed (403), using recommendation data
Finnhub recommendation for BA: BUY
Error fetching Polygon data for BA: 429 Client Error: Too Many Requests for url: https://api.polygon.io/v2/aggs/ticker/BA/prev?apikey=MSVhtqDKV9HyMOdla5UunU2EFs53MweY
FMP API error for BA: 403 Client Error: Forbidden for url: https://financialmodelingprep.com/api/v3/profile/BA?apikey=ynOKFYxumAVxrcJAGhzuN4ZBjCtQcbR7
Enhanced Yahoo recommendation for BA: BUY
Price target endpoint failed (403), using recommendation data
Finnhub recommendation for DIS: BUY
Error fetching Polygon data for DIS: 429 Client Error: Too Many Requests for url: https://api.polygon.io/v2/aggs/ticker/DIS/prev?apikey=MSVhtqDKV9HyMOdla5UunU2EFs53MweY
FMP API error for DIS: 403 Client Error: Forbidden for url: https://financialmodelingprep.com/api/v3/profile/DIS?apikey=ynOKFYxumAVxrcJAGhzuN4ZBjCtQcbR7
Enhanced Yahoo recommendation for DIS: BUY
Price target endpoint failed (403), using recommendation data
Finnhub recommendation for SDSTW: HOLD
Polygon recommendation for SDSTW: SELL
FMP API error for SDSTW: 403 Client Error: Forbidden for url: https://financialmodelingprep.com/api/v3/profile/SDSTW?apikey=ynOKFYxumAVxrcJAGhzuN4ZBjCtQcbR7
Enhanced Yahoo recommendation for SDSTW: HOLD
Price target endpoint failed (403), using recommendation data
Finnhub recommendation for DVLT: BUY
Polygon recommendation for DVLT: HOLD
FMP API error for DVLT: 403 Client Error: Forbidden for url: https://financialmodelingprep.com/api/v3/profile/DVLT?apikey=ynOKFYxumAVxrcJAGhzuN4ZBjCtQcbR7
Enhanced Yahoo recommendation for DVLT: STRONG_BUY
Price target endpoint failed (403), using recommendation data
Finnhub recommendation for NVO: BUY
Error fetching Polygon data for NVO: 429 Client Error: Too Many Requests for url: https://api.polygon.io/v2/aggs/ticker/NVO/range/1/day/2024-01-01/2024-12-31?apikey=MSVhtqDKV9HyMOdla5UunU2EFs53MweY&limit=50
FMP API error for NVO: 403 Client Error: Forbidden for url: https://financialmodelingprep.com/api/v3/profile/NVO?apikey=ynOKFYxumAVxrcJAGhzuN4ZBjCtQcbR7
Enhanced Yahoo recommendation for NVO: STRONG_BUY
Price target endpoint failed (403), using recommendation data
Finnhub recommendation for APLT: BUY
Error fetching Polygon data for APLT: 429 Client Error: Too Many Requests for url: https://api.polygon.io/v2/aggs/ticker/APLT/prev?apikey=MSVhtqDKV9HyMOdla5UunU2EFs53MweY
FMP API error for APLT: 403 Client Error: Forbidden for url: https://financialmodelingprep.com/api/v3/profile/APLT?apikey=ynOKFYxumAVxrcJAGhzuN4ZBjCtQcbR7
Enhanced Yahoo recommendation for APLT: BUY
Price target endpoint failed (403), using recommendation data
Finnhub recommendation for OPEN: SELL
Error fetching Polygon data for OPEN: 429 Client Error: Too Many Requests for url: https://api.polygon.io/v2/aggs/ticker/OPEN/prev?apikey=MSVhtqDKV9HyMOdla5UunU2EFs53MweY
FMP API error for OPEN: 403 Client Error: Forbidden for url: https://financialmodelingprep.com/api/v3/profile/OPEN?apikey=ynOKFYxumAVxrcJAGhzuN4ZBjCtQcbR7
Enhanced Yahoo recommendation for OPEN: SELL
Auto-creating missing stock: FOFO
Updated quote for FOFO: $45.0
Successfully created and updated stock: FOFO
Price target endpoint failed (403), using recommendation data
Finnhub recommendation for FOFO: HOLD
Error fetching Polygon data for FOFO: 429 Client Error: Too Many Requests for url: https://api.polygon.io/v2/aggs/ticker/FOFO/prev?apikey=MSVhtqDKV9HyMOdla5UunU2EFs53MweY
FMP API error for FOFO: 403 Client Error: Forbidden for url: https://financialmodelingprep.com/api/v3/profile/FOFO?apikey=ynOKFYxumAVxrcJAGhzuN4ZBjCtQcbR7
Enhanced Yahoo recommendation for FOFO: SELL
Price target endpoint failed (403), using recommendation data
Finnhub recommendation for NRSNW: HOLD
Error fetching Polygon data for NRSNW: 429 Client Error: Too Many Requests for url: https://api.polygon.io/v2/aggs/ticker/NRSNW/prev?apikey=MSVhtqDKV9HyMOdla5UunU2EFs53MweY
FMP API error for NRSNW: 403 Client Error: Forbidden for url: https://financialmodelingprep.com/api/v3/profile/NRSNW?apikey=ynOKFYxumAVxrcJAGhzuN4ZBjCtQcbR7
Enhanced Yahoo recommendation for NRSNW: HOLD
Auto-creating missing stock: GPUS
Updated quote for GPUS: $0.4578
Successfully created and updated stock: GPUS
Price target endpoint failed (403), using recommendation data
Finnhub recommendation for GPUS: BUY
Error fetching Polygon data for GPUS: 429 Client Error: Too Many Requests for url: https://api.polygon.io/v2/aggs/ticker/GPUS/prev?apikey=MSVhtqDKV9HyMOdla5UunU2EFs53MweY
FMP API error for GPUS: 403 Client Error: Forbidden for url: https://financialmodelingprep.com/api/v3/profile/GPUS?apikey=ynOKFYxumAVxrcJAGhzuN4ZBjCtQcbR7
Enhanced Yahoo recommendation for GPUS: SELL
Price target endpoint failed (403), using recommendation data
Finnhub recommendation for AGRI: BUY
Error fetching Polygon data for AGRI: 429 Client Error: Too Many Requests for url: https://api.polygon.io/v2/aggs/ticker/AGRI/prev?apikey=MSVhtqDKV9HyMOdla5UunU2EFs53MweY
FMP API error for AGRI: 403 Client Error: Forbidden for url: https://financialmodelingprep.com/api/v3/profile/AGRI?apikey=ynOKFYxumAVxrcJAGhzuN4ZBjCtQcbR7
Enhanced Yahoo recommendation for AGRI: BUY
Price target endpoint failed (403), using recommendation data
Finnhub recommendation for GDEVW: HOLD
Polygon recommendation for GDEVW: SELL
FMP API error for GDEVW: 403 Client Error: Forbidden for url: https://financialmodelingprep.com/api/v3/profile/GDEVW?apikey=ynOKFYxumAVxrcJAGhzuN4ZBjCtQcbR7
Enhanced Yahoo recommendation for GDEVW: BUY
Price target endpoint failed (403), using recommendation data
Finnhub recommendation for QLGN: BUY
Polygon recommendation for QLGN: SELL
FMP API error for QLGN: 403 Client Error: Forbidden for url: https://financialmodelingprep.com/api/v3/profile/QLGN?apikey=ynOKFYxumAVxrcJAGhzuN4ZBjCtQcbR7
Enhanced Yahoo recommendation for QLGN: BUY
Price target endpoint failed (403), using recommendation data
Finnhub recommendation for MBX: BUY
Error fetching Polygon data for MBX: 429 Client Error: Too Many Requests for url: https://api.polygon.io/v2/aggs/ticker/MBX/range/1/day/2024-01-01/2024-12-31?apikey=MSVhtqDKV9HyMOdla5UunU2EFs53MweY&limit=50
FMP API error for MBX: 403 Client Error: Forbidden for url: https://financialmodelingprep.com/api/v3/profile/MBX?apikey=ynOKFYxumAVxrcJAGhzuN4ZBjCtQcbR7
Enhanced Yahoo recommendation for MBX: BUY
Price target endpoint failed (403), using recommendation data
Finnhub recommendation for ONMDW: HOLD
Error fetching Polygon data for ONMDW: 429 Client Error: Too Many Requests for url: https://api.polygon.io/v2/aggs/ticker/ONMDW/prev?apikey=MSVhtqDKV9HyMOdla5UunU2EFs53MweY
FMP API error for ONMDW: 403 Client Error: Forbidden for url: https://financialmodelingprep.com/api/v3/profile/ONMDW?apikey=ynOKFYxumAVxrcJAGhzuN4ZBjCtQcbR7
Enhanced Yahoo recommendation for ONMDW: SELL
Price target endpoint failed (403), using recommendation data
Finnhub recommendation for MRM: BUY
Error fetching Polygon data for MRM: 429 Client Error: Too Many Requests for url: https://api.polygon.io/v2/aggs/ticker/MRM/prev?apikey=MSVhtqDKV9HyMOdla5UunU2EFs53MweY
FMP API error for MRM: 403 Client Error: Forbidden for url: https://financialmodelingprep.com/api/v3/profile/MRM?apikey=ynOKFYxumAVxrcJAGhzuN4ZBjCtQcbR7
Enhanced Yahoo recommendation for MRM: STRONG_BUY
Price target endpoint failed (403), using recommendation data
Finnhub recommendation for ATCH: HOLD
Error fetching Polygon data for ATCH: 429 Client Error: Too Many Requests for url: https://api.polygon.io/v2/aggs/ticker/ATCH/prev?apikey=MSVhtqDKV9HyMOdla5UunU2EFs53MweY
FMP API error for ATCH: 403 Client Error: Forbidden for url: https://financialmodelingprep.com/api/v3/profile/ATCH?apikey=ynOKFYxumAVxrcJAGhzuN4ZBjCtQcbR7
Enhanced Yahoo recommendation for ATCH: BUY
Price target endpoint failed (403), using recommendation data
Finnhub recommendation for SOXS: HOLD
Error fetching Polygon data for SOXS: 429 Client Error: Too Many Requests for url: https://api.polygon.io/v2/aggs/ticker/SOXS/prev?apikey=MSVhtqDKV9HyMOdla5UunU2EFs53MweY
FMP API error for SOXS: 403 Client Error: Forbidden for url: https://financialmodelingprep.com/api/v3/profile/SOXS?apikey=ynOKFYxumAVxrcJAGhzuN4ZBjCtQcbR7
Enhanced Yahoo recommendation for SOXS: HOLD
Price target endpoint failed (403), using recommendation data
Finnhub recommendation for NUAI: HOLD
Error fetching Polygon data for NUAI: 429 Client Error: Too Many Requests for url: https://api.polygon.io/v2/aggs/ticker/NUAI/prev?apikey=MSVhtqDKV9HyMOdla5UunU2EFs53MweY
FMP API error for NUAI: 403 Client Error: Forbidden for url: https://financialmodelingprep.com/api/v3/profile/NUAI?apikey=ynOKFYxumAVxrcJAGhzuN4ZBjCtQcbR7
Enhanced Yahoo recommendation for NUAI: BUY
Price target endpoint failed (403), using recommendation data
Finnhub recommendation for DFLI: BUY
Error fetching Polygon data for DFLI: 429 Client Error: Too Many Requests for url: https://api.polygon.io/v2/aggs/ticker/DFLI/prev?apikey=MSVhtqDKV9HyMOdla5UunU2EFs53MweY
FMP API error for DFLI: 403 Client Error: Forbidden for url: https://financialmodelingprep.com/api/v3/profile/DFLI?apikey=ynOKFYxumAVxrcJAGhzuN4ZBjCtQcbR7
Enhanced Yahoo recommendation for DFLI: BUY
Price target endpoint failed (403), using recommendation data
Finnhub recommendation for MSFT: BUY
Error fetching Polygon data for MSFT: 429 Client Error: Too Many Requests for url: https://api.polygon.io/v2/aggs/ticker/MSFT/prev?apikey=MSVhtqDKV9HyMOdla5UunU2EFs53MweY
FMP API error for MSFT: 403 Client Error: Forbidden for url: https://financialmodelingprep.com/api/v3/profile/MSFT?apikey=ynOKFYxumAVxrcJAGhzuN4ZBjCtQcbR7
Enhanced Yahoo recommendation for MSFT: STRONG_BUY
Price target endpoint failed (403), using recommendation data
Finnhub recommendation for NVDA: BUY
Polygon recommendation for NVDA: BUY
FMP API error for NVDA: 403 Client Error: Forbidden for url: https://financialmodelingprep.com/api/v3/profile/NVDA?apikey=ynOKFYxumAVxrcJAGhzuN4ZBjCtQcbR7
Enhanced Yahoo recommendation for NVDA: STRONG_BUY
Price target endpoint failed (403), using recommendation data
Finnhub recommendation for AGMH: BUY
Polygon recommendation for AGMH: SELL
FMP API error for AGMH: 403 Client Error: Forbidden for url: https://financialmodelingprep.com/api/v3/profile/AGMH?apikey=ynOKFYxumAVxrcJAGhzuN4ZBjCtQcbR7
Enhanced Yahoo recommendation for AGMH: BUY
Smart Analysis completed for user: user1. Generated 5 recommendations
FMP API request failed: https://financialmodelingprep.com/stable/analyst-estimates/AAPL - 404 Client Error: Not Found for url: https://financialmodelingprep.com/stable/analyst-estimates/AAPL?apikey=ynOKFYxumAVxrcJAGhzuN4ZBjCtQcbR7
FMP analyst estimates failed for AAPL: 404 Client Error: Not Found for url: https://financialmodelingprep.com/stable/analyst-estimates/AAPL?apikey=ynOKFYxumAVxrcJAGhzuN4ZBjCtQcbR7
FMP API request failed: https://financialmodelingprep.com/stable/price-target-consensus - 400 Client Error: Bad Request for url: https://financialmodelingprep.com/stable/price-target-consensus?apikey=ynOKFYxumAVxrcJAGhzuN4ZBjCtQcbR7
FMP price target failed for AAPL: 400 Client Error: Bad Request for url: https://financialmodelingprep.com/stable/price-target-consensus?apikey=ynOKFYxumAVxrcJAGhzuN4ZBjCtQcbR7
Buy all smart recommendations requested by user: user1
Found 5 pending BUY recommendations
Portfolio cash: $4644.76
Total cost: $925.36
Executing recommendation for MRM: 81 shares
  Cash allocated: 238.14 (type: <class 'decimal.Decimal'>)
  Current price: 2.94 (type: <class 'decimal.Decimal'>)
  Portfolio cash: 4644.76 (type: <class 'decimal.Decimal'>)
Successfully executed MRM
Executing recommendation for DFLI: 361 shares
  Cash allocated: 187.72 (type: <class 'decimal.Decimal'>)
  Current price: 0.52 (type: <class 'decimal.Decimal'>)
  Portfolio cash: 4405.62 (type: <class 'decimal.Decimal'>)
Successfully executed DFLI
Executing recommendation for APLT: 151 shares
  Cash allocated: 187.24 (type: <class 'decimal.Decimal'>)
  Current price: 1.24 (type: <class 'decimal.Decimal'>)
  Portfolio cash: 4216.90 (type: <class 'decimal.Decimal'>)
Successfully executed APLT
Executing recommendation for DVLT: 170 shares
  Cash allocated: 185.30 (type: <class 'decimal.Decimal'>)
  Current price: 1.09 (type: <class 'decimal.Decimal'>)
  Portfolio cash: 4028.66 (type: <class 'decimal.Decimal'>)
Successfully executed DVLT
Executing recommendation for GPUS: 276 shares
  Cash allocated: 126.96 (type: <class 'decimal.Decimal'>)
  Current price: 0.46 (type: <class 'decimal.Decimal'>)
  Portfolio cash: 3842.36 (type: <class 'decimal.Decimal'>)
Successfully executed GPUS
Buy all completed: 5 executed, 0 failed
Returning response: {'success': True, 'executed_trades': [{'symbol': 'MRM', 'shares': 81, 'cost': Decimal('238.14'), 'trade_id': UUID('8cb2ce80-77a1-4fa8-8250-4f2a5a9ded8a')}, {'symbol': 'DFLI', 'shares': 361, 'cost': Decimal('187.72'), 'trade_id': UUID('0dcc5daa-87d6-416c-b7ce-bec7850a81bd')}, {'symbol': 'APLT', 'shares': 151, 'cost': Decimal('187.24'), 'trade_id': UUID('e353ba4a-179a-43d8-b234-7c3558f38d9b')}, {'symbol': 'DVLT', 'shares': 170, 'cost': Decimal('185.30'), 'trade_id': UUID('a9940ae1-e04c-44aa-b562-6c508c5c5275')}, {'symbol': 'GPUS', 'shares': 276, 'cost': Decimal('126.96'), 'trade_id': UUID('bd7d93f3-73fa-473c-8e0b-dd087a804ec6')}], 'failed_trades': [], 'total_executed': 5, 'total_failed': 0, 'total_cost': 925.36}
FMP API request failed: https://financialmodelingprep.com/api/v3/analyst-estimates/AAPL - 403 Client Error: Forbidden for url: https://financialmodelingprep.com/api/v3/analyst-estimates/AAPL?apikey=ynOKFYxumAVxrcJAGhzuN4ZBjCtQcbR7
FMP analyst estimates failed for AAPL: 403 Client Error: Forbidden for url: https://financialmodelingprep.com/api/v3/analyst-estimates/AAPL?apikey=ynOKFYxumAVxrcJAGhzuN4ZBjCtQcbR7
FMP API request failed: https://financialmodelingprep.com/api/v3/price-target-consensus - 403 Client Error: Forbidden for url: https://financialmodelingprep.com/api/v3/price-target-consensus?apikey=ynOKFYxumAVxrcJAGhzuN4ZBjCtQcbR7
FMP price target failed for AAPL: 403 Client Error: Forbidden for url: https://financialmodelingprep.com/api/v3/price-target-consensus?apikey=ynOKFYxumAVxrcJAGhzuN4ZBjCtQcbR7
Updated quote for AAPL: $255.46
Updated quote for ADAP: $0.147
Updated quote for AGMH: $8.66
Updated quote for AGRI: $3.52
Updated quote for APLT: $1.24
Updated quote for ARKOW: $0.0096
Updated quote for ARQQW: $0.8
Updated quote for ATCH: $0.79
Updated quote for BA: $221.26
Updated quote for BETRW: $0.58
Updated quote for BIAF: $5.29
Updated quote for BIAFW: $0.27
Updated quote for BOXL: $2.61
Updated quote for CJET: $0.1789
Updated quote for CREVW: $0.0278
Updated quote for DFLI: $0.5235
Updated quote for DIS: $113.47
Updated quote for DVLT: $1.09
Updated quote for FOFO: $45.0
Updated quote for GDEVW: $0.03
Updated quote for GLB.L: $14.12
Updated quote for GOOGL: $246.54
Updated quote for GPUS: $0.4578
Updated quote for HOLN.SW: $67.88
Updated quote for ILLRW: $0.0452
Updated quote for INTC: $35.5
Updated quote for KYGA.L: $75.8
Updated quote for LSBPW: $0.0102
Updated quote for LVROW: $0.0484
Updated quote for MBX: $17.51
Updated quote for MRM: $2.94
Updated quote for MSFT: $511.46
Updated quote for NFLX: $1210.61
Updated quote for NRSNW: $0.5743
Updated quote for NUAI: $1.84
Updated quote for NVDA: $178.19
Updated quote for NVO: $55.61
Updated quote for ONMDW: $0.05
Updated quote for OPEN: $8.81
Updated quote for ORIS: $0.2685
Updated quote for PLUG: $2.37
Updated quote for QLGN: $5.06
Updated quote for SDSTW: $0.12
Updated quote for SHOTW: $0.04
Updated quote for SLNH: $2.75
Updated quote for SNAP: $8.27
Updated quote for SOXS: $5.31
Failed to get quote for TL0.DEX: No price data available for TL0.DEX
Failed to update quote for TL0.DEX: Failed to fetch quote for TL0.DEX: No price data available for TL0.DEX
Failed to update TL0.DEX: Failed to fetch quote for TL0.DEX: No price data available for TL0.DEX
Failed to get quote for TL0.FRK: No price data available for TL0.FRK
Failed to update quote for TL0.FRK: Failed to fetch quote for TL0.FRK: No price data available for TL0.FRK
Failed to update TL0.FRK: Failed to fetch quote for TL0.FRK: No price data available for TL0.FRK
Updated quote for TSLA: $440.4
Failed to get quote for TSLA.TRT: No price data available for TSLA.TRT
Failed to update quote for TSLA.TRT: Failed to fetch quote for TSLA.TRT: No price data available for TSLA.TRT
Failed to update TSLA.TRT: Failed to fetch quote for TSLA.TRT: No price data available for TSLA.TRT
Failed to get quote for TSLA34.SAO: No price data available for TSLA34.SAO
Failed to update quote for TSLA34.SAO: Failed to fetch quote for TSLA34.SAO: No price data available for TSLA34.SAO
Failed to update TSLA34.SAO: Failed to fetch quote for TSLA34.SAO: No price data available for TSLA34.SAO
Updated quote for TSLL: $20.71
Updated quote for YAAS: $0.0672
Starting Smart Analysis for user: testuser
Best-buy-only mode: Skipping existing holdings analysis
Successfully retrieved market movers from Alpha Vantage
Found 15 market screening candidates: ['FOFO', 'SDSTW', 'SOXS', 'APLT', 'OPEN', 'NRSNW', 'GPUS', 'AQMS', 'DFLI', 'YAAS', 'NUAI', 'PXSAW', 'BIAFW', 'MRM', 'GDEVW']
Best-buy-only mode: Skipping sell candidates analysis
Found 15 high-confidence BUY candidates: ['AGMH', 'AGMH', 'NVDA', 'NVDA', 'MSFT', 'DFLI', 'DFLI', 'NUAI', 'ATCH', 'MRM', 'MBX', 'MBX', 'QLGN', 'QLGN', 'GDEVW']
Yahoo Finance validation passed for AGMH
Price target endpoint failed (403), using recommendation data
Finnhub recommendation for AGMH: BUY
Polygon recommendation for AGMH: SELL
FMP API error for AGMH: 403 Client Error: Forbidden for url: https://financialmodelingprep.com/api/v3/profile/AGMH?apikey=ynOKFYxumAVxrcJAGhzuN4ZBjCtQcbR7
Enhanced Yahoo recommendation for AGMH: BUY
Yahoo Finance validation passed for FOFO
Price target endpoint failed (403), using recommendation data
Finnhub recommendation for FOFO: HOLD
Polygon recommendation for FOFO: HOLD
FMP API error for FOFO: 403 Client Error: Forbidden for url: https://financialmodelingprep.com/api/v3/profile/FOFO?apikey=ynOKFYxumAVxrcJAGhzuN4ZBjCtQcbR7
Enhanced Yahoo recommendation for FOFO: SELL
Yahoo Finance validation passed for SDSTW
Price target endpoint failed (403), using recommendation data
Finnhub recommendation for SDSTW: HOLD
Error fetching Polygon data for SDSTW: 429 Client Error: Too Many Requests for url: https://api.polygon.io/v2/aggs/ticker/SDSTW/range/1/day/2024-01-01/2024-12-31?apikey=MSVhtqDKV9HyMOdla5UunU2EFs53MweY&limit=50
FMP API error for SDSTW: 403 Client Error: Forbidden for url: https://financialmodelingprep.com/api/v3/profile/SDSTW?apikey=ynOKFYxumAVxrcJAGhzuN4ZBjCtQcbR7
Enhanced Yahoo recommendation for SDSTW: HOLD
Yahoo Finance validation passed for SOXS
Price target endpoint failed (403), using recommendation data
Finnhub recommendation for SOXS: HOLD
Error fetching Polygon data for SOXS: 429 Client Error: Too Many Requests for url: https://api.polygon.io/v2/aggs/ticker/SOXS/prev?apikey=MSVhtqDKV9HyMOdla5UunU2EFs53MweY
FMP API error for SOXS: 403 Client Error: Forbidden for url: https://financialmodelingprep.com/api/v3/profile/SOXS?apikey=ynOKFYxumAVxrcJAGhzuN4ZBjCtQcbR7
Enhanced Yahoo recommendation for SOXS: HOLD
Yahoo Finance validation passed for APLT
Price target endpoint failed (403), using recommendation data
Finnhub recommendation for APLT: BUY
Error fetching Polygon data for APLT: 429 Client Error: Too Many Requests for url: https://api.polygon.io/v2/aggs/ticker/APLT/prev?apikey=MSVhtqDKV9HyMOdla5UunU2EFs53MweY
FMP API error for APLT: 403 Client Error: Forbidden for url: https://financialmodelingprep.com/api/v3/profile/APLT?apikey=ynOKFYxumAVxrcJAGhzuN4ZBjCtQcbR7
Enhanced Yahoo recommendation for APLT: BUY
Yahoo Finance validation passed for ATCH
Price target endpoint failed (403), using recommendation data
Finnhub recommendation for ATCH: HOLD
Error fetching Polygon data for ATCH: 429 Client Error: Too Many Requests for url: https://api.polygon.io/v2/aggs/ticker/ATCH/prev?apikey=MSVhtqDKV9HyMOdla5UunU2EFs53MweY
FMP API error for ATCH: 403 Client Error: Forbidden for url: https://financialmodelingprep.com/api/v3/profile/ATCH?apikey=ynOKFYxumAVxrcJAGhzuN4ZBjCtQcbR7
Enhanced Yahoo recommendation for ATCH: BUY
Yahoo Finance validation passed for OPEN
Price target endpoint failed (403), using recommendation data
Finnhub recommendation for OPEN: SELL
Error fetching Polygon data for OPEN: 429 Client Error: Too Many Requests for url: https://api.polygon.io/v2/aggs/ticker/OPEN/prev?apikey=MSVhtqDKV9HyMOdla5UunU2EFs53MweY
FMP API error for OPEN: 403 Client Error: Forbidden for url: https://financialmodelingprep.com/api/v3/profile/OPEN?apikey=ynOKFYxumAVxrcJAGhzuN4ZBjCtQcbR7
Enhanced Yahoo recommendation for OPEN: SELL
Yahoo Finance validation passed for NRSNW
Price target endpoint failed (403), using recommendation data
Finnhub recommendation for NRSNW: HOLD
Error fetching Polygon data for NRSNW: 429 Client Error: Too Many Requests for url: https://api.polygon.io/v2/aggs/ticker/NRSNW/prev?apikey=MSVhtqDKV9HyMOdla5UunU2EFs53MweY
FMP API error for NRSNW: 403 Client Error: Forbidden for url: https://financialmodelingprep.com/api/v3/profile/NRSNW?apikey=ynOKFYxumAVxrcJAGhzuN4ZBjCtQcbR7
Enhanced Yahoo recommendation for NRSNW: HOLD
Yahoo Finance validation passed for GPUS
Price target endpoint failed (403), using recommendation data
Finnhub recommendation for GPUS: BUY
Polygon recommendation for GPUS: SELL
FMP API error for GPUS: 403 Client Error: Forbidden for url: https://financialmodelingprep.com/api/v3/profile/GPUS?apikey=ynOKFYxumAVxrcJAGhzuN4ZBjCtQcbR7
Enhanced Yahoo recommendation for GPUS: SELL
Yahoo Finance validation passed for MSFT
Price target endpoint failed (403), using recommendation data
Finnhub recommendation for MSFT: BUY
Polygon recommendation for MSFT: BUY
FMP API error for MSFT: 403 Client Error: Forbidden for url: https://financialmodelingprep.com/api/v3/profile/MSFT?apikey=ynOKFYxumAVxrcJAGhzuN4ZBjCtQcbR7
Enhanced Yahoo recommendation for MSFT: STRONG_BUY
Yahoo Finance validation passed for AQMS
Auto-creating missing stock: AQMS
Yahoo Finance validation passed for AQMS
Updated quote for AQMS: $7.3
Successfully created and updated stock: AQMS
Price target endpoint failed (403), using recommendation data
Finnhub recommendation for AQMS: BUY
Error fetching Polygon data for AQMS: 429 Client Error: Too Many Requests for url: https://api.polygon.io/v2/aggs/ticker/AQMS/range/1/day/2024-01-01/2024-12-31?apikey=MSVhtqDKV9HyMOdla5UunU2EFs53MweY&limit=50
FMP API error for AQMS: 403 Client Error: Forbidden for url: https://financialmodelingprep.com/api/v3/profile/AQMS?apikey=ynOKFYxumAVxrcJAGhzuN4ZBjCtQcbR7
Enhanced Yahoo recommendation for AQMS: HOLD
Yahoo Finance validation passed for DFLI
Price target endpoint failed (403), using recommendation data
Finnhub recommendation for DFLI: BUY
Error fetching Polygon data for DFLI: 429 Client Error: Too Many Requests for url: https://api.polygon.io/v2/aggs/ticker/DFLI/prev?apikey=MSVhtqDKV9HyMOdla5UunU2EFs53MweY
FMP API error for DFLI: 403 Client Error: Forbidden for url: https://financialmodelingprep.com/api/v3/profile/DFLI?apikey=ynOKFYxumAVxrcJAGhzuN4ZBjCtQcbR7
Enhanced Yahoo recommendation for DFLI: BUY
Yahoo Finance validation passed for YAAS
Price target endpoint failed (403), using recommendation data
Finnhub recommendation for YAAS: HOLD
Error fetching Polygon data for YAAS: 429 Client Error: Too Many Requests for url: https://api.polygon.io/v2/aggs/ticker/YAAS/prev?apikey=MSVhtqDKV9HyMOdla5UunU2EFs53MweY
FMP API error for YAAS: 403 Client Error: Forbidden for url: https://financialmodelingprep.com/api/v3/profile/YAAS?apikey=ynOKFYxumAVxrcJAGhzuN4ZBjCtQcbR7
Enhanced Yahoo recommendation for YAAS: HOLD
Yahoo Finance validation passed for NUAI
Price target endpoint failed (403), using recommendation data
Finnhub recommendation for NUAI: HOLD
Error fetching Polygon data for NUAI: 429 Client Error: Too Many Requests for url: https://api.polygon.io/v2/aggs/ticker/NUAI/prev?apikey=MSVhtqDKV9HyMOdla5UunU2EFs53MweY
FMP API error for NUAI: 403 Client Error: Forbidden for url: https://financialmodelingprep.com/api/v3/profile/NUAI?apikey=ynOKFYxumAVxrcJAGhzuN4ZBjCtQcbR7
Enhanced Yahoo recommendation for NUAI: BUY
Yahoo Finance validation passed for PXSAW
Auto-creating missing stock: PXSAW
Yahoo Finance validation passed for PXSAW
Updated quote for PXSAW: $0.0086
Successfully created and updated stock: PXSAW
Price target endpoint failed (403), using recommendation data
Finnhub recommendation for PXSAW: HOLD
Error fetching Polygon data for PXSAW: 429 Client Error: Too Many Requests for url: https://api.polygon.io/v2/aggs/ticker/PXSAW/prev?apikey=MSVhtqDKV9HyMOdla5UunU2EFs53MweY
FMP API error for PXSAW: 403 Client Error: Forbidden for url: https://financialmodelingprep.com/api/v3/profile/PXSAW?apikey=ynOKFYxumAVxrcJAGhzuN4ZBjCtQcbR7
Enhanced Yahoo recommendation for PXSAW: SELL
Yahoo Finance validation passed for BIAFW
Price target endpoint failed (403), using recommendation data
Finnhub recommendation for BIAFW: HOLD
Error fetching Polygon data for BIAFW: 429 Client Error: Too Many Requests for url: https://api.polygon.io/v2/aggs/ticker/BIAFW/prev?apikey=MSVhtqDKV9HyMOdla5UunU2EFs53MweY
FMP API error for BIAFW: 403 Client Error: Forbidden for url: https://financialmodelingprep.com/api/v3/profile/BIAFW?apikey=ynOKFYxumAVxrcJAGhzuN4ZBjCtQcbR7
Enhanced Yahoo recommendation for BIAFW: SELL
Yahoo Finance validation passed for MRM
Price target endpoint failed (403), using recommendation data
Finnhub recommendation for MRM: BUY
Error fetching Polygon data for MRM: 429 Client Error: Too Many Requests for url: https://api.polygon.io/v2/aggs/ticker/MRM/prev?apikey=MSVhtqDKV9HyMOdla5UunU2EFs53MweY
FMP API error for MRM: 403 Client Error: Forbidden for url: https://financialmodelingprep.com/api/v3/profile/MRM?apikey=ynOKFYxumAVxrcJAGhzuN4ZBjCtQcbR7
Enhanced Yahoo recommendation for MRM: STRONG_BUY
Yahoo Finance validation passed for GDEVW
Price target endpoint failed (403), using recommendation data
Finnhub recommendation for GDEVW: HOLD
Polygon recommendation for GDEVW: SELL
FMP API error for GDEVW: 403 Client Error: Forbidden for url: https://financialmodelingprep.com/api/v3/profile/GDEVW?apikey=ynOKFYxumAVxrcJAGhzuN4ZBjCtQcbR7
Enhanced Yahoo recommendation for GDEVW: BUY
Yahoo Finance validation passed for QLGN
Price target endpoint failed (403), using recommendation data
Finnhub recommendation for QLGN: BUY
Polygon recommendation for QLGN: SELL
FMP API error for QLGN: 403 Client Error: Forbidden for url: https://financialmodelingprep.com/api/v3/profile/QLGN?apikey=ynOKFYxumAVxrcJAGhzuN4ZBjCtQcbR7
Enhanced Yahoo recommendation for QLGN: BUY
Yahoo Finance validation passed for MBX
Price target endpoint failed (403), using recommendation data
Finnhub recommendation for MBX: BUY
Error fetching Polygon data for MBX: 429 Client Error: Too Many Requests for url: https://api.polygon.io/v2/aggs/ticker/MBX/range/1/day/2024-01-01/2024-12-31?apikey=MSVhtqDKV9HyMOdla5UunU2EFs53MweY&limit=50
FMP API error for MBX: 403 Client Error: Forbidden for url: https://financialmodelingprep.com/api/v3/profile/MBX?apikey=ynOKFYxumAVxrcJAGhzuN4ZBjCtQcbR7
Enhanced Yahoo recommendation for MBX: BUY
Yahoo Finance validation passed for NVDA
Price target endpoint failed (403), using recommendation data
Finnhub recommendation for NVDA: BUY
Error fetching Polygon data for NVDA: 429 Client Error: Too Many Requests for url: https://api.polygon.io/v2/aggs/ticker/NVDA/prev?apikey=MSVhtqDKV9HyMOdla5UunU2EFs53MweY
FMP API error for NVDA: 403 Client Error: Forbidden for url: https://financialmodelingprep.com/api/v3/profile/NVDA?apikey=ynOKFYxumAVxrcJAGhzuN4ZBjCtQcbR7
Enhanced Yahoo recommendation for NVDA: STRONG_BUY
Filtering out micro-cap stock: AGMH (market cap: $20,412,814, min: $100,000,000)
Filtering out penny stock: APLT (price: $1.24, min: $5.00)
Filtering out penny stock: DFLI (price: $0.52, min: $5.00)
Filtering out penny stock: MRM (price: $2.94, min: $5.00)
Filtering out micro-cap stock: QLGN (market cap: $9,375,839, min: $100,000,000)
Smart Analysis completed for user: testuser. Generated 0 recommendations
Starting Smart Analysis for user: user2
Best-buy-only mode: Skipping existing holdings analysis
Successfully retrieved market movers from Alpha Vantage
Found 15 market screening candidates: ['PXSAW', 'AQMS', 'NRSNW', 'SDSTW', 'GPUS', 'DVLT', 'BIAFW', 'OPEN', 'SOXS', 'GDEVW', 'FOFO', 'APLT', 'BIAF', 'YAAS', 'DFLI']
Best-buy-only mode: Skipping sell candidates analysis
Found 15 high-confidence BUY candidates: ['NVDA', 'MBX', 'MBX', 'QLGN', 'QLGN', 'GDEVW', 'MRM', 'NUAI', 'DFLI', 'DFLI', 'AQMS', 'MSFT', 'MSFT', 'GPUS', 'ATCH']
Yahoo Finance validation passed for PXSAW
Price target endpoint failed (403), using recommendation data
Finnhub recommendation for PXSAW: HOLD
Polygon recommendation for PXSAW: SELL
FMP API error for PXSAW: 403 Client Error: Forbidden for url: https://financialmodelingprep.com/api/v3/profile/PXSAW?apikey=ynOKFYxumAVxrcJAGhzuN4ZBjCtQcbR7
Enhanced Yahoo recommendation for PXSAW: SELL
Yahoo Finance validation passed for AQMS
Price target endpoint failed (403), using recommendation data
Finnhub recommendation for AQMS: BUY
Polygon recommendation for AQMS: SELL
FMP API error for AQMS: 403 Client Error: Forbidden for url: https://financialmodelingprep.com/api/v3/profile/AQMS?apikey=ynOKFYxumAVxrcJAGhzuN4ZBjCtQcbR7
Enhanced Yahoo recommendation for AQMS: HOLD
Yahoo Finance validation passed for ATCH
Price target endpoint failed (403), using recommendation data
Finnhub recommendation for ATCH: HOLD
Error fetching Polygon data for ATCH: 429 Client Error: Too Many Requests for url: https://api.polygon.io/v2/aggs/ticker/ATCH/range/1/day/2024-01-01/2024-12-31?apikey=MSVhtqDKV9HyMOdla5UunU2EFs53MweY&limit=50
FMP API error for ATCH: 403 Client Error: Forbidden for url: https://financialmodelingprep.com/api/v3/profile/ATCH?apikey=ynOKFYxumAVxrcJAGhzuN4ZBjCtQcbR7
Enhanced Yahoo recommendation for ATCH: BUY
Yahoo Finance validation passed for NRSNW
Price target endpoint failed (403), using recommendation data
Finnhub recommendation for NRSNW: HOLD
Error fetching Polygon data for NRSNW: 429 Client Error: Too Many Requests for url: https://api.polygon.io/v2/aggs/ticker/NRSNW/prev?apikey=MSVhtqDKV9HyMOdla5UunU2EFs53MweY
FMP API error for NRSNW: 403 Client Error: Forbidden for url: https://financialmodelingprep.com/api/v3/profile/NRSNW?apikey=ynOKFYxumAVxrcJAGhzuN4ZBjCtQcbR7
Enhanced Yahoo recommendation for NRSNW: HOLD
Yahoo Finance validation passed for SDSTW
Price target endpoint failed (403), using recommendation data
Finnhub recommendation for SDSTW: HOLD
Error fetching Polygon data for SDSTW: 429 Client Error: Too Many Requests for url: https://api.polygon.io/v2/aggs/ticker/SDSTW/prev?apikey=MSVhtqDKV9HyMOdla5UunU2EFs53MweY
FMP API error for SDSTW: 403 Client Error: Forbidden for url: https://financialmodelingprep.com/api/v3/profile/SDSTW?apikey=ynOKFYxumAVxrcJAGhzuN4ZBjCtQcbR7
Enhanced Yahoo recommendation for SDSTW: HOLD
Yahoo Finance validation passed for GPUS
Price target endpoint failed (403), using recommendation data
Finnhub recommendation for GPUS: BUY
Error fetching Polygon data for GPUS: 429 Client Error: Too Many Requests for url: https://api.polygon.io/v2/aggs/ticker/GPUS/prev?apikey=MSVhtqDKV9HyMOdla5UunU2EFs53MweY
FMP API error for GPUS: 403 Client Error: Forbidden for url: https://financialmodelingprep.com/api/v3/profile/GPUS?apikey=ynOKFYxumAVxrcJAGhzuN4ZBjCtQcbR7
Enhanced Yahoo recommendation for GPUS: SELL
Yahoo Finance validation passed for MBX
Price target endpoint failed (403), using recommendation data
Finnhub recommendation for MBX: BUY
Error fetching Polygon data for MBX: 429 Client Error: Too Many Requests for url: https://api.polygon.io/v2/aggs/ticker/MBX/prev?apikey=MSVhtqDKV9HyMOdla5UunU2EFs53MweY
FMP API error for MBX: 403 Client Error: Forbidden for url: https://financialmodelingprep.com/api/v3/profile/MBX?apikey=ynOKFYxumAVxrcJAGhzuN4ZBjCtQcbR7
Enhanced Yahoo recommendation for MBX: BUY
Yahoo Finance validation passed for DVLT
Price target endpoint failed (403), using recommendation data
Finnhub recommendation for DVLT: BUY
Error fetching Polygon data for DVLT: 429 Client Error: Too Many Requests for url: https://api.polygon.io/v2/aggs/ticker/DVLT/prev?apikey=MSVhtqDKV9HyMOdla5UunU2EFs53MweY
FMP API error for DVLT: 403 Client Error: Forbidden for url: https://financialmodelingprep.com/api/v3/profile/DVLT?apikey=ynOKFYxumAVxrcJAGhzuN4ZBjCtQcbR7
Enhanced Yahoo recommendation for DVLT: STRONG_BUY
Yahoo Finance validation passed for BIAFW
Price target endpoint failed (403), using recommendation data
Finnhub recommendation for BIAFW: HOLD
Error fetching Polygon data for BIAFW: 429 Client Error: Too Many Requests for url: https://api.polygon.io/v2/aggs/ticker/BIAFW/prev?apikey=MSVhtqDKV9HyMOdla5UunU2EFs53MweY
FMP API error for BIAFW: 403 Client Error: Forbidden for url: https://financialmodelingprep.com/api/v3/profile/BIAFW?apikey=ynOKFYxumAVxrcJAGhzuN4ZBjCtQcbR7
Enhanced Yahoo recommendation for BIAFW: SELL
Yahoo Finance validation passed for OPEN
Price target endpoint failed (403), using recommendation data
Finnhub recommendation for OPEN: SELL
Polygon recommendation for OPEN: BUY
FMP API error for OPEN: 403 Client Error: Forbidden for url: https://financialmodelingprep.com/api/v3/profile/OPEN?apikey=ynOKFYxumAVxrcJAGhzuN4ZBjCtQcbR7
Enhanced Yahoo recommendation for OPEN: SELL
Yahoo Finance validation passed for SOXS
Price target endpoint failed (403), using recommendation data
Finnhub recommendation for SOXS: HOLD
Polygon recommendation for SOXS: HOLD
FMP API error for SOXS: 403 Client Error: Forbidden for url: https://financialmodelingprep.com/api/v3/profile/SOXS?apikey=ynOKFYxumAVxrcJAGhzuN4ZBjCtQcbR7
Enhanced Yahoo recommendation for SOXS: HOLD
Yahoo Finance validation passed for GDEVW
Price target endpoint failed (403), using recommendation data
Finnhub recommendation for GDEVW: HOLD
Error fetching Polygon data for GDEVW: 429 Client Error: Too Many Requests for url: https://api.polygon.io/v2/aggs/ticker/GDEVW/range/1/day/2024-01-01/2024-12-31?apikey=MSVhtqDKV9HyMOdla5UunU2EFs53MweY&limit=50
FMP API error for GDEVW: 403 Client Error: Forbidden for url: https://financialmodelingprep.com/api/v3/profile/GDEVW?apikey=ynOKFYxumAVxrcJAGhzuN4ZBjCtQcbR7
Enhanced Yahoo recommendation for GDEVW: BUY
Yahoo Finance validation passed for FOFO
Price target endpoint failed (403), using recommendation data
Finnhub recommendation for FOFO: HOLD
Error fetching Polygon data for FOFO: 429 Client Error: Too Many Requests for url: https://api.polygon.io/v2/aggs/ticker/FOFO/prev?apikey=MSVhtqDKV9HyMOdla5UunU2EFs53MweY
FMP API error for FOFO: 403 Client Error: Forbidden for url: https://financialmodelingprep.com/api/v3/profile/FOFO?apikey=ynOKFYxumAVxrcJAGhzuN4ZBjCtQcbR7
Enhanced Yahoo recommendation for FOFO: SELL
Yahoo Finance validation passed for APLT
Price target endpoint failed (403), using recommendation data
Finnhub recommendation for APLT: BUY
Error fetching Polygon data for APLT: 429 Client Error: Too Many Requests for url: https://api.polygon.io/v2/aggs/ticker/APLT/prev?apikey=MSVhtqDKV9HyMOdla5UunU2EFs53MweY
FMP API error for APLT: 403 Client Error: Forbidden for url: https://financialmodelingprep.com/api/v3/profile/APLT?apikey=ynOKFYxumAVxrcJAGhzuN4ZBjCtQcbR7
Enhanced Yahoo recommendation for APLT: BUY
Yahoo Finance validation passed for BIAF
Price target endpoint failed (403), using recommendation data
Finnhub recommendation for BIAF: SELL
Error fetching Polygon data for BIAF: 429 Client Error: Too Many Requests for url: https://api.polygon.io/v2/aggs/ticker/BIAF/prev?apikey=MSVhtqDKV9HyMOdla5UunU2EFs53MweY
FMP API error for BIAF: 403 Client Error: Forbidden for url: https://financialmodelingprep.com/api/v3/profile/BIAF?apikey=ynOKFYxumAVxrcJAGhzuN4ZBjCtQcbR7
Enhanced Yahoo recommendation for BIAF: STRONG_SELL
Yahoo Finance validation passed for YAAS
Price target endpoint failed (403), using recommendation data
Finnhub recommendation for YAAS: HOLD
Error fetching Polygon data for YAAS: 429 Client Error: Too Many Requests for url: https://api.polygon.io/v2/aggs/ticker/YAAS/prev?apikey=MSVhtqDKV9HyMOdla5UunU2EFs53MweY
FMP API error for YAAS: 403 Client Error: Forbidden for url: https://financialmodelingprep.com/api/v3/profile/YAAS?apikey=ynOKFYxumAVxrcJAGhzuN4ZBjCtQcbR7
Enhanced Yahoo recommendation for YAAS: HOLD
Yahoo Finance validation passed for DFLI
Price target endpoint failed (403), using recommendation data
Finnhub recommendation for DFLI: BUY
Error fetching Polygon data for DFLI: 429 Client Error: Too Many Requests for url: https://api.polygon.io/v2/aggs/ticker/DFLI/prev?apikey=MSVhtqDKV9HyMOdla5UunU2EFs53MweY
FMP API error for DFLI: 403 Client Error: Forbidden for url: https://financialmodelingprep.com/api/v3/profile/DFLI?apikey=ynOKFYxumAVxrcJAGhzuN4ZBjCtQcbR7
Enhanced Yahoo recommendation for DFLI: BUY
Yahoo Finance validation passed for NUAI
Price target endpoint failed (403), using recommendation data
Finnhub recommendation for NUAI: HOLD
Error fetching Polygon data for NUAI: 429 Client Error: Too Many Requests for url: https://api.polygon.io/v2/aggs/ticker/NUAI/prev?apikey=MSVhtqDKV9HyMOdla5UunU2EFs53MweY
FMP API error for NUAI: 403 Client Error: Forbidden for url: https://financialmodelingprep.com/api/v3/profile/NUAI?apikey=ynOKFYxumAVxrcJAGhzuN4ZBjCtQcbR7
Enhanced Yahoo recommendation for NUAI: BUY
Yahoo Finance validation passed for MSFT
Price target endpoint failed (403), using recommendation data
Finnhub recommendation for MSFT: BUY
Error fetching Polygon data for MSFT: 429 Client Error: Too Many Requests for url: https://api.polygon.io/v2/aggs/ticker/MSFT/prev?apikey=MSVhtqDKV9HyMOdla5UunU2EFs53MweY
FMP API error for MSFT: 403 Client Error: Forbidden for url: https://financialmodelingprep.com/api/v3/profile/MSFT?apikey=ynOKFYxumAVxrcJAGhzuN4ZBjCtQcbR7
Enhanced Yahoo recommendation for MSFT: STRONG_BUY
Yahoo Finance validation passed for NVDA
Price target endpoint failed (403), using recommendation data
Finnhub recommendation for NVDA: BUY
Polygon recommendation for NVDA: BUY
FMP API error for NVDA: 403 Client Error: Forbidden for url: https://financialmodelingprep.com/api/v3/profile/NVDA?apikey=ynOKFYxumAVxrcJAGhzuN4ZBjCtQcbR7
Enhanced Yahoo recommendation for NVDA: STRONG_BUY
Yahoo Finance validation passed for QLGN
Price target endpoint failed (403), using recommendation data
Finnhub recommendation for QLGN: BUY
Polygon recommendation for QLGN: SELL
FMP API error for QLGN: 403 Client Error: Forbidden for url: https://financialmodelingprep.com/api/v3/profile/QLGN?apikey=ynOKFYxumAVxrcJAGhzuN4ZBjCtQcbR7
Enhanced Yahoo recommendation for QLGN: BUY
Yahoo Finance validation passed for MRM
Price target endpoint failed (403), using recommendation data
Finnhub recommendation for MRM: BUY
Error fetching Polygon data for MRM: 429 Client Error: Too Many Requests for url: https://api.polygon.io/v2/aggs/ticker/MRM/range/1/day/2024-01-01/2024-12-31?apikey=MSVhtqDKV9HyMOdla5UunU2EFs53MweY&limit=50
FMP API error for MRM: 403 Client Error: Forbidden for url: https://financialmodelingprep.com/api/v3/profile/MRM?apikey=ynOKFYxumAVxrcJAGhzuN4ZBjCtQcbR7
Enhanced Yahoo recommendation for MRM: STRONG_BUY
Filtering out penny stock: GPUS (price: $0.46, min: $5.00)
Filtering out penny stock: DVLT (price: $1.09, min: $5.00)
Filtering out penny stock: APLT (price: $1.24, min: $5.00)
Filtering out micro-cap stock: BIAF (market cap: $7,078,173, min: $100,000,000)
Filtering out penny stock: DFLI (price: $0.52, min: $5.00)
Filtering out micro-cap stock: QLGN (market cap: $9,375,839, min: $100,000,000)
Filtering out penny stock: MRM (price: $2.94, min: $5.00)
Smart Analysis completed for user: user2. Generated 3 recommendations
Starting Smart Analysis for user: user1
Best-buy-only mode: Skipping existing holdings analysis
Successfully retrieved market movers from Alpha Vantage
Found 15 market screening candidates: ['DVLT', 'SOXS', 'OPEN', 'GPUS', 'INTC', 'NRSNW', 'SDSTW', 'DFLI', 'NVDA', 'YAAS', 'GDEVW', 'NUAI', 'PXSAW', 'BIAFW', 'MRM']
Best-buy-only mode: Skipping sell candidates analysis
Found 15 high-confidence BUY candidates: ['MRM', 'QLGN', 'QLGN', 'NVDA', 'NVDA', 'MSFT', 'NUAI', 'DFLI', 'DFLI', 'APLT', 'APLT', 'GDEVW', 'DVLT', 'MBX', 'MBX']
Yahoo Finance validation passed for QLGN
Price target endpoint failed (403), using recommendation data
Finnhub recommendation for QLGN: BUY
Polygon recommendation for QLGN: SELL
FMP API error for QLGN: 404 Client Error: Not Found for url: https://financialmodelingprep.com/stable/profile/QLGN?apikey=ynOKFYxumAVxrcJAGhzuN4ZBjCtQcbR7
Enhanced Yahoo recommendation for QLGN: BUY
Yahoo Finance validation passed for DVLT
Price target endpoint failed (403), using recommendation data
Finnhub recommendation for DVLT: BUY
Polygon recommendation for DVLT: HOLD
FMP API error for DVLT: 404 Client Error: Not Found for url: https://financialmodelingprep.com/stable/profile/DVLT?apikey=ynOKFYxumAVxrcJAGhzuN4ZBjCtQcbR7
Enhanced Yahoo recommendation for DVLT: STRONG_BUY
Yahoo Finance validation passed for SOXS
Price target endpoint failed (403), using recommendation data
Finnhub recommendation for SOXS: HOLD
Error fetching Polygon data for SOXS: 429 Client Error: Too Many Requests for url: https://api.polygon.io/v2/aggs/ticker/SOXS/range/1/day/2024-01-01/2024-12-31?apikey=MSVhtqDKV9HyMOdla5UunU2EFs53MweY&limit=50
FMP API error for SOXS: 404 Client Error: Not Found for url: https://financialmodelingprep.com/stable/profile/SOXS?apikey=ynOKFYxumAVxrcJAGhzuN4ZBjCtQcbR7
Enhanced Yahoo recommendation for SOXS: HOLD
Yahoo Finance validation passed for OPEN
Price target endpoint failed (403), using recommendation data
Finnhub recommendation for OPEN: SELL
Error fetching Polygon data for OPEN: 429 Client Error: Too Many Requests for url: https://api.polygon.io/v2/aggs/ticker/OPEN/prev?apikey=MSVhtqDKV9HyMOdla5UunU2EFs53MweY
FMP API error for OPEN: 404 Client Error: Not Found for url: https://financialmodelingprep.com/stable/profile/OPEN?apikey=ynOKFYxumAVxrcJAGhzuN4ZBjCtQcbR7
Enhanced Yahoo recommendation for OPEN: SELL
Yahoo Finance validation passed for GPUS
Price target endpoint failed (403), using recommendation data
Finnhub recommendation for GPUS: BUY
Error fetching Polygon data for GPUS: 429 Client Error: Too Many Requests for url: https://api.polygon.io/v2/aggs/ticker/GPUS/prev?apikey=MSVhtqDKV9HyMOdla5UunU2EFs53MweY
FMP API error for GPUS: 404 Client Error: Not Found for url: https://financialmodelingprep.com/stable/profile/GPUS?apikey=ynOKFYxumAVxrcJAGhzuN4ZBjCtQcbR7
Enhanced Yahoo recommendation for GPUS: SELL
Yahoo Finance validation passed for INTC
Price target endpoint failed (403), using recommendation data
Finnhub recommendation for INTC: HOLD
Polygon recommendation for INTC: HOLD
FMP API error for INTC: 404 Client Error: Not Found for url: https://financialmodelingprep.com/stable/profile/INTC?apikey=ynOKFYxumAVxrcJAGhzuN4ZBjCtQcbR7
Enhanced Yahoo recommendation for INTC: SELL
Yahoo Finance validation passed for NRSNW
Price target endpoint failed (403), using recommendation data
Finnhub recommendation for NRSNW: HOLD
Polygon recommendation for NRSNW: BUY
FMP API error for NRSNW: 404 Client Error: Not Found for url: https://financialmodelingprep.com/stable/profile/NRSNW?apikey=ynOKFYxumAVxrcJAGhzuN4ZBjCtQcbR7
Enhanced Yahoo recommendation for NRSNW: HOLD
Yahoo Finance validation passed for SDSTW
Price target endpoint failed (403), using recommendation data
Finnhub recommendation for SDSTW: HOLD
Error fetching Polygon data for SDSTW: 429 Client Error: Too Many Requests for url: https://api.polygon.io/v2/aggs/ticker/SDSTW/range/1/day/2024-01-01/2024-12-31?apikey=MSVhtqDKV9HyMOdla5UunU2EFs53MweY&limit=50
FMP API error for SDSTW: 404 Client Error: Not Found for url: https://financialmodelingprep.com/stable/profile/SDSTW?apikey=ynOKFYxumAVxrcJAGhzuN4ZBjCtQcbR7
Enhanced Yahoo recommendation for SDSTW: HOLD
Yahoo Finance validation passed for MBX
Price target endpoint failed (403), using recommendation data
Finnhub recommendation for MBX: BUY
Error fetching Polygon data for MBX: 429 Client Error: Too Many Requests for url: https://api.polygon.io/v2/aggs/ticker/MBX/prev?apikey=MSVhtqDKV9HyMOdla5UunU2EFs53MweY
FMP API error for MBX: 404 Client Error: Not Found for url: https://financialmodelingprep.com/stable/profile/MBX?apikey=ynOKFYxumAVxrcJAGhzuN4ZBjCtQcbR7
Enhanced Yahoo recommendation for MBX: BUY
Yahoo Finance validation passed for DFLI
Price target endpoint failed (403), using recommendation data
Finnhub recommendation for DFLI: BUY
Error fetching Polygon data for DFLI: 429 Client Error: Too Many Requests for url: https://api.polygon.io/v2/aggs/ticker/DFLI/prev?apikey=MSVhtqDKV9HyMOdla5UunU2EFs53MweY
FMP API error for DFLI: 404 Client Error: Not Found for url: https://financialmodelingprep.com/stable/profile/DFLI?apikey=ynOKFYxumAVxrcJAGhzuN4ZBjCtQcbR7
Enhanced Yahoo recommendation for DFLI: BUY
Yahoo Finance validation passed for NVDA
Price target endpoint failed (403), using recommendation data
Finnhub recommendation for NVDA: BUY
Error fetching Polygon data for NVDA: 429 Client Error: Too Many Requests for url: https://api.polygon.io/v2/aggs/ticker/NVDA/prev?apikey=MSVhtqDKV9HyMOdla5UunU2EFs53MweY
FMP API error for NVDA: 404 Client Error: Not Found for url: https://financialmodelingprep.com/stable/profile/NVDA?apikey=ynOKFYxumAVxrcJAGhzuN4ZBjCtQcbR7
Enhanced Yahoo recommendation for NVDA: STRONG_BUY
Yahoo Finance validation passed for YAAS
Price target endpoint failed (403), using recommendation data
Finnhub recommendation for YAAS: HOLD
Error fetching Polygon data for YAAS: 429 Client Error: Too Many Requests for url: https://api.polygon.io/v2/aggs/ticker/YAAS/prev?apikey=MSVhtqDKV9HyMOdla5UunU2EFs53MweY
FMP API error for YAAS: 404 Client Error: Not Found for url: https://financialmodelingprep.com/stable/profile/YAAS?apikey=ynOKFYxumAVxrcJAGhzuN4ZBjCtQcbR7
Enhanced Yahoo recommendation for YAAS: HOLD
Yahoo Finance validation passed for GDEVW
Price target endpoint failed (403), using recommendation data
Finnhub recommendation for GDEVW: HOLD
Error fetching Polygon data for GDEVW: 429 Client Error: Too Many Requests for url: https://api.polygon.io/v2/aggs/ticker/GDEVW/prev?apikey=MSVhtqDKV9HyMOdla5UunU2EFs53MweY
FMP API error for GDEVW: 404 Client Error: Not Found for url: https://financialmodelingprep.com/stable/profile/GDEVW?apikey=ynOKFYxumAVxrcJAGhzuN4ZBjCtQcbR7
Enhanced Yahoo recommendation for GDEVW: BUY
Yahoo Finance validation passed for NUAI
Price target endpoint failed (403), using recommendation data
Finnhub recommendation for NUAI: HOLD
Error fetching Polygon data for NUAI: 429 Client Error: Too Many Requests for url: https://api.polygon.io/v2/aggs/ticker/NUAI/prev?apikey=MSVhtqDKV9HyMOdla5UunU2EFs53MweY
FMP API error for NUAI: 404 Client Error: Not Found for url: https://financialmodelingprep.com/stable/profile/NUAI?apikey=ynOKFYxumAVxrcJAGhzuN4ZBjCtQcbR7
Enhanced Yahoo recommendation for NUAI: BUY
Yahoo Finance validation passed for PXSAW
Price target endpoint failed (403), using recommendation data
Finnhub recommendation for PXSAW: HOLD
Error fetching Polygon data for PXSAW: 429 Client Error: Too Many Requests for url: https://api.polygon.io/v2/aggs/ticker/PXSAW/prev?apikey=MSVhtqDKV9HyMOdla5UunU2EFs53MweY
FMP API error for PXSAW: 404 Client Error: Not Found for url: https://financialmodelingprep.com/stable/profile/PXSAW?apikey=ynOKFYxumAVxrcJAGhzuN4ZBjCtQcbR7
Enhanced Yahoo recommendation for PXSAW: SELL
Yahoo Finance validation passed for BIAFW
Price target endpoint failed (403), using recommendation data
Finnhub recommendation for BIAFW: HOLD
Polygon recommendation for BIAFW: SELL
FMP API error for BIAFW: 404 Client Error: Not Found for url: https://financialmodelingprep.com/stable/profile/BIAFW?apikey=ynOKFYxumAVxrcJAGhzuN4ZBjCtQcbR7
Enhanced Yahoo recommendation for BIAFW: SELL
Yahoo Finance validation passed for MRM
Price target endpoint failed (403), using recommendation data
Finnhub recommendation for MRM: BUY
Polygon recommendation for MRM: SELL
FMP API error for MRM: 404 Client Error: Not Found for url: https://financialmodelingprep.com/stable/profile/MRM?apikey=ynOKFYxumAVxrcJAGhzuN4ZBjCtQcbR7
Enhanced Yahoo recommendation for MRM: STRONG_BUY
Yahoo Finance validation passed for APLT
Price target endpoint failed (403), using recommendation data
Finnhub recommendation for APLT: BUY
Error fetching Polygon data for APLT: 429 Client Error: Too Many Requests for url: https://api.polygon.io/v2/aggs/ticker/APLT/range/1/day/2024-01-01/2024-12-31?apikey=MSVhtqDKV9HyMOdla5UunU2EFs53MweY&limit=50
FMP API error for APLT: 404 Client Error: Not Found for url: https://financialmodelingprep.com/stable/profile/APLT?apikey=ynOKFYxumAVxrcJAGhzuN4ZBjCtQcbR7
Enhanced Yahoo recommendation for APLT: BUY
Yahoo Finance validation passed for MSFT
Price target endpoint failed (403), using recommendation data
Finnhub recommendation for MSFT: BUY
Error fetching Polygon data for MSFT: 429 Client Error: Too Many Requests for url: https://api.polygon.io/v2/aggs/ticker/MSFT/prev?apikey=MSVhtqDKV9HyMOdla5UunU2EFs53MweY
FMP API error for MSFT: 404 Client Error: Not Found for url: https://financialmodelingprep.com/stable/profile/MSFT?apikey=ynOKFYxumAVxrcJAGhzuN4ZBjCtQcbR7
Enhanced Yahoo recommendation for MSFT: STRONG_BUY
Smart Analysis completed for user: user1. Generated 0 recommendations
Starting Smart Analysis for user: user1
Best-buy-only mode: Skipping existing holdings analysis
Successfully retrieved market movers from Alpha Vantage
Found 15 market screening candidates: ['APLT', 'INTC', 'NUAI', 'NVDA', 'AQMS', 'BIAFW', 'MRM', 'SDSTW', 'FOFO', 'PXSAW', 'GDEVW', 'NRSNW', 'SOXS', 'GPUS', 'BIAF']
Best-buy-only mode: Skipping sell candidates analysis
Found 15 high-confidence BUY candidates: ['MSFT', 'APLT', 'APLT', 'MRM', 'NUAI', 'GDEVW', 'NVDA', 'DFLI', 'DFLI', 'MBX', 'MBX', 'GPUS', 'DVLT', 'QLGN', 'QLGN']
Yahoo Finance validation passed for APLT
Price target endpoint failed (403), using recommendation data
Finnhub recommendation for APLT: BUY
Polygon recommendation for APLT: SELL
FMP API error for APLT: 402 Client Error: Payment Required for url: https://financialmodelingprep.com/stable/analyst-estimates?symbol=APLT&apikey=ynOKFYxumAVxrcJAGhzuN4ZBjCtQcbR7
Enhanced Yahoo recommendation for APLT: BUY
Yahoo Finance validation passed for INTC
Price target endpoint failed (403), using recommendation data
Finnhub recommendation for INTC: HOLD
Polygon recommendation for INTC: HOLD
FMP API error for INTC: 400 Client Error: Bad Request for url: https://financialmodelingprep.com/stable/analyst-estimates?symbol=INTC&apikey=ynOKFYxumAVxrcJAGhzuN4ZBjCtQcbR7
Enhanced Yahoo recommendation for INTC: SELL
Yahoo Finance validation passed for NUAI
Price target endpoint failed (403), using recommendation data
Finnhub recommendation for NUAI: HOLD
Error fetching Polygon data for NUAI: 429 Client Error: Too Many Requests for url: https://api.polygon.io/v2/aggs/ticker/NUAI/range/1/day/2024-01-01/2024-12-31?apikey=MSVhtqDKV9HyMOdla5UunU2EFs53MweY&limit=50
FMP API error for NUAI: 402 Client Error: Payment Required for url: https://financialmodelingprep.com/stable/analyst-estimates?symbol=NUAI&apikey=ynOKFYxumAVxrcJAGhzuN4ZBjCtQcbR7
Enhanced Yahoo recommendation for NUAI: BUY
Yahoo Finance validation passed for NVDA
Price target endpoint failed (403), using recommendation data
Finnhub recommendation for NVDA: BUY
Error fetching Polygon data for NVDA: 429 Client Error: Too Many Requests for url: https://api.polygon.io/v2/aggs/ticker/NVDA/prev?apikey=MSVhtqDKV9HyMOdla5UunU2EFs53MweY
FMP API error for NVDA: 400 Client Error: Bad Request for url: https://financialmodelingprep.com/stable/analyst-estimates?symbol=NVDA&apikey=ynOKFYxumAVxrcJAGhzuN4ZBjCtQcbR7
Enhanced Yahoo recommendation for NVDA: STRONG_BUY
Yahoo Finance validation passed for AQMS
Price target endpoint failed (403), using recommendation data
Finnhub recommendation for AQMS: BUY
Error fetching Polygon data for AQMS: 429 Client Error: Too Many Requests for url: https://api.polygon.io/v2/aggs/ticker/AQMS/prev?apikey=MSVhtqDKV9HyMOdla5UunU2EFs53MweY
FMP API error for AQMS: 402 Client Error: Payment Required for url: https://financialmodelingprep.com/stable/analyst-estimates?symbol=AQMS&apikey=ynOKFYxumAVxrcJAGhzuN4ZBjCtQcbR7
Enhanced Yahoo recommendation for AQMS: HOLD
Yahoo Finance validation passed for BIAFW
Price target endpoint failed (403), using recommendation data
Finnhub recommendation for BIAFW: HOLD
Polygon recommendation for BIAFW: SELL
FMP API error for BIAFW: 402 Client Error: Payment Required for url: https://financialmodelingprep.com/stable/analyst-estimates?symbol=BIAFW&apikey=ynOKFYxumAVxrcJAGhzuN4ZBjCtQcbR7
Enhanced Yahoo recommendation for BIAFW: SELL
Yahoo Finance validation passed for MRM
Price target endpoint failed (403), using recommendation data
Finnhub recommendation for MRM: BUY
Polygon recommendation for MRM: SELL
FMP API error for MRM: 402 Client Error: Payment Required for url: https://financialmodelingprep.com/stable/analyst-estimates?symbol=MRM&apikey=ynOKFYxumAVxrcJAGhzuN4ZBjCtQcbR7
Enhanced Yahoo recommendation for MRM: STRONG_BUY
Yahoo Finance validation passed for SDSTW
Price target endpoint failed (403), using recommendation data
Finnhub recommendation for SDSTW: HOLD
Error fetching Polygon data for SDSTW: 429 Client Error: Too Many Requests for url: https://api.polygon.io/v2/aggs/ticker/SDSTW/range/1/day/2024-01-01/2024-12-31?apikey=MSVhtqDKV9HyMOdla5UunU2EFs53MweY&limit=50
FMP API error for SDSTW: 402 Client Error: Payment Required for url: https://financialmodelingprep.com/stable/analyst-estimates?symbol=SDSTW&apikey=ynOKFYxumAVxrcJAGhzuN4ZBjCtQcbR7
Enhanced Yahoo recommendation for SDSTW: HOLD
Yahoo Finance validation passed for FOFO
Price target endpoint failed (403), using recommendation data
Finnhub recommendation for FOFO: HOLD
Error fetching Polygon data for FOFO: 429 Client Error: Too Many Requests for url: https://api.polygon.io/v2/aggs/ticker/FOFO/prev?apikey=MSVhtqDKV9HyMOdla5UunU2EFs53MweY
FMP API error for FOFO: 402 Client Error: Payment Required for url: https://financialmodelingprep.com/stable/analyst-estimates?symbol=FOFO&apikey=ynOKFYxumAVxrcJAGhzuN4ZBjCtQcbR7
Enhanced Yahoo recommendation for FOFO: SELL
Yahoo Finance validation passed for PXSAW
Price target endpoint failed (403), using recommendation data
Finnhub recommendation for PXSAW: HOLD
Error fetching Polygon data for PXSAW: 429 Client Error: Too Many Requests for url: https://api.polygon.io/v2/aggs/ticker/PXSAW/prev?apikey=MSVhtqDKV9HyMOdla5UunU2EFs53MweY
FMP API error for PXSAW: 402 Client Error: Payment Required for url: https://financialmodelingprep.com/stable/analyst-estimates?symbol=PXSAW&apikey=ynOKFYxumAVxrcJAGhzuN4ZBjCtQcbR7
Enhanced Yahoo recommendation for PXSAW: SELL
Yahoo Finance validation passed for GDEVW
Price target endpoint failed (403), using recommendation data
Finnhub recommendation for GDEVW: HOLD
Error fetching Polygon data for GDEVW: 429 Client Error: Too Many Requests for url: https://api.polygon.io/v2/aggs/ticker/GDEVW/prev?apikey=MSVhtqDKV9HyMOdla5UunU2EFs53MweY
FMP API error for GDEVW: 402 Client Error: Payment Required for url: https://financialmodelingprep.com/stable/analyst-estimates?symbol=GDEVW&apikey=ynOKFYxumAVxrcJAGhzuN4ZBjCtQcbR7
Enhanced Yahoo recommendation for GDEVW: BUY
Yahoo Finance validation passed for NRSNW
Price target endpoint failed (403), using recommendation data
Finnhub recommendation for NRSNW: HOLD
Error fetching Polygon data for NRSNW: 429 Client Error: Too Many Requests for url: https://api.polygon.io/v2/aggs/ticker/NRSNW/prev?apikey=MSVhtqDKV9HyMOdla5UunU2EFs53MweY
FMP API error for NRSNW: 402 Client Error: Payment Required for url: https://financialmodelingprep.com/stable/analyst-estimates?symbol=NRSNW&apikey=ynOKFYxumAVxrcJAGhzuN4ZBjCtQcbR7
Enhanced Yahoo recommendation for NRSNW: HOLD
Yahoo Finance validation passed for SOXS
Price target endpoint failed (403), using recommendation data
Finnhub recommendation for SOXS: HOLD
Error fetching Polygon data for SOXS: 429 Client Error: Too Many Requests for url: https://api.polygon.io/v2/aggs/ticker/SOXS/prev?apikey=MSVhtqDKV9HyMOdla5UunU2EFs53MweY
FMP API error for SOXS: 402 Client Error: Payment Required for url: https://financialmodelingprep.com/stable/analyst-estimates?symbol=SOXS&apikey=ynOKFYxumAVxrcJAGhzuN4ZBjCtQcbR7
Enhanced Yahoo recommendation for SOXS: HOLD
Yahoo Finance validation passed for GPUS
Price target endpoint failed (403), using recommendation data
Finnhub recommendation for GPUS: BUY
Polygon recommendation for GPUS: SELL
FMP API error for GPUS: 402 Client Error: Payment Required for url: https://financialmodelingprep.com/stable/analyst-estimates?symbol=GPUS&apikey=ynOKFYxumAVxrcJAGhzuN4ZBjCtQcbR7
Enhanced Yahoo recommendation for GPUS: SELL
Yahoo Finance validation passed for BIAF
Price target endpoint failed (403), using recommendation data
Finnhub recommendation for BIAF: SELL
Polygon recommendation for BIAF: SELL
FMP API error for BIAF: 402 Client Error: Payment Required for url: https://financialmodelingprep.com/stable/analyst-estimates?symbol=BIAF&apikey=ynOKFYxumAVxrcJAGhzuN4ZBjCtQcbR7
Enhanced Yahoo recommendation for BIAF: STRONG_SELL
Yahoo Finance validation passed for DVLT
Price target endpoint failed (403), using recommendation data
Finnhub recommendation for DVLT: BUY
Error fetching Polygon data for DVLT: 429 Client Error: Too Many Requests for url: https://api.polygon.io/v2/aggs/ticker/DVLT/range/1/day/2024-01-01/2024-12-31?apikey=MSVhtqDKV9HyMOdla5UunU2EFs53MweY&limit=50
FMP API error for DVLT: 402 Client Error: Payment Required for url: https://financialmodelingprep.com/stable/analyst-estimates?symbol=DVLT&apikey=ynOKFYxumAVxrcJAGhzuN4ZBjCtQcbR7
Enhanced Yahoo recommendation for DVLT: STRONG_BUY
Yahoo Finance validation passed for MSFT
Price target endpoint failed (403), using recommendation data
Finnhub recommendation for MSFT: BUY
Error fetching Polygon data for MSFT: 429 Client Error: Too Many Requests for url: https://api.polygon.io/v2/aggs/ticker/MSFT/prev?apikey=MSVhtqDKV9HyMOdla5UunU2EFs53MweY
FMP API error for MSFT: 400 Client Error: Bad Request for url: https://financialmodelingprep.com/stable/analyst-estimates?symbol=MSFT&apikey=ynOKFYxumAVxrcJAGhzuN4ZBjCtQcbR7
Enhanced Yahoo recommendation for MSFT: STRONG_BUY
Yahoo Finance validation passed for QLGN
Price target endpoint failed (403), using recommendation data
Finnhub recommendation for QLGN: BUY
Error fetching Polygon data for QLGN: 429 Client Error: Too Many Requests for url: https://api.polygon.io/v2/aggs/ticker/QLGN/prev?apikey=MSVhtqDKV9HyMOdla5UunU2EFs53MweY
FMP API error for QLGN: 402 Client Error: Payment Required for url: https://financialmodelingprep.com/stable/analyst-estimates?symbol=QLGN&apikey=ynOKFYxumAVxrcJAGhzuN4ZBjCtQcbR7
Enhanced Yahoo recommendation for QLGN: BUY
Yahoo Finance validation passed for DFLI
Price target endpoint failed (403), using recommendation data
Finnhub recommendation for DFLI: BUY
Error fetching Polygon data for DFLI: 429 Client Error: Too Many Requests for url: https://api.polygon.io/v2/aggs/ticker/DFLI/prev?apikey=MSVhtqDKV9HyMOdla5UunU2EFs53MweY
FMP API error for DFLI: 402 Client Error: Payment Required for url: https://financialmodelingprep.com/stable/analyst-estimates?symbol=DFLI&apikey=ynOKFYxumAVxrcJAGhzuN4ZBjCtQcbR7
Enhanced Yahoo recommendation for DFLI: BUY
Yahoo Finance validation passed for MBX
Price target endpoint failed (403), using recommendation data
Finnhub recommendation for MBX: BUY
Error fetching Polygon data for MBX: 429 Client Error: Too Many Requests for url: https://api.polygon.io/v2/aggs/ticker/MBX/prev?apikey=MSVhtqDKV9HyMOdla5UunU2EFs53MweY
FMP API error for MBX: 402 Client Error: Payment Required for url: https://financialmodelingprep.com/stable/analyst-estimates?symbol=MBX&apikey=ynOKFYxumAVxrcJAGhzuN4ZBjCtQcbR7
Enhanced Yahoo recommendation for MBX: BUY
Smart Analysis completed for user: user1. Generated 1 recommendations
Buy all smart recommendations requested by user: user2
Found 3 pending BUY recommendations
Portfolio cash: $80676.35
Total cost: $10133.73
Executing recommendation for MSFT: 17 shares
  Cash allocated: 8694.82 (type: <class 'decimal.Decimal'>)
  Current price: 511.46 (type: <class 'decimal.Decimal'>)
  Portfolio cash: 80676.35 (type: <class 'decimal.Decimal'>)
Successfully executed MSFT
Executing recommendation for NVDA: 1 shares
  Cash allocated: 178.19 (type: <class 'decimal.Decimal'>)
  Current price: 178.19 (type: <class 'decimal.Decimal'>)
  Portfolio cash: 71972.83518 (type: <class 'decimal.Decimal'>)
Successfully executed NVDA
Executing recommendation for MBX: 72 shares
  Cash allocated: 1260.72 (type: <class 'decimal.Decimal'>)
  Current price: 17.51 (type: <class 'decimal.Decimal'>)
  Portfolio cash: 71793.64518 (type: <class 'decimal.Decimal'>)
Successfully executed MBX
Buy all completed: 3 executed, 0 failed
Returning response: {'success': True, 'executed_trades': [{'symbol': 'MSFT', 'shares': 17, 'cost': Decimal('8694.82'), 'trade_id': UUID('b36e93db-7cef-40e5-a70d-77e0baa18b58')}, {'symbol': 'NVDA', 'shares': 1, 'cost': Decimal('178.19'), 'trade_id': UUID('8ffa777b-bed0-473e-b54f-d7c4eb2fe659')}, {'symbol': 'MBX', 'shares': 72, 'cost': Decimal('1260.72'), 'trade_id': UUID('88e08ef3-b0e4-48f0-ac1f-4b73b464af5f')}], 'failed_trades': [], 'total_executed': 3, 'total_failed': 0, 'total_cost': 10133.73}
Starting Smart Analysis for user: user1
Successfully retrieved market movers from Alpha Vantage
Found 15 market screening candidates: ['JFB', 'SVREW', 'SOXS', 'TLRY', 'AUUDW', 'PXSAW', 'NVDA', 'YCBD', 'BQ', 'ENTA', 'DFLI', 'PSTV', 'OPEN', 'GIGGW', 'SNAP']
Found 15 high-confidence BUY candidates: ['MBX', 'MBX', 'DFLI', 'DFLI', 'QLGN', 'QLGN', 'MSFT', 'DVLT', 'GPUS', 'GDEVW', 'MRM', 'AQMS', 'NVDA', 'NUAI', 'APLT']
Yahoo Finance validation passed for MBX
Price target endpoint failed (403), using recommendation data
Finnhub recommendation for MBX: BUY
Starting batch Smart Analysis for 2 users
Best-buy-only mode: Skipping existing holdings analysis
Successfully retrieved market movers from Alpha Vantage
Found 15 market screening candidates: ['OPEN', 'SNAP', 'PSTV', 'GIGGW', 'SVREW', 'INTC', 'JFB', 'DVLT', 'BQ', 'DFLI', 'YCBD', 'NVDA', 'PXSAW', 'AUUDW', 'IVDAW']
Best-buy-only mode: Skipping sell candidates analysis
Found 15 high-confidence BUY candidates: ['MBX', 'MBX', 'DFLI', 'DFLI', 'QLGN', 'QLGN', 'MSFT', 'DVLT', 'GPUS', 'GDEVW', 'MRM', 'AQMS', 'NVDA', 'NUAI', 'APLT']
Best-buy-only mode: Skipping existing holdings analysis
Found 15 market screening candidates: ['OPEN', 'SNAP', 'PSTV', 'GIGGW', 'SVREW', 'INTC', 'JFB', 'DVLT', 'BQ', 'DFLI', 'YCBD', 'NVDA', 'PXSAW', 'AUUDW', 'IVDAW']
Best-buy-only mode: Skipping sell candidates analysis
Found 15 high-confidence BUY candidates: ['MBX', 'MBX', 'DFLI', 'DFLI', 'QLGN', 'QLGN', 'MSFT', 'DVLT', 'GPUS', 'GDEVW', 'MRM', 'AQMS', 'NVDA', 'NUAI', 'APLT']
Found 24 unique stocks to analyze across all users
Batch analyzing 24 unique stocks
Yahoo Finance validation passed for MSFT
Getting recommendations for MSFT
Price target endpoint failed (403), using recommendation data
Finnhub recommendation for MSFT: BUY
Polygon recommendation for MSFT: BUY
FMP API error for MSFT: 400 Client Error: Bad Request for url: https://financialmodelingprep.com/stable/analyst-estimates?symbol=MSFT&apikey=ynOKFYxumAVxrcJAGhzuN4ZBjCtQcbR7
Enhanced Yahoo recommendation for MSFT: STRONG_BUY
Generated 3 recommendations for MSFT
Yahoo Finance validation passed for MBX
Getting recommendations for MBX
Price target endpoint failed (403), using recommendation data
Finnhub recommendation for MBX: BUY
Polygon recommendation for MBX: HOLD
FMP API error for MBX: 402 Client Error: Payment Required for url: https://financialmodelingprep.com/stable/analyst-estimates?symbol=MBX&apikey=ynOKFYxumAVxrcJAGhzuN4ZBjCtQcbR7
Enhanced Yahoo recommendation for MBX: BUY
Generated 3 recommendations for MBX
Yahoo Finance validation passed for OPEN
Getting recommendations for OPEN
Price target endpoint failed (403), using recommendation data
Finnhub recommendation for OPEN: SELL
Polygon recommendation for OPEN: BUY
FMP API error for OPEN: 402 Client Error: Payment Required for url: https://financialmodelingprep.com/stable/analyst-estimates?symbol=OPEN&apikey=ynOKFYxumAVxrcJAGhzuN4ZBjCtQcbR7
Enhanced Yahoo recommendation for OPEN: SELL
Generated 3 recommendations for OPEN
Yahoo Finance validation passed for SNAP
Getting recommendations for SNAP
Price target endpoint failed (403), using recommendation data
Finnhub recommendation for SNAP: HOLD
Polygon recommendation for SNAP: HOLD
FMP API error for SNAP: 400 Client Error: Bad Request for url: https://financialmodelingprep.com/stable/analyst-estimates?symbol=SNAP&apikey=ynOKFYxumAVxrcJAGhzuN4ZBjCtQcbR7
Enhanced Yahoo recommendation for SNAP: HOLD
Generated 3 recommendations for SNAP
Yahoo Finance validation passed for PSTV
Yahoo Finance validation passed for PSTV
Updated quote for PSTV: $0.8311
Successfully created and updated stock: PSTV
Getting recommendations for PSTV
Price target endpoint failed (403), using recommendation data
Finnhub recommendation for PSTV: BUY
Error fetching Polygon data for PSTV: 429 Client Error: Too Many Requests for url: https://api.polygon.io/v2/aggs/ticker/PSTV/range/1/day/2024-01-01/2024-12-31?apikey=MSVhtqDKV9HyMOdla5UunU2EFs53MweY&limit=50
FMP API error for PSTV: 402 Client Error: Payment Required for url: https://financialmodelingprep.com/stable/analyst-estimates?symbol=PSTV&apikey=ynOKFYxumAVxrcJAGhzuN4ZBjCtQcbR7
Enhanced Yahoo recommendation for PSTV: BUY
Generated 2 recommendations for PSTV
Yahoo Finance validation passed for GIGGW
Yahoo Finance validation passed for GIGGW
Updated quote for GIGGW: $0.5
Successfully created and updated stock: GIGGW
Getting recommendations for GIGGW
Price target endpoint failed (403), using recommendation data
Finnhub recommendation for GIGGW: HOLD
Error fetching Polygon data for GIGGW: 429 Client Error: Too Many Requests for url: https://api.polygon.io/v2/aggs/ticker/GIGGW/prev?apikey=MSVhtqDKV9HyMOdla5UunU2EFs53MweY
FMP API error for GIGGW: 402 Client Error: Payment Required for url: https://financialmodelingprep.com/stable/analyst-estimates?symbol=GIGGW&apikey=ynOKFYxumAVxrcJAGhzuN4ZBjCtQcbR7
Enhanced Yahoo recommendation for GIGGW: HOLD
Generated 2 recommendations for GIGGW
Yahoo Finance validation passed for SVREW
Yahoo Finance validation passed for SVREW
Updated quote for SVREW: $0.03
Successfully created and updated stock: SVREW
Getting recommendations for SVREW
Price target endpoint failed (403), using recommendation data
Finnhub recommendation for SVREW: HOLD
Error fetching Polygon data for SVREW: 429 Client Error: Too Many Requests for url: https://api.polygon.io/v2/aggs/ticker/SVREW/prev?apikey=MSVhtqDKV9HyMOdla5UunU2EFs53MweY
FMP API error for SVREW: 402 Client Error: Payment Required for url: https://financialmodelingprep.com/stable/analyst-estimates?symbol=SVREW&apikey=ynOKFYxumAVxrcJAGhzuN4ZBjCtQcbR7
Enhanced Yahoo recommendation for SVREW: HOLD
Generated 2 recommendations for SVREW
Yahoo Finance validation passed for MRM
Getting recommendations for MRM
Price target endpoint failed (403), using recommendation data
Finnhub recommendation for MRM: HOLD
Error fetching Polygon data for MRM: 429 Client Error: Too Many Requests for url: https://api.polygon.io/v2/aggs/ticker/MRM/prev?apikey=MSVhtqDKV9HyMOdla5UunU2EFs53MweY
FMP API error for MRM: 402 Client Error: Payment Required for url: https://financialmodelingprep.com/stable/analyst-estimates?symbol=MRM&apikey=ynOKFYxumAVxrcJAGhzuN4ZBjCtQcbR7
Enhanced Yahoo recommendation for MRM: STRONG_BUY
Generated 2 recommendations for MRM
Yahoo Finance validation passed for INTC
Getting recommendations for INTC
Price target endpoint failed (403), using recommendation data
Finnhub recommendation for INTC: HOLD
Error fetching Polygon data for INTC: 429 Client Error: Too Many Requests for url: https://api.polygon.io/v2/aggs/ticker/INTC/prev?apikey=MSVhtqDKV9HyMOdla5UunU2EFs53MweY
FMP API error for INTC: 400 Client Error: Bad Request for url: https://financialmodelingprep.com/stable/analyst-estimates?symbol=INTC&apikey=ynOKFYxumAVxrcJAGhzuN4ZBjCtQcbR7
Enhanced Yahoo recommendation for INTC: SELL
Generated 2 recommendations for INTC
Yahoo Finance validation passed for JFB
Yahoo Finance validation passed for JFB
Updated quote for JFB: $12.7
Successfully created and updated stock: JFB
Getting recommendations for JFB
Price target endpoint failed (403), using recommendation data
Finnhub recommendation for JFB: HOLD
Error fetching Polygon data for JFB: 429 Client Error: Too Many Requests for url: https://api.polygon.io/v2/aggs/ticker/JFB/prev?apikey=MSVhtqDKV9HyMOdla5UunU2EFs53MweY
FMP API error for JFB: 402 Client Error: Payment Required for url: https://financialmodelingprep.com/stable/analyst-estimates?symbol=JFB&apikey=ynOKFYxumAVxrcJAGhzuN4ZBjCtQcbR7
Enhanced Yahoo recommendation for JFB: SELL
Generated 2 recommendations for JFB
Yahoo Finance validation passed for DVLT
Getting recommendations for DVLT
Price target endpoint failed (403), using recommendation data
Finnhub API error for DVLT: 502 Server Error: Bad Gateway for url: https://finnhub.io/api/v1/company-news?symbol=DVLT&from=2025-09-23&to=2025-09-30&token=d3ch5a9r01qu125b63s0d3ch5a9r01qu125b63sg
Polygon recommendation for DVLT: HOLD
FMP API error for DVLT: 402 Client Error: Payment Required for url: https://financialmodelingprep.com/stable/analyst-estimates?symbol=DVLT&apikey=ynOKFYxumAVxrcJAGhzuN4ZBjCtQcbR7
Enhanced Yahoo recommendation for DVLT: STRONG_BUY
Generated 2 recommendations for DVLT
Yahoo Finance validation passed for GPUS
Getting recommendations for GPUS
Price target endpoint failed (403), using recommendation data
Finnhub API error for GPUS: 502 Server Error: Bad Gateway for url: https://finnhub.io/api/v1/company-news?symbol=GPUS&from=2025-09-23&to=2025-09-30&token=d3ch5a9r01qu125b63s0d3ch5a9r01qu125b63sg
Polygon recommendation for GPUS: SELL
FMP API error for GPUS: 402 Client Error: Payment Required for url: https://financialmodelingprep.com/stable/analyst-estimates?symbol=GPUS&apikey=ynOKFYxumAVxrcJAGhzuN4ZBjCtQcbR7
Enhanced Yahoo recommendation for GPUS: HOLD
Generated 2 recommendations for GPUS
Yahoo Finance validation passed for BQ
Yahoo Finance validation passed for BQ
Updated quote for BQ: $9.75
Successfully created and updated stock: BQ
Getting recommendations for BQ
Price target endpoint failed (403), using recommendation data
Finnhub recommendation for BQ: BUY
Error fetching Polygon data for BQ: 429 Client Error: Too Many Requests for url: https://api.polygon.io/v2/aggs/ticker/BQ/range/1/day/2024-01-01/2024-12-31?apikey=MSVhtqDKV9HyMOdla5UunU2EFs53MweY&limit=50
FMP API error for BQ: 402 Client Error: Payment Required for url: https://financialmodelingprep.com/stable/analyst-estimates?symbol=BQ&apikey=ynOKFYxumAVxrcJAGhzuN4ZBjCtQcbR7
Enhanced Yahoo recommendation for BQ: SELL
Generated 2 recommendations for BQ
Yahoo Finance validation passed for AQMS
Getting recommendations for AQMS
Price target endpoint failed (403), using recommendation data
Finnhub recommendation for AQMS: BUY
Error fetching Polygon data for AQMS: 429 Client Error: Too Many Requests for url: https://api.polygon.io/v2/aggs/ticker/AQMS/prev?apikey=MSVhtqDKV9HyMOdla5UunU2EFs53MweY
FMP API error for AQMS: 402 Client Error: Payment Required for url: https://financialmodelingprep.com/stable/analyst-estimates?symbol=AQMS&apikey=ynOKFYxumAVxrcJAGhzuN4ZBjCtQcbR7
Enhanced Yahoo recommendation for AQMS: HOLD
Generated 2 recommendations for AQMS
Yahoo Finance validation passed for DFLI
Getting recommendations for DFLI
Price target endpoint failed (403), using recommendation data
Finnhub recommendation for DFLI: BUY
Error fetching Polygon data for DFLI: 429 Client Error: Too Many Requests for url: https://api.polygon.io/v2/aggs/ticker/DFLI/prev?apikey=MSVhtqDKV9HyMOdla5UunU2EFs53MweY
FMP API error for DFLI: 402 Client Error: Payment Required for url: https://financialmodelingprep.com/stable/analyst-estimates?symbol=DFLI&apikey=ynOKFYxumAVxrcJAGhzuN4ZBjCtQcbR7
Enhanced Yahoo recommendation for DFLI: BUY
Generated 2 recommendations for DFLI
Yahoo Finance validation passed for YCBD
Yahoo Finance validation passed for YCBD
Updated quote for YCBD: $1.38
Successfully created and updated stock: YCBD
Getting recommendations for YCBD
Price target endpoint failed (403), using recommendation data
Finnhub recommendation for YCBD: BUY
Error fetching Polygon data for YCBD: 429 Client Error: Too Many Requests for url: https://api.polygon.io/v2/aggs/ticker/YCBD/prev?apikey=MSVhtqDKV9HyMOdla5UunU2EFs53MweY
FMP API error for YCBD: 402 Client Error: Payment Required for url: https://financialmodelingprep.com/stable/analyst-estimates?symbol=YCBD&apikey=ynOKFYxumAVxrcJAGhzuN4ZBjCtQcbR7
Enhanced Yahoo recommendation for YCBD: BUY
Generated 2 recommendations for YCBD
Yahoo Finance validation passed for NVDA
Getting recommendations for NVDA
Price target endpoint failed (403), using recommendation data
Finnhub recommendation for NVDA: BUY
Error fetching Polygon data for NVDA: 429 Client Error: Too Many Requests for url: https://api.polygon.io/v2/aggs/ticker/NVDA/prev?apikey=MSVhtqDKV9HyMOdla5UunU2EFs53MweY
FMP API error for NVDA: 400 Client Error: Bad Request for url: https://financialmodelingprep.com/stable/analyst-estimates?symbol=NVDA&apikey=ynOKFYxumAVxrcJAGhzuN4ZBjCtQcbR7
Enhanced Yahoo recommendation for NVDA: STRONG_BUY
Generated 2 recommendations for NVDA
Yahoo Finance validation passed for QLGN
Getting recommendations for QLGN
Price target endpoint failed (403), using recommendation data
Finnhub recommendation for QLGN: BUY
Error fetching Polygon data for QLGN: 429 Client Error: Too Many Requests for url: https://api.polygon.io/v2/aggs/ticker/QLGN/prev?apikey=MSVhtqDKV9HyMOdla5UunU2EFs53MweY
FMP API error for QLGN: 402 Client Error: Payment Required for url: https://financialmodelingprep.com/stable/analyst-estimates?symbol=QLGN&apikey=ynOKFYxumAVxrcJAGhzuN4ZBjCtQcbR7
Enhanced Yahoo recommendation for QLGN: BUY
Generated 2 recommendations for QLGN
Yahoo Finance validation passed for PXSAW
Getting recommendations for PXSAW
Price target endpoint failed (403), using recommendation data
Finnhub recommendation for PXSAW: HOLD
Polygon recommendation for PXSAW: SELL
FMP API error for PXSAW: 402 Client Error: Payment Required for url: https://financialmodelingprep.com/stable/analyst-estimates?symbol=PXSAW&apikey=ynOKFYxumAVxrcJAGhzuN4ZBjCtQcbR7
Enhanced Yahoo recommendation for PXSAW: SELL
Generated 3 recommendations for PXSAW
Yahoo Finance validation passed for AUUDW
Yahoo Finance validation passed for AUUDW
Updated quote for AUUDW: $0.0269
Successfully created and updated stock: AUUDW
Getting recommendations for AUUDW
Price target endpoint failed (403), using recommendation data
Finnhub recommendation for AUUDW: HOLD
Polygon recommendation for AUUDW: SELL
FMP API error for AUUDW: 402 Client Error: Payment Required for url: https://financialmodelingprep.com/stable/analyst-estimates?symbol=AUUDW&apikey=ynOKFYxumAVxrcJAGhzuN4ZBjCtQcbR7
Enhanced Yahoo recommendation for AUUDW: HOLD
Generated 3 recommendations for AUUDW
Yahoo Finance validation passed for IVDAW
Yahoo Finance validation passed for IVDAW
Updated quote for IVDAW: $0.14
Successfully created and updated stock: IVDAW
Getting recommendations for IVDAW
Price target endpoint failed (403), using recommendation data
Finnhub recommendation for IVDAW: HOLD
Error fetching Polygon data for IVDAW: 429 Client Error: Too Many Requests for url: https://api.polygon.io/v2/aggs/ticker/IVDAW/range/1/day/2024-01-01/2024-12-31?apikey=MSVhtqDKV9HyMOdla5UunU2EFs53MweY&limit=50
FMP API error for IVDAW: 402 Client Error: Payment Required for url: https://financialmodelingprep.com/stable/analyst-estimates?symbol=IVDAW&apikey=ynOKFYxumAVxrcJAGhzuN4ZBjCtQcbR7
Enhanced Yahoo recommendation for IVDAW: SELL
Generated 2 recommendations for IVDAW
Yahoo Finance validation passed for APLT
Getting recommendations for APLT
Price target endpoint failed (403), using recommendation data
Finnhub recommendation for APLT: BUY
Error fetching Polygon data for APLT: 429 Client Error: Too Many Requests for url: https://api.polygon.io/v2/aggs/ticker/APLT/prev?apikey=MSVhtqDKV9HyMOdla5UunU2EFs53MweY
FMP API error for APLT: 402 Client Error: Payment Required for url: https://financialmodelingprep.com/stable/analyst-estimates?symbol=APLT&apikey=ynOKFYxumAVxrcJAGhzuN4ZBjCtQcbR7
Enhanced Yahoo recommendation for APLT: BUY
Generated 2 recommendations for APLT
Yahoo Finance validation passed for GDEVW
Getting recommendations for GDEVW
Price target endpoint failed (403), using recommendation data
Finnhub recommendation for GDEVW: HOLD
Error fetching Polygon data for GDEVW: 429 Client Error: Too Many Requests for url: https://api.polygon.io/v2/aggs/ticker/GDEVW/prev?apikey=MSVhtqDKV9HyMOdla5UunU2EFs53MweY
FMP API error for GDEVW: 402 Client Error: Payment Required for url: https://financialmodelingprep.com/stable/analyst-estimates?symbol=GDEVW&apikey=ynOKFYxumAVxrcJAGhzuN4ZBjCtQcbR7
Enhanced Yahoo recommendation for GDEVW: BUY
Generated 2 recommendations for GDEVW
Yahoo Finance validation passed for NUAI
Getting recommendations for NUAI
Price target endpoint failed (403), using recommendation data
Finnhub recommendation for NUAI: HOLD
Error fetching Polygon data for NUAI: 429 Client Error: Too Many Requests for url: https://api.polygon.io/v2/aggs/ticker/NUAI/prev?apikey=MSVhtqDKV9HyMOdla5UunU2EFs53MweY
FMP API error for NUAI: 402 Client Error: Payment Required for url: https://financialmodelingprep.com/stable/analyst-estimates?symbol=NUAI&apikey=ynOKFYxumAVxrcJAGhzuN4ZBjCtQcbR7
Enhanced Yahoo recommendation for NUAI: BUY
Generated 2 recommendations for NUAI
Analyzing user user1 with existing recommendations
Best-buy-only mode: Skipping existing holdings analysis
Found 15 market screening candidates: ['OPEN', 'SNAP', 'PSTV', 'GIGGW', 'SVREW', 'INTC', 'JFB', 'DVLT', 'BQ', 'DFLI', 'YCBD', 'NVDA', 'PXSAW', 'AUUDW', 'IVDAW']
Best-buy-only mode: Skipping sell candidates analysis
Found 15 high-confidence BUY candidates: ['NUAI', 'GDEVW', 'APLT', 'APLT', 'QLGN', 'QLGN', 'NVDA', 'YCBD', 'YCBD', 'DFLI', 'DFLI', 'AQMS', 'BQ', 'PSTV', 'PSTV']
Smart Analysis completed for user: user1. Generated 3 recommendations
Analyzing user user2 with existing recommendations
Best-buy-only mode: Skipping existing holdings analysis
Found 15 market screening candidates: ['OPEN', 'SNAP', 'PSTV', 'GIGGW', 'SVREW', 'INTC', 'JFB', 'DVLT', 'BQ', 'DFLI', 'YCBD', 'NVDA', 'PXSAW', 'AUUDW', 'IVDAW']
Best-buy-only mode: Skipping sell candidates analysis
Found 15 high-confidence BUY candidates: ['NUAI', 'GDEVW', 'APLT', 'APLT', 'QLGN', 'QLGN', 'NVDA', 'YCBD', 'YCBD', 'DFLI', 'DFLI', 'AQMS', 'BQ', 'PSTV', 'PSTV']
Filtering out penny stock: APLT (price: $1.24, min: $5.00)
Filtering out micro-cap stock: QLGN (market cap: $9,375,839, min: $100,000,000)
Filtering out penny stock: YCBD (price: $1.38, min: $5.00)
Filtering out penny stock: DFLI (price: $0.52, min: $5.00)
Filtering out micro-cap stock: BQ (market cap: $27,281,748, min: $100,000,000)
Filtering out penny stock: DVLT (price: $1.09, min: $5.00)
Filtering out penny stock: PSTV (price: $0.83, min: $5.00)
Smart Analysis completed for user: user2. Generated 1 recommendations
Batch analysis completed for 2 users
Buy all smart recommendations requested by user: user1
Found 3 pending BUY recommendations
Portfolio cash: $2976.10
Total cost: $590.04
Executing recommendation for PSTV: 267 shares
  Cash allocated: 221.61 (type: <class 'decimal.Decimal'>)
  Current price: 0.83 (type: <class 'decimal.Decimal'>)
  Portfolio cash: 2976.10 (type: <class 'decimal.Decimal'>)
Successfully executed PSTV
Executing recommendation for YCBD: 161 shares
  Cash allocated: 222.18 (type: <class 'decimal.Decimal'>)
  Current price: 1.38 (type: <class 'decimal.Decimal'>)
  Portfolio cash: 2753.49 (type: <class 'decimal.Decimal'>)
Successfully executed YCBD
Executing recommendation for BQ: 15 shares
  Cash allocated: 146.25 (type: <class 'decimal.Decimal'>)
  Current price: 9.75 (type: <class 'decimal.Decimal'>)
  Portfolio cash: 2530.31 (type: <class 'decimal.Decimal'>)
Successfully executed BQ
Buy all completed: 3 executed, 0 failed
Returning response: {'success': True, 'executed_trades': [{'symbol': 'PSTV', 'shares': 267, 'cost': Decimal('221.61'), 'trade_id': UUID('2dda32fa-41b0-46d9-9ffe-127841e3039d')}, {'symbol': 'YCBD', 'shares': 161, 'cost': Decimal('222.18'), 'trade_id': UUID('34b5b6d7-c633-4e81-a1f2-02cb59b90d4b')}, {'symbol': 'BQ', 'shares': 15, 'cost': Decimal('146.25'), 'trade_id': UUID('551f6230-8cf4-4cdc-9844-956f05e87bbc')}], 'failed_trades': [], 'total_executed': 3, 'total_failed': 0, 'total_cost': 590.04}
Updated quote for AAPL: $254.43
Updated quote for ADAP: $0.14
Updated quote for AGMH: $8.1
Updated quote for AGRI: $3.22
Updated quote for APLT: $0.6119
Updated quote for AQMS: $7.06
Updated quote for ARKOW: $0.0093
Updated quote for ARQQW: $0.9159
Updated quote for ATCH: $0.728
Updated quote for AUUDW: $0.0269
Updated quote for BA: $217.08
Updated quote for BETRW: $0.57
Updated quote for BIAF: $3.25
Updated quote for BIAFW: $0.33
Updated quote for BOXL: $2.45
Updated quote for BQ: $9.75
Updated quote for CJET: $0.17
Updated quote for CREVW: $0.0278
Updated quote for DFLI: $0.656
Updated quote for DIS: $114.78
Updated quote for DVLT: $1.15
Updated quote for FOFO: $40.32
Updated quote for GDEVW: $0.0366
Updated quote for GIGGW: $0.5
Updated quote for GLB.L: $14.0
Updated quote for GOOGL: $244.05
Updated quote for GPUS: $0.45
Updated quote for HOLN.SW: $67.24
Updated quote for ILLRW: $0.0541
Updated quote for INTC: $34.48
Updated quote for IVDAW: $0.14
Updated quote for JFB: $12.7
Updated quote for KYGA.L: $76.25
Updated quote for LSBPW: $0.0102
Updated quote for LVROW: $0.04
Updated quote for MBX: $17.94
Updated quote for MRM: $2.45
Updated quote for MSFT: $514.6
Updated quote for NFLX: $1206.41
Updated quote for NRSNW: $0.38
Updated quote for NUAI: $2.5
Updated quote for NVDA: $181.85
Updated quote for NVO: $55.5
Updated quote for ONMDW: $0.05
Updated quote for OPEN: $8.2
Updated quote for ORIS: $0.203
Updated quote for PLUG: $2.27
Updated quote for PSTV: $0.8311
Updated quote for PXSAW: $0.0098
Updated quote for QLGN: $5.38
Updated quote for SDSTW: $0.115
Updated quote for SHOTW: $0.0319
Updated quote for SLNH: $2.52
Updated quote for SNAP: $8.4
Updated quote for SOXS: $5.31
Updated quote for SVREW: $0.03
Failed to get quote for TL0.DEX: No price data available for TL0.DEX
Failed to update quote for TL0.DEX: Failed to fetch quote for TL0.DEX: No price data available for TL0.DEX
Failed to update TL0.DEX: Failed to fetch quote for TL0.DEX: No price data available for TL0.DEX
Failed to get quote for TL0.FRK: No price data available for TL0.FRK
Failed to update quote for TL0.FRK: Failed to fetch quote for TL0.FRK: No price data available for TL0.FRK
Failed to update TL0.FRK: Failed to fetch quote for TL0.FRK: No price data available for TL0.FRK
Updated quote for TSLA: $443.21
Failed to get quote for TSLA.TRT: No price data available for TSLA.TRT
Failed to update quote for TSLA.TRT: Failed to fetch quote for TSLA.TRT: No price data available for TSLA.TRT
Failed to update TSLA.TRT: Failed to fetch quote for TSLA.TRT: No price data available for TSLA.TRT
Failed to get quote for TSLA34.SAO: No price data available for TSLA34.SAO
Failed to update quote for TSLA34.SAO: Failed to fetch quote for TSLA34.SAO: No price data available for TSLA34.SAO
Failed to update TSLA34.SAO: Failed to fetch quote for TSLA34.SAO: No price data available for TSLA34.SAO
Updated quote for TSLL: $20.98
Updated quote for YAAS: $0.0451
Updated quote for YCBD: $1.38
Buy all smart recommendations requested by user: user2
Found 1 pending BUY recommendations
Portfolio cash: $70531.66
Total cost: $10691.40
Executing recommendation for NVDA: 60 shares
  Cash allocated: 10691.40 (type: <class 'decimal.Decimal'>)
  Current price: 178.19 (type: <class 'decimal.Decimal'>)
  Portfolio cash: 70531.66 (type: <class 'decimal.Decimal'>)
Successfully executed NVDA
Buy all completed: 1 executed, 0 failed
Returning response: {'success': True, 'executed_trades': [{'symbol': 'NVDA', 'shares': 60, 'cost': Decimal('10691.40'), 'trade_id': UUID('514bd7e0-e359-41bd-8345-674ba682d086')}], 'failed_trades': [], 'total_executed': 1, 'total_failed': 0, 'total_cost': 10691.4}
Starting Smart Analysis for user: user3
Successfully retrieved market movers from Alpha Vantage
Found 15 market screening candidates: ['AUUDW', 'PXSAW', 'GIGGW', 'DVLT', 'BQ', 'DFLI', 'SVREW', 'NVDA', 'IINNW', 'SNAP', 'SOXS', 'JFB', 'IVDAW', 'INTC', 'PSTV']
Found 15 high-confidence BUY candidates: ['NUAI', 'GDEVW', 'APLT', 'APLT', 'QLGN', 'QLGN', 'NVDA', 'YCBD', 'YCBD', 'DFLI', 'DFLI', 'AQMS', 'BQ', 'PSTV', 'PSTV']
Yahoo Finance validation passed for AUUDW
Using existing recommendations for AUUDW (API optimization)
Yahoo Finance validation passed for PXSAW
Using existing recommendations for PXSAW (API optimization)
Yahoo Finance validation passed for GIGGW
Using existing recommendations for GIGGW (API optimization)
Yahoo Finance validation passed for DVLT
Using existing recommendations for DVLT (API optimization)
Yahoo Finance validation passed for BQ
Using existing recommendations for BQ (API optimization)
Yahoo Finance validation passed for NUAI
Using existing recommendations for NUAI (API optimization)
Yahoo Finance validation passed for DFLI
Using existing recommendations for DFLI (API optimization)
Yahoo Finance validation passed for SVREW
Using existing recommendations for SVREW (API optimization)
Yahoo Finance validation passed for AQMS
Using existing recommendations for AQMS (API optimization)
Yahoo Finance validation passed for IINNW
Auto-creating missing stock: IINNW
Yahoo Finance validation passed for IINNW
Updated quote for IINNW: $0.3822
Successfully created and updated stock: IINNW
Price target endpoint failed (403), using recommendation data
Finnhub recommendation for IINNW: HOLD
Polygon recommendation for IINNW: SELL
FMP API error for IINNW: 402 Client Error: Payment Required for url: https://financialmodelingprep.com/stable/analyst-estimates?symbol=IINNW&apikey=ynOKFYxumAVxrcJAGhzuN4ZBjCtQcbR7
Enhanced Yahoo recommendation for IINNW: HOLD
Yahoo Finance validation passed for GDEVW
Using existing recommendations for GDEVW (API optimization)
Yahoo Finance validation passed for NVDA
Using existing recommendations for NVDA (API optimization)
Yahoo Finance validation passed for SNAP
Using existing recommendations for SNAP (API optimization)
Yahoo Finance validation passed for SOXS
Price target endpoint failed (403), using recommendation data
Finnhub recommendation for SOXS: HOLD
Polygon recommendation for SOXS: HOLD
FMP API error for SOXS: 402 Client Error: Payment Required for url: https://financialmodelingprep.com/stable/analyst-estimates?symbol=SOXS&apikey=ynOKFYxumAVxrcJAGhzuN4ZBjCtQcbR7
Enhanced Yahoo recommendation for SOXS: HOLD
Yahoo Finance validation passed for JFB
Using existing recommendations for JFB (API optimization)
Yahoo Finance validation passed for IVDAW
Using existing recommendations for IVDAW (API optimization)
Yahoo Finance validation passed for INTC
Using existing recommendations for INTC (API optimization)
Yahoo Finance validation passed for PSTV
Using existing recommendations for PSTV (API optimization)
Yahoo Finance validation passed for YCBD
Using existing recommendations for YCBD (API optimization)
Yahoo Finance validation passed for APLT
Using existing recommendations for APLT (API optimization)
Yahoo Finance validation passed for QLGN
Using existing recommendations for QLGN (API optimization)
Penny stocks allowed for user3 - including DVLT (price: $1.15, market cap: $187308592)
Penny stocks allowed for user3 - including BQ (price: $9.75, market cap: $27281748)
Penny stocks allowed for user3 - including NUAI (price: $2.50, market cap: $47802348)
Penny stocks allowed for user3 - including DFLI (price: $0.66, market cap: $32321926)
Penny stocks allowed for user3 - including AQMS (price: $7.06, market cap: $10263837)
Penny stocks allowed for user3 - including GDEVW (price: $0.04, market cap: $N/A)
Penny stocks allowed for user3 - including NVDA (price: $181.85, market cap: $4329385492000)
Penny stocks allowed for user3 - including PSTV (price: $0.83, market cap: $82498744)
Penny stocks allowed for user3 - including YCBD (price: $1.38, market cap: $12299883)
Penny stocks allowed for user3 - including APLT (price: $0.61, market cap: $178575040)
Penny stocks allowed for user3 - including QLGN (price: $5.38, market cap: $9375839)
Smart Analysis completed for user: user3. Generated 8 recommendations
Buy all smart recommendations requested by user: user3
Found 8 pending BUY recommendations
Portfolio cash: $100000.00
Total cost: $39916.40
Executing recommendation for NVDA: 36 shares
  Cash allocated: 6546.60 (type: <class 'decimal.Decimal'>)
  Current price: 181.85 (type: <class 'decimal.Decimal'>)
  Portfolio cash: 100000.00 (type: <class 'decimal.Decimal'>)
Successfully executed NVDA
Executing recommendation for QLGN: 965 shares
  Cash allocated: 5191.70 (type: <class 'decimal.Decimal'>)
  Current price: 5.38 (type: <class 'decimal.Decimal'>)
  Portfolio cash: 93446.85340 (type: <class 'decimal.Decimal'>)
Successfully executed QLGN
Executing recommendation for APLT: 8519 shares
  Cash allocated: 5196.59 (type: <class 'decimal.Decimal'>)
  Current price: 0.61 (type: <class 'decimal.Decimal'>)
  Portfolio cash: 88249.96170 (type: <class 'decimal.Decimal'>)
Successfully executed APLT
Executing recommendation for YCBD: 3765 shares
  Cash allocated: 5195.70 (type: <class 'decimal.Decimal'>)
  Current price: 1.38 (type: <class 'decimal.Decimal'>)
  Portfolio cash: 83048.17511 (type: <class 'decimal.Decimal'>)
Successfully executed YCBD
Executing recommendation for PSTV: 6261 shares
  Cash allocated: 5196.63 (type: <class 'decimal.Decimal'>)
  Current price: 0.83 (type: <class 'decimal.Decimal'>)
  Portfolio cash: 77847.27941 (type: <class 'decimal.Decimal'>)
Successfully executed PSTV
Executing recommendation for DFLI: 7873 shares
  Cash allocated: 5196.18 (type: <class 'decimal.Decimal'>)
  Current price: 0.66 (type: <class 'decimal.Decimal'>)
  Portfolio cash: 72645.45278 (type: <class 'decimal.Decimal'>)
Successfully executed DFLI
Executing recommendation for AQMS: 550 shares
  Cash allocated: 3883.00 (type: <class 'decimal.Decimal'>)
  Current price: 7.06 (type: <class 'decimal.Decimal'>)
  Portfolio cash: 67444.07660 (type: <class 'decimal.Decimal'>)
Successfully executed AQMS
Executing recommendation for BQ: 360 shares
  Cash allocated: 3510.00 (type: <class 'decimal.Decimal'>)
  Current price: 9.75 (type: <class 'decimal.Decimal'>)
  Portfolio cash: 63557.19360 (type: <class 'decimal.Decimal'>)
Successfully executed BQ
Buy all completed: 8 executed, 0 failed
Returning response: {'success': True, 'executed_trades': [{'symbol': 'NVDA', 'shares': 36, 'cost': Decimal('6546.60'), 'trade_id': UUID('6740e4b3-6e14-4329-aa9a-a8963022a8c8')}, {'symbol': 'QLGN', 'shares': 965, 'cost': Decimal('5191.70'), 'trade_id': UUID('3e489b9d-40b2-4adf-b186-08c3478a00f8')}, {'symbol': 'APLT', 'shares': 8519, 'cost': Decimal('5196.59'), 'trade_id': UUID('04a2eae7-1b14-4903-9fff-06c283ee5b9d')}, {'symbol': 'YCBD', 'shares': 3765, 'cost': Decimal('5195.70'), 'trade_id': UUID('2c96cfa5-4267-445e-ab1d-8709ef5ab6bd')}, {'symbol': 'PSTV', 'shares': 6261, 'cost': Decimal('5196.63'), 'trade_id': UUID('c6f2ed54-96b0-48c2-a2ec-a4722cff7dbf')}, {'symbol': 'DFLI', 'shares': 7873, 'cost': Decimal('5196.18'), 'trade_id': UUID('f765f88a-02ad-4b10-8272-38aa764849c1')}, {'symbol': 'AQMS', 'shares': 550, 'cost': Decimal('3883.00'), 'trade_id': UUID('9538ebd3-a6fb-4f21-a2d7-a847980a3a94')}, {'symbol': 'BQ', 'shares': 360, 'cost': Decimal('3510.00'), 'trade_id': UUID('0fcd3123-8026-4293-bf4d-f6f887f9909f')}], 'failed_trades': [], 'total_executed': 8, 'total_failed': 0, 'total_cost': 39916.4}
Price target endpoint failed (403), using recommendation data
Finnhub recommendation for GOOGL: BUY
Polygon recommendation for GOOGL: BUY
FMP API error for GOOGL: 400 Client Error: Bad Request for url: https://financialmodelingprep.com/stable/analyst-estimates?symbol=GOOGL&apikey=ynOKFYxumAVxrcJAGhzuN4ZBjCtQcbR7
Enhanced Yahoo recommendation for GOOGL: BUY
Using existing recommendations for GOOGL (API optimization)
Starting Smart Analysis for user: user1
Successfully retrieved market movers from Alpha Vantage
Found 15 market screening candidates: ['CAPTW', 'EPOW', 'SNAP', 'NRXPW', 'OPEN', 'NVDA', 'RVSNW', 'RVPHW', 'WGSWW', 'SOXS', 'EONR+', 'BURU', 'TLRY', 'INTC', 'BENF']
Found 15 high-confidence BUY candidates: ['GOOGL', 'GOOGL', 'GOOGL', 'NUAI', 'GDEVW', 'APLT', 'APLT', 'QLGN', 'QLGN', 'NVDA', 'YCBD', 'YCBD', 'DFLI', 'DFLI', 'AQMS']
Yahoo Finance validation passed for ONMDW
Price target endpoint failed (403), using recommendation data
Finnhub recommendation for ONMDW: HOLD
Polygon recommendation for ONMDW: BUY
FMP API error for ONMDW: 402 Client Error: Payment Required for url: https://financialmodelingprep.com/stable/analyst-estimates?symbol=ONMDW&apikey=ynOKFYxumAVxrcJAGhzuN4ZBjCtQcbR7
Enhanced Yahoo recommendation for ONMDW: SELL
Yahoo Finance validation passed for CAPTW
Auto-creating missing stock: CAPTW
Yahoo Finance validation passed for CAPTW
Updated quote for CAPTW: $0.04
Successfully created and updated stock: CAPTW
Price target endpoint failed (403), using recommendation data
Finnhub recommendation for CAPTW: HOLD
Polygon recommendation for CAPTW: SELL
FMP API error for CAPTW: 402 Client Error: Payment Required for url: https://financialmodelingprep.com/stable/analyst-estimates?symbol=CAPTW&apikey=ynOKFYxumAVxrcJAGhzuN4ZBjCtQcbR7
Enhanced Yahoo recommendation for CAPTW: HOLD
Yahoo Finance validation passed for EPOW
Auto-creating missing stock: EPOW
Yahoo Finance validation passed for EPOW
Updated quote for EPOW: $1.4
Successfully created and updated stock: EPOW
Price target endpoint failed (403), using recommendation data
Finnhub recommendation for EPOW: HOLD
Polygon recommendation for EPOW: BUY
FMP API error for EPOW: 402 Client Error: Payment Required for url: https://financialmodelingprep.com/stable/analyst-estimates?symbol=EPOW&apikey=ynOKFYxumAVxrcJAGhzuN4ZBjCtQcbR7
Enhanced Yahoo recommendation for EPOW: HOLD
Yahoo Finance validation passed for DVLT
Price target endpoint failed (403), using recommendation data
Finnhub recommendation for DVLT: BUY
Polygon recommendation for DVLT: HOLD
FMP API error for DVLT: 402 Client Error: Payment Required for url: https://financialmodelingprep.com/stable/analyst-estimates?symbol=DVLT&apikey=ynOKFYxumAVxrcJAGhzuN4ZBjCtQcbR7
Enhanced Yahoo recommendation for DVLT: STRONG_BUY
Yahoo Finance validation passed for SNAP
Price target endpoint failed (403), using recommendation data
Finnhub recommendation for SNAP: HOLD
Error fetching Polygon data for SNAP: 429 Client Error: Too Many Requests for url: https://api.polygon.io/v2/aggs/ticker/SNAP/range/1/day/2024-01-01/2024-12-31?apikey=MSVhtqDKV9HyMOdla5UunU2EFs53MweY&limit=50
FMP API error for SNAP: 400 Client Error: Bad Request for url: https://financialmodelingprep.com/stable/analyst-estimates?symbol=SNAP&apikey=ynOKFYxumAVxrcJAGhzuN4ZBjCtQcbR7
Enhanced Yahoo recommendation for SNAP: HOLD
Yahoo Finance validation passed for DIS
Price target endpoint failed (403), using recommendation data
Finnhub recommendation for DIS: BUY
Error fetching Polygon data for DIS: 429 Client Error: Too Many Requests for url: https://api.polygon.io/v2/aggs/ticker/DIS/prev?apikey=MSVhtqDKV9HyMOdla5UunU2EFs53MweY
FMP API error for DIS: 400 Client Error: Bad Request for url: https://financialmodelingprep.com/stable/analyst-estimates?symbol=DIS&apikey=ynOKFYxumAVxrcJAGhzuN4ZBjCtQcbR7
Enhanced Yahoo recommendation for DIS: BUY
Yahoo Finance validation passed for NRXPW
Auto-creating missing stock: NRXPW
Yahoo Finance validation passed for NRXPW
Updated quote for NRXPW: $0.0712
Successfully created and updated stock: NRXPW
Price target endpoint failed (403), using recommendation data
Finnhub recommendation for NRXPW: HOLD
Error fetching Polygon data for NRXPW: 429 Client Error: Too Many Requests for url: https://api.polygon.io/v2/aggs/ticker/NRXPW/prev?apikey=MSVhtqDKV9HyMOdla5UunU2EFs53MweY
FMP API error for NRXPW: 402 Client Error: Payment Required for url: https://financialmodelingprep.com/stable/analyst-estimates?symbol=NRXPW&apikey=ynOKFYxumAVxrcJAGhzuN4ZBjCtQcbR7
Enhanced Yahoo recommendation for NRXPW: HOLD
Yahoo Finance validation passed for OPEN
Price target endpoint failed (403), using recommendation data
Finnhub recommendation for OPEN: SELL
Error fetching Polygon data for OPEN: 429 Client Error: Too Many Requests for url: https://api.polygon.io/v2/aggs/ticker/OPEN/prev?apikey=MSVhtqDKV9HyMOdla5UunU2EFs53MweY
FMP API error for OPEN: 402 Client Error: Payment Required for url: https://financialmodelingprep.com/stable/analyst-estimates?symbol=OPEN&apikey=ynOKFYxumAVxrcJAGhzuN4ZBjCtQcbR7
Enhanced Yahoo recommendation for OPEN: SELL
Yahoo Finance validation passed for NVDA
Price target endpoint failed (403), using recommendation data
Finnhub recommendation for NVDA: BUY
Error fetching Polygon data for NVDA: 429 Client Error: Too Many Requests for url: https://api.polygon.io/v2/aggs/ticker/NVDA/prev?apikey=MSVhtqDKV9HyMOdla5UunU2EFs53MweY
FMP API error for NVDA: 400 Client Error: Bad Request for url: https://financialmodelingprep.com/stable/analyst-estimates?symbol=NVDA&apikey=ynOKFYxumAVxrcJAGhzuN4ZBjCtQcbR7
Enhanced Yahoo recommendation for NVDA: STRONG_BUY
Yahoo Finance validation passed for GDEVW
Price target endpoint failed (403), using recommendation data
Finnhub recommendation for GDEVW: HOLD
Error fetching Polygon data for GDEVW: 429 Client Error: Too Many Requests for url: https://api.polygon.io/v2/aggs/ticker/GDEVW/prev?apikey=MSVhtqDKV9HyMOdla5UunU2EFs53MweY
FMP API error for GDEVW: 402 Client Error: Payment Required for url: https://financialmodelingprep.com/stable/analyst-estimates?symbol=GDEVW&apikey=ynOKFYxumAVxrcJAGhzuN4ZBjCtQcbR7
Enhanced Yahoo recommendation for GDEVW: BUY
Yahoo Finance validation passed for NVO
Price target endpoint failed (403), using recommendation data
Finnhub recommendation for NVO: BUY
Error fetching Polygon data for NVO: 429 Client Error: Too Many Requests for url: https://api.polygon.io/v2/aggs/ticker/NVO/prev?apikey=MSVhtqDKV9HyMOdla5UunU2EFs53MweY
FMP API error for NVO: 402 Client Error: Payment Required for url: https://financialmodelingprep.com/stable/analyst-estimates?symbol=NVO&apikey=ynOKFYxumAVxrcJAGhzuN4ZBjCtQcbR7
Enhanced Yahoo recommendation for NVO: STRONG_BUY
Yahoo Finance validation passed for RVSNW
Auto-creating missing stock: RVSNW
Yahoo Finance validation passed for RVSNW
Updated quote for RVSNW: $0.0943
Successfully created and updated stock: RVSNW
Price target endpoint failed (403), using recommendation data
Finnhub recommendation for RVSNW: HOLD
Polygon recommendation for RVSNW: SELL
FMP API error for RVSNW: 402 Client Error: Payment Required for url: https://financialmodelingprep.com/stable/analyst-estimates?symbol=RVSNW&apikey=ynOKFYxumAVxrcJAGhzuN4ZBjCtQcbR7
Enhanced Yahoo recommendation for RVSNW: SELL
Yahoo Finance validation passed for MBX
Price target endpoint failed (403), using recommendation data
Finnhub recommendation for MBX: BUY
Polygon recommendation for MBX: HOLD
FMP API error for MBX: 402 Client Error: Payment Required for url: https://financialmodelingprep.com/stable/analyst-estimates?symbol=MBX&apikey=ynOKFYxumAVxrcJAGhzuN4ZBjCtQcbR7
Enhanced Yahoo recommendation for MBX: BUY
Yahoo Finance validation passed for GPUS
Price target endpoint failed (403), using recommendation data
Finnhub recommendation for GPUS: BUY
Error fetching Polygon data for GPUS: 429 Client Error: Too Many Requests for url: https://api.polygon.io/v2/aggs/ticker/GPUS/range/1/day/2024-01-01/2024-12-31?apikey=MSVhtqDKV9HyMOdla5UunU2EFs53MweY&limit=50
FMP API error for GPUS: 402 Client Error: Payment Required for url: https://financialmodelingprep.com/stable/analyst-estimates?symbol=GPUS&apikey=ynOKFYxumAVxrcJAGhzuN4ZBjCtQcbR7
Enhanced Yahoo recommendation for GPUS: HOLD
Yahoo Finance validation passed for MRM
Price target endpoint failed (403), using recommendation data
Finnhub recommendation for MRM: HOLD
Error fetching Polygon data for MRM: 429 Client Error: Too Many Requests for url: https://api.polygon.io/v2/aggs/ticker/MRM/prev?apikey=MSVhtqDKV9HyMOdla5UunU2EFs53MweY
FMP API error for MRM: 402 Client Error: Payment Required for url: https://financialmodelingprep.com/stable/analyst-estimates?symbol=MRM&apikey=ynOKFYxumAVxrcJAGhzuN4ZBjCtQcbR7
Enhanced Yahoo recommendation for MRM: STRONG_BUY
Yahoo Finance validation passed for DFLI
Price target endpoint failed (403), using recommendation data
Finnhub recommendation for DFLI: BUY
Error fetching Polygon data for DFLI: 429 Client Error: Too Many Requests for url: https://api.polygon.io/v2/aggs/ticker/DFLI/prev?apikey=MSVhtqDKV9HyMOdla5UunU2EFs53MweY
FMP API error for DFLI: 402 Client Error: Payment Required for url: https://financialmodelingprep.com/stable/analyst-estimates?symbol=DFLI&apikey=ynOKFYxumAVxrcJAGhzuN4ZBjCtQcbR7
Enhanced Yahoo recommendation for DFLI: BUY
Yahoo Finance validation passed for ATCH
Price target endpoint failed (403), using recommendation data
Finnhub recommendation for ATCH: HOLD
Error fetching Polygon data for ATCH: 429 Client Error: Too Many Requests for url: https://api.polygon.io/v2/aggs/ticker/ATCH/prev?apikey=MSVhtqDKV9HyMOdla5UunU2EFs53MweY
FMP API error for ATCH: 402 Client Error: Payment Required for url: https://financialmodelingprep.com/stable/analyst-estimates?symbol=ATCH&apikey=ynOKFYxumAVxrcJAGhzuN4ZBjCtQcbR7
Enhanced Yahoo recommendation for ATCH: HOLD
Yahoo Finance validation passed for AAPL
Price target endpoint failed (403), using recommendation data
Finnhub recommendation for AAPL: BUY
Error fetching Polygon data for AAPL: 429 Client Error: Too Many Requests for url: https://api.polygon.io/v2/aggs/ticker/AAPL/prev?apikey=MSVhtqDKV9HyMOdla5UunU2EFs53MweY
FMP API error for AAPL: 400 Client Error: Bad Request for url: https://financialmodelingprep.com/stable/analyst-estimates?symbol=AAPL&apikey=ynOKFYxumAVxrcJAGhzuN4ZBjCtQcbR7
Enhanced Yahoo recommendation for AAPL: HOLD
Yahoo Finance validation passed for AGRI
Price target endpoint failed (403), using recommendation data
Finnhub recommendation for AGRI: BUY
Error fetching Polygon data for AGRI: 429 Client Error: Too Many Requests for url: https://api.polygon.io/v2/aggs/ticker/AGRI/prev?apikey=MSVhtqDKV9HyMOdla5UunU2EFs53MweY
FMP API error for AGRI: 402 Client Error: Payment Required for url: https://financialmodelingprep.com/stable/analyst-estimates?symbol=AGRI&apikey=ynOKFYxumAVxrcJAGhzuN4ZBjCtQcbR7
Enhanced Yahoo recommendation for AGRI: BUY
Yahoo Finance validation passed for RVPHW
Auto-creating missing stock: RVPHW
Yahoo Finance validation passed for RVPHW
Updated quote for RVPHW: $0.08
Successfully created and updated stock: RVPHW
Price target endpoint failed (403), using recommendation data
Finnhub recommendation for RVPHW: HOLD
Polygon recommendation for RVPHW: SELL
FMP API error for RVPHW: 402 Client Error: Payment Required for url: https://financialmodelingprep.com/stable/analyst-estimates?symbol=RVPHW&apikey=ynOKFYxumAVxrcJAGhzuN4ZBjCtQcbR7
Enhanced Yahoo recommendation for RVPHW: HOLD
Yahoo Finance validation passed for WGSWW
Auto-creating missing stock: WGSWW
Yahoo Finance validation passed for WGSWW
Updated quote for WGSWW: $0.1096
Successfully created and updated stock: WGSWW
Price target endpoint failed (403), using recommendation data
Finnhub recommendation for WGSWW: HOLD
Polygon recommendation for WGSWW: BUY
FMP API error for WGSWW: 402 Client Error: Payment Required for url: https://financialmodelingprep.com/stable/analyst-estimates?symbol=WGSWW&apikey=ynOKFYxumAVxrcJAGhzuN4ZBjCtQcbR7
Enhanced Yahoo recommendation for WGSWW: HOLD
Yahoo Finance validation passed for BQ
Price target endpoint failed (403), using recommendation data
Finnhub recommendation for BQ: BUY
Error fetching Polygon data for BQ: 429 Client Error: Too Many Requests for url: https://api.polygon.io/v2/aggs/ticker/BQ/range/1/day/2024-01-01/2024-12-31?apikey=MSVhtqDKV9HyMOdla5UunU2EFs53MweY&limit=50
FMP API error for BQ: 402 Client Error: Payment Required for url: https://financialmodelingprep.com/stable/analyst-estimates?symbol=BQ&apikey=ynOKFYxumAVxrcJAGhzuN4ZBjCtQcbR7
Enhanced Yahoo recommendation for BQ: SELL
Yahoo Finance validation passed for AGMH
Price target endpoint failed (403), using recommendation data
Finnhub recommendation for AGMH: BUY
Error fetching Polygon data for AGMH: 429 Client Error: Too Many Requests for url: https://api.polygon.io/v2/aggs/ticker/AGMH/prev?apikey=MSVhtqDKV9HyMOdla5UunU2EFs53MweY
FMP API error for AGMH: 402 Client Error: Payment Required for url: https://financialmodelingprep.com/stable/analyst-estimates?symbol=AGMH&apikey=ynOKFYxumAVxrcJAGhzuN4ZBjCtQcbR7
Enhanced Yahoo recommendation for AGMH: BUY
Yahoo Finance validation passed for SOXS
Price target endpoint failed (403), using recommendation data
Finnhub recommendation for SOXS: HOLD
Error fetching Polygon data for SOXS: 429 Client Error: Too Many Requests for url: https://api.polygon.io/v2/aggs/ticker/SOXS/prev?apikey=MSVhtqDKV9HyMOdla5UunU2EFs53MweY
FMP API error for SOXS: 402 Client Error: Payment Required for url: https://financialmodelingprep.com/stable/analyst-estimates?symbol=SOXS&apikey=ynOKFYxumAVxrcJAGhzuN4ZBjCtQcbR7
Enhanced Yahoo recommendation for SOXS: HOLD
Yahoo Finance validation passed for QLGN
Price target endpoint failed (403), using recommendation data
Finnhub recommendation for QLGN: BUY
Error fetching Polygon data for QLGN: 429 Client Error: Too Many Requests for url: https://api.polygon.io/v2/aggs/ticker/QLGN/prev?apikey=MSVhtqDKV9HyMOdla5UunU2EFs53MweY
FMP API error for QLGN: 402 Client Error: Payment Required for url: https://financialmodelingprep.com/stable/analyst-estimates?symbol=QLGN&apikey=ynOKFYxumAVxrcJAGhzuN4ZBjCtQcbR7
Enhanced Yahoo recommendation for QLGN: BUY
Failed to get quote for EONR+: No price data available for EONR+
Yahoo Finance validation failed for EONR+: Failed to fetch quote for EONR+: No price data available for EONR+
Skipping EONR+ - not recognized by Yahoo Finance
Yahoo Finance validation passed for BURU
Auto-creating missing stock: BURU
Yahoo Finance validation passed for BURU
Updated quote for BURU: $0.1488
Successfully created and updated stock: BURU
Price target endpoint failed (403), using recommendation data
Finnhub recommendation for BURU: HOLD
Error fetching Polygon data for BURU: 429 Client Error: Too Many Requests for url: https://api.polygon.io/v2/aggs/ticker/BURU/prev?apikey=MSVhtqDKV9HyMOdla5UunU2EFs53MweY
FMP API error for BURU: 402 Client Error: Payment Required for url: https://financialmodelingprep.com/stable/analyst-estimates?symbol=BURU&apikey=ynOKFYxumAVxrcJAGhzuN4ZBjCtQcbR7
Enhanced Yahoo recommendation for BURU: HOLD
Yahoo Finance validation passed for PSTV
Price target endpoint failed (403), using recommendation data
Finnhub recommendation for PSTV: BUY
Error fetching Polygon data for PSTV: 429 Client Error: Too Many Requests for url: https://api.polygon.io/v2/aggs/ticker/PSTV/prev?apikey=MSVhtqDKV9HyMOdla5UunU2EFs53MweY
FMP API error for PSTV: 402 Client Error: Payment Required for url: https://financialmodelingprep.com/stable/analyst-estimates?symbol=PSTV&apikey=ynOKFYxumAVxrcJAGhzuN4ZBjCtQcbR7
Enhanced Yahoo recommendation for PSTV: BUY
Yahoo Finance validation passed for NFLX
Price target endpoint failed (403), using recommendation data
Finnhub recommendation for NFLX: BUY
Polygon recommendation for NFLX: BUY
FMP API error for NFLX: 400 Client Error: Bad Request for url: https://financialmodelingprep.com/stable/analyst-estimates?symbol=NFLX&apikey=ynOKFYxumAVxrcJAGhzuN4ZBjCtQcbR7
Enhanced Yahoo recommendation for NFLX: BUY
Yahoo Finance validation passed for TLRY
Auto-creating missing stock: TLRY
Yahoo Finance validation passed for TLRY
Updated quote for TLRY: $1.73
Successfully created and updated stock: TLRY
Price target endpoint failed (403), using recommendation data
Finnhub recommendation for TLRY: HOLD
Polygon recommendation for TLRY: BUY
FMP API error for TLRY: 400 Client Error: Bad Request for url: https://financialmodelingprep.com/stable/analyst-estimates?symbol=TLRY&apikey=ynOKFYxumAVxrcJAGhzuN4ZBjCtQcbR7
Enhanced Yahoo recommendation for TLRY: HOLD
Yahoo Finance validation passed for BA
Price target endpoint failed (403), using recommendation data
Finnhub recommendation for BA: BUY
Error fetching Polygon data for BA: 429 Client Error: Too Many Requests for url: https://api.polygon.io/v2/aggs/ticker/BA/range/1/day/2024-01-01/2024-12-31?apikey=MSVhtqDKV9HyMOdla5UunU2EFs53MweY&limit=50
FMP API error for BA: 400 Client Error: Bad Request for url: https://financialmodelingprep.com/stable/analyst-estimates?symbol=BA&apikey=ynOKFYxumAVxrcJAGhzuN4ZBjCtQcbR7
Enhanced Yahoo recommendation for BA: BUY
Yahoo Finance validation passed for NUAI
Price target endpoint failed (403), using recommendation data
Finnhub recommendation for NUAI: HOLD
Error fetching Polygon data for NUAI: 429 Client Error: Too Many Requests for url: https://api.polygon.io/v2/aggs/ticker/NUAI/prev?apikey=MSVhtqDKV9HyMOdla5UunU2EFs53MweY
FMP API error for NUAI: 402 Client Error: Payment Required for url: https://financialmodelingprep.com/stable/analyst-estimates?symbol=NUAI&apikey=ynOKFYxumAVxrcJAGhzuN4ZBjCtQcbR7
Enhanced Yahoo recommendation for NUAI: BUY
Yahoo Finance validation passed for MSFT
Price target endpoint failed (403), using recommendation data
Finnhub recommendation for MSFT: BUY
Error fetching Polygon data for MSFT: 429 Client Error: Too Many Requests for url: https://api.polygon.io/v2/aggs/ticker/MSFT/prev?apikey=MSVhtqDKV9HyMOdla5UunU2EFs53MweY
FMP API error for MSFT: 400 Client Error: Bad Request for url: https://financialmodelingprep.com/stable/analyst-estimates?symbol=MSFT&apikey=ynOKFYxumAVxrcJAGhzuN4ZBjCtQcbR7
Enhanced Yahoo recommendation for MSFT: STRONG_BUY
Yahoo Finance validation passed for INTC
Price target endpoint failed (403), using recommendation data
Finnhub recommendation for INTC: HOLD
Error fetching Polygon data for INTC: 429 Client Error: Too Many Requests for url: https://api.polygon.io/v2/aggs/ticker/INTC/prev?apikey=MSVhtqDKV9HyMOdla5UunU2EFs53MweY
FMP API error for INTC: 400 Client Error: Bad Request for url: https://financialmodelingprep.com/stable/analyst-estimates?symbol=INTC&apikey=ynOKFYxumAVxrcJAGhzuN4ZBjCtQcbR7
Enhanced Yahoo recommendation for INTC: SELL
Yahoo Finance validation passed for GOOGL
Price target endpoint failed (403), using recommendation data
Finnhub recommendation for GOOGL: BUY
Error fetching Polygon data for GOOGL: 429 Client Error: Too Many Requests for url: https://api.polygon.io/v2/aggs/ticker/GOOGL/prev?apikey=MSVhtqDKV9HyMOdla5UunU2EFs53MweY
FMP API error for GOOGL: 400 Client Error: Bad Request for url: https://financialmodelingprep.com/stable/analyst-estimates?symbol=GOOGL&apikey=ynOKFYxumAVxrcJAGhzuN4ZBjCtQcbR7
Enhanced Yahoo recommendation for GOOGL: BUY
Yahoo Finance validation passed for AQMS
Price target endpoint failed (403), using recommendation data
Finnhub recommendation for AQMS: BUY
Error fetching Polygon data for AQMS: 429 Client Error: Too Many Requests for url: https://api.polygon.io/v2/aggs/ticker/AQMS/prev?apikey=MSVhtqDKV9HyMOdla5UunU2EFs53MweY
FMP API error for AQMS: 402 Client Error: Payment Required for url: https://financialmodelingprep.com/stable/analyst-estimates?symbol=AQMS&apikey=ynOKFYxumAVxrcJAGhzuN4ZBjCtQcbR7
Enhanced Yahoo recommendation for AQMS: HOLD
Yahoo Finance validation passed for YCBD
Price target endpoint failed (403), using recommendation data
Finnhub recommendation for YCBD: BUY
Error fetching Polygon data for YCBD: 429 Client Error: Too Many Requests for url: https://api.polygon.io/v2/aggs/ticker/YCBD/prev?apikey=MSVhtqDKV9HyMOdla5UunU2EFs53MweY
FMP API error for YCBD: 402 Client Error: Payment Required for url: https://financialmodelingprep.com/stable/analyst-estimates?symbol=YCBD&apikey=ynOKFYxumAVxrcJAGhzuN4ZBjCtQcbR7
Enhanced Yahoo recommendation for YCBD: BUY
Yahoo Finance validation passed for BENF
Auto-creating missing stock: BENF
Yahoo Finance validation passed for BENF
Updated quote for BENF: $0.9512
Successfully created and updated stock: BENF
Price target endpoint failed (403), using recommendation data
Finnhub recommendation for BENF: HOLD
Polygon recommendation for BENF: SELL
FMP API error for BENF: 402 Client Error: Payment Required for url: https://financialmodelingprep.com/stable/analyst-estimates?symbol=BENF&apikey=ynOKFYxumAVxrcJAGhzuN4ZBjCtQcbR7
Enhanced Yahoo recommendation for BENF: HOLD
Yahoo Finance validation passed for APLT
Price target endpoint failed (403), using recommendation data
Finnhub recommendation for APLT: BUY
Polygon recommendation for APLT: SELL
FMP API error for APLT: 402 Client Error: Payment Required for url: https://financialmodelingprep.com/stable/analyst-estimates?symbol=APLT&apikey=ynOKFYxumAVxrcJAGhzuN4ZBjCtQcbR7
Enhanced Yahoo recommendation for APLT: BUY
Smart Analysis completed for user: user1. Generated 0 recommendations
Starting Smart Analysis for user: user2
Found 15 market screening candidates: ['CAPTW', 'EPOW', 'SNAP', 'NRXPW', 'OPEN', 'NVDA', 'RVSNW', 'RVPHW', 'WGSWW', 'SOXS', 'EONR+', 'BURU', 'TLRY', 'INTC', 'BENF']
Found 15 high-confidence BUY candidates: ['APLT', 'APLT', 'YCBD', 'YCBD', 'AQMS', 'GOOGL', 'GOOGL', 'MSFT', 'NUAI', 'BA', 'BA', 'NFLX', 'NFLX', 'NFLX', 'PSTV']
Yahoo Finance validation passed for CAPTW
Using existing recommendations for CAPTW (API optimization)
Yahoo Finance validation passed for EPOW
Using existing recommendations for EPOW (API optimization)
Yahoo Finance validation passed for SNAP
Using existing recommendations for SNAP (API optimization)
Yahoo Finance validation passed for DIS
Using existing recommendations for DIS (API optimization)
Yahoo Finance validation passed for NRXPW
Using existing recommendations for NRXPW (API optimization)
Yahoo Finance validation passed for OPEN
Using existing recommendations for OPEN (API optimization)
Yahoo Finance validation passed for NVDA
Using existing recommendations for NVDA (API optimization)
Yahoo Finance validation passed for RVSNW
Using existing recommendations for RVSNW (API optimization)
Yahoo Finance validation passed for MBX
Using existing recommendations for MBX (API optimization)
Yahoo Finance validation passed for RVPHW
Using existing recommendations for RVPHW (API optimization)
Yahoo Finance validation passed for AAPL
Using existing recommendations for AAPL (API optimization)
Yahoo Finance validation passed for WGSWW
Using existing recommendations for WGSWW (API optimization)
Yahoo Finance validation passed for SOXS
Using existing recommendations for SOXS (API optimization)
Failed to get quote for EONR+: No price data available for EONR+
Yahoo Finance validation failed for EONR+: Failed to fetch quote for EONR+: No price data available for EONR+
Skipping EONR+ - not recognized by Yahoo Finance
Yahoo Finance validation passed for BURU
Using existing recommendations for BURU (API optimization)
Yahoo Finance validation passed for PSTV
Using existing recommendations for PSTV (API optimization)
Yahoo Finance validation passed for NFLX
Using existing recommendations for NFLX (API optimization)
Yahoo Finance validation passed for TLRY
Using existing recommendations for TLRY (API optimization)
Yahoo Finance validation passed for BA
Using existing recommendations for BA (API optimization)
Yahoo Finance validation passed for NUAI
Using existing recommendations for NUAI (API optimization)
Yahoo Finance validation passed for MSFT
Using existing recommendations for MSFT (API optimization)
Yahoo Finance validation passed for INTC
Using existing recommendations for INTC (API optimization)
Yahoo Finance validation passed for GOOGL
Using existing recommendations for GOOGL (API optimization)
Yahoo Finance validation passed for AQMS
Using existing recommendations for AQMS (API optimization)
Yahoo Finance validation passed for BENF
Using existing recommendations for BENF (API optimization)
Yahoo Finance validation passed for YCBD
Using existing recommendations for YCBD (API optimization)
Yahoo Finance validation passed for APLT
Using existing recommendations for APLT (API optimization)
Filtering out penny stock: PSTV (price: $0.83, min: $5.00)
Filtering out penny stock: YCBD (price: $1.38, min: $5.00)
Filtering out penny stock: APLT (price: $0.61, min: $5.00)
Smart Analysis completed for user: user2. Generated 2 recommendations
Starting Smart Analysis for user: user3
Found 15 market screening candidates: ['CAPTW', 'EPOW', 'SNAP', 'NRXPW', 'OPEN', 'NVDA', 'RVSNW', 'RVPHW', 'WGSWW', 'SOXS', 'EONR+', 'BURU', 'TLRY', 'INTC', 'BENF']
Found 15 high-confidence BUY candidates: ['APLT', 'APLT', 'YCBD', 'YCBD', 'AQMS', 'GOOGL', 'GOOGL', 'MSFT', 'NUAI', 'BA', 'BA', 'NFLX', 'NFLX', 'NFLX', 'PSTV']
Yahoo Finance validation passed for CAPTW
Using existing recommendations for CAPTW (API optimization)
Yahoo Finance validation passed for EPOW
Using existing recommendations for EPOW (API optimization)
Yahoo Finance validation passed for SNAP
Using existing recommendations for SNAP (API optimization)
Yahoo Finance validation passed for NRXPW
Using existing recommendations for NRXPW (API optimization)
Yahoo Finance validation passed for OPEN
Using existing recommendations for OPEN (API optimization)
Yahoo Finance validation passed for NVDA
Using existing recommendations for NVDA (API optimization)
Yahoo Finance validation passed for RVSNW
Using existing recommendations for RVSNW (API optimization)
Yahoo Finance validation passed for DFLI
Using existing recommendations for DFLI (API optimization)
Yahoo Finance validation passed for RVPHW
Using existing recommendations for RVPHW (API optimization)
Yahoo Finance validation passed for WGSWW
Using existing recommendations for WGSWW (API optimization)
Yahoo Finance validation passed for BQ
Using existing recommendations for BQ (API optimization)
Yahoo Finance validation passed for SOXS
Using existing recommendations for SOXS (API optimization)
Failed to get quote for EONR+: No price data available for EONR+
Yahoo Finance validation failed for EONR+: Failed to fetch quote for EONR+: No price data available for EONR+
Skipping EONR+ - not recognized by Yahoo Finance
Yahoo Finance validation passed for QLGN
Using existing recommendations for QLGN (API optimization)
Yahoo Finance validation passed for BURU
Using existing recommendations for BURU (API optimization)
Yahoo Finance validation passed for PSTV
Using existing recommendations for PSTV (API optimization)
Yahoo Finance validation passed for NFLX
Using existing recommendations for NFLX (API optimization)
Yahoo Finance validation passed for TLRY
Using existing recommendations for TLRY (API optimization)
Yahoo Finance validation passed for BA
Using existing recommendations for BA (API optimization)
Yahoo Finance validation passed for NUAI
Using existing recommendations for NUAI (API optimization)
Yahoo Finance validation passed for MSFT
Using existing recommendations for MSFT (API optimization)
Yahoo Finance validation passed for INTC
Using existing recommendations for INTC (API optimization)
Yahoo Finance validation passed for GOOGL
Using existing recommendations for GOOGL (API optimization)
Yahoo Finance validation passed for AQMS
Using existing recommendations for AQMS (API optimization)
Yahoo Finance validation passed for YCBD
Using existing recommendations for YCBD (API optimization)
Yahoo Finance validation passed for BENF
Using existing recommendations for BENF (API optimization)
Yahoo Finance validation passed for APLT
Using existing recommendations for APLT (API optimization)
Penny stocks allowed for user3 - including OPEN (price: $8.20, market cap: $6218962432)
Penny stocks allowed for user3 - including NVDA (price: $181.85, market cap: $4329385492000)
Penny stocks allowed for user3 - including DFLI (price: $0.66, market cap: $32321926)
Penny stocks allowed for user3 - including BQ (price: $9.75, market cap: $27281748)
Penny stocks allowed for user3 - including QLGN (price: $5.38, market cap: $9375839)
Penny stocks allowed for user3 - including PSTV (price: $0.83, market cap: $82498744)
Penny stocks allowed for user3 - including NFLX (price: $1206.41, market cap: $510128324608)
Penny stocks allowed for user3 - including BA (price: $217.08, market cap: $162589032448)
Penny stocks allowed for user3 - including NUAI (price: $2.50, market cap: $47802348)
Penny stocks allowed for user3 - including MSFT (price: $514.60, market cap: $3830758244000)
Penny stocks allowed for user3 - including GOOGL (price: $244.05, market cap: $2915379970000)
Penny stocks allowed for user3 - including AQMS (price: $7.06, market cap: $10263837)
Penny stocks allowed for user3 - including YCBD (price: $1.38, market cap: $12299883)
Penny stocks allowed for user3 - including APLT (price: $0.61, market cap: $178575040)
Smart Analysis completed for user: user3. Generated 4 recommendations
Buy all smart recommendations requested by user: user2
Found 2 pending BUY recommendations
Portfolio cash: $59609.75
Total cost: $6764.46
Executing recommendation for BA: 19 shares
  Cash allocated: 4124.52 (type: <class 'decimal.Decimal'>)
  Current price: 217.08 (type: <class 'decimal.Decimal'>)
  Portfolio cash: 59609.75 (type: <class 'decimal.Decimal'>)
Successfully executed BA
Executing recommendation for DIS: 23 shares
  Cash allocated: 2639.94 (type: <class 'decimal.Decimal'>)
  Current price: 114.78 (type: <class 'decimal.Decimal'>)
  Portfolio cash: 55481.10548 (type: <class 'decimal.Decimal'>)
Successfully executed DIS
Buy all completed: 2 executed, 0 failed
Returning response: {'success': True, 'executed_trades': [{'symbol': 'BA', 'shares': 19, 'cost': Decimal('4124.52'), 'trade_id': UUID('39fa029d-d3d7-4a0e-a74a-41f3979236f5')}, {'symbol': 'DIS', 'shares': 23, 'cost': Decimal('2639.94'), 'trade_id': UUID('73c08325-0cfd-48f0-8a95-ed9c68ce4dbe')}], 'failed_trades': [], 'total_executed': 2, 'total_failed': 0, 'total_cost': 6764.46}
Buy all smart recommendations requested by user: user3
Found 4 pending BUY recommendations
Portfolio cash: $60043.68
Total cost: $22555.59
Executing recommendation for MSFT: 13 shares
  Cash allocated: 6689.80 (type: <class 'decimal.Decimal'>)
  Current price: 514.60 (type: <class 'decimal.Decimal'>)
  Portfolio cash: 60043.68 (type: <class 'decimal.Decimal'>)
Successfully executed MSFT
Executing recommendation for GOOGL: 23 shares
  Cash allocated: 5613.15 (type: <class 'decimal.Decimal'>)
  Current price: 244.05 (type: <class 'decimal.Decimal'>)
  Portfolio cash: 53347.19020 (type: <class 'decimal.Decimal'>)
Successfully executed GOOGL
Executing recommendation for BA: 25 shares
  Cash allocated: 5427.00 (type: <class 'decimal.Decimal'>)
  Current price: 217.08 (type: <class 'decimal.Decimal'>)
  Portfolio cash: 47728.42705 (type: <class 'decimal.Decimal'>)
Successfully executed BA
Executing recommendation for NFLX: 4 shares
  Cash allocated: 4825.64 (type: <class 'decimal.Decimal'>)
  Current price: 1206.41 (type: <class 'decimal.Decimal'>)
  Portfolio cash: 42296.00005 (type: <class 'decimal.Decimal'>)
Successfully executed NFLX
Buy all completed: 4 executed, 0 failed
Returning response: {'success': True, 'executed_trades': [{'symbol': 'MSFT', 'shares': 13, 'cost': Decimal('6689.80'), 'trade_id': UUID('ebdbdaf0-1a8f-4225-a255-0584cb1810ad')}, {'symbol': 'GOOGL', 'shares': 23, 'cost': Decimal('5613.15'), 'trade_id': UUID('489ab59f-73a9-4583-8568-ae8a7f5b3baa')}, {'symbol': 'BA', 'shares': 25, 'cost': Decimal('5427.00'), 'trade_id': UUID('a09a9ddb-f505-4d7c-aa68-8a3f7f707f04')}, {'symbol': 'NFLX', 'shares': 4, 'cost': Decimal('4825.64'), 'trade_id': UUID('7a2f9553-b99f-4401-8ab8-3845975f912f')}], 'failed_trades': [], 'total_executed': 4, 'total_failed': 0, 'total_cost': 22555.59}
Updated quote for AAPL: $254.63
Updated quote for ADAP: $0.13
Updated quote for AGMH: $8.32
Updated quote for AGRI: $3.25
Updated quote for APLT: $0.6049
Updated quote for AQMS: $6.4
Updated quote for ARKOW: $0.0093
Updated quote for ARQQW: $0.94
Updated quote for ATCH: $0.51
Updated quote for AUUDW: $0.0225
Updated quote for BA: $215.83
Updated quote for BENF: $0.9512
Updated quote for BETRW: $0.595
Updated quote for BIAF: $2.96
Updated quote for BIAFW: $0.33
Updated quote for BOXL: $2.41
Updated quote for BQ: $9.66
Updated quote for BURU: $0.1488
Updated quote for CAPTW: $0.04
Updated quote for CJET: $0.1621
Updated quote for CREVW: $0.0236
Updated quote for DFLI: $0.5948
Updated quote for DIS: $114.5
Updated quote for DVLT: $1.09
Updated quote for EPOW: $1.4
Updated quote for FOFO: $33.59
Updated quote for GDEVW: $0.0232
Updated quote for GIGGW: $0.45
Updated quote for GLB.L: $13.91
Updated quote for GOOGL: $243.1
Updated quote for GPUS: $0.4549
Updated quote for HOLN.SW: $67.26
Updated quote for IINNW: $0.3822
Updated quote for ILLRW: $0.0528
Updated quote for INTC: $33.55
Updated quote for IVDAW: $0.12
Updated quote for JFB: $12.92
Updated quote for KYGA.L: $75.45
Updated quote for LSBPW: $0.0102
Updated quote for LVROW: $0.0378
Updated quote for MBX: $17.5
Updated quote for MRM: $2.12
Updated quote for MSFT: $517.95
Updated quote for NFLX: $1198.92
Updated quote for NRSNW: $0.38
Updated quote for NRXPW: $0.0712
Updated quote for NUAI: $1.84
Updated quote for NVDA: $186.58
Updated quote for NVO: $55.49
Updated quote for ONMDW: $0.0523
Updated quote for OPEN: $7.97
Updated quote for ORIS: $0.1872
Updated quote for PLUG: $2.33
Updated quote for PSTV: $0.6837
Updated quote for PXSAW: $0.0076
Updated quote for QLGN: $5.72
Updated quote for RVPHW: $0.08
Updated quote for RVSNW: $0.0943
Updated quote for SDSTW: $0.0758
Updated quote for SHOTW: $0.0338
Updated quote for SLNH: $2.35
Updated quote for SNAP: $7.71
Updated quote for SOXS: $5.17
Updated quote for SVREW: $0.0276
Failed to get quote for TL0.DEX: No price data available for TL0.DEX
Failed to update quote for TL0.DEX: Failed to fetch quote for TL0.DEX: No price data available for TL0.DEX
Failed to update TL0.DEX: Failed to fetch quote for TL0.DEX: No price data available for TL0.DEX
Failed to get quote for TL0.FRK: No price data available for TL0.FRK
Failed to update quote for TL0.FRK: Failed to fetch quote for TL0.FRK: No price data available for TL0.FRK
Failed to update TL0.FRK: Failed to fetch quote for TL0.FRK: No price data available for TL0.FRK
Updated quote for TLRY: $1.73
Updated quote for TSLA: $444.72
Failed to get quote for TSLA.TRT: No price data available for TSLA.TRT
Failed to update quote for TSLA.TRT: Failed to fetch quote for TSLA.TRT: No price data available for TSLA.TRT
Failed to update TSLA.TRT: Failed to fetch quote for TSLA.TRT: No price data available for TSLA.TRT
Failed to get quote for TSLA34.SAO: No price data available for TSLA34.SAO
Failed to update quote for TSLA34.SAO: Failed to fetch quote for TSLA34.SAO: No price data available for TSLA34.SAO
Failed to update TSLA34.SAO: Failed to fetch quote for TSLA34.SAO: No price data available for TSLA34.SAO
Updated quote for TSLL: $21.11
Updated quote for WGSWW: $0.1096
Updated quote for YAAS: $3.15
Updated quote for YCBD: $1.21
Starting batch Smart Analysis for 4 users
Successfully retrieved market movers from Alpha Vantage
Found 15 market screening candidates: ['IVDAW', 'SWAGW', 'CJET', 'OPEN', 'SNAP', 'PALI', 'LAC', 'RVYL', 'FRMI', 'RNWWW', 'PLUG', 'OUSTZ', 'BURU', 'SOXS', 'NVDA']
Found 15 high-confidence BUY candidates: ['APLT', 'APLT', 'YCBD', 'YCBD', 'AQMS', 'GOOGL', 'GOOGL', 'MSFT', 'NUAI', 'BA', 'BA', 'NFLX', 'NFLX', 'NFLX', 'PSTV']
Found 15 market screening candidates: ['IVDAW', 'SWAGW', 'CJET', 'OPEN', 'SNAP', 'PALI', 'LAC', 'RVYL', 'FRMI', 'RNWWW', 'PLUG', 'OUSTZ', 'BURU', 'SOXS', 'NVDA']
Found 15 high-confidence BUY candidates: ['APLT', 'APLT', 'YCBD', 'YCBD', 'AQMS', 'GOOGL', 'GOOGL', 'MSFT', 'NUAI', 'BA', 'BA', 'NFLX', 'NFLX', 'NFLX', 'PSTV']
Found 15 market screening candidates: ['IVDAW', 'SWAGW', 'CJET', 'OPEN', 'SNAP', 'PALI', 'LAC', 'RVYL', 'FRMI', 'RNWWW', 'PLUG', 'OUSTZ', 'BURU', 'SOXS', 'NVDA']
Found 15 high-confidence BUY candidates: ['APLT', 'APLT', 'YCBD', 'YCBD', 'AQMS', 'GOOGL', 'GOOGL', 'MSFT', 'NUAI', 'BA', 'BA', 'NFLX', 'NFLX', 'NFLX', 'PSTV']
Found 15 market screening candidates: ['IVDAW', 'SWAGW', 'CJET', 'OPEN', 'SNAP', 'PALI', 'LAC', 'RVYL', 'FRMI', 'RNWWW', 'PLUG', 'OUSTZ', 'BURU', 'SOXS', 'NVDA']
Found 15 high-confidence BUY candidates: ['APLT', 'APLT', 'YCBD', 'YCBD', 'AQMS', 'GOOGL', 'GOOGL', 'MSFT', 'NUAI', 'BA', 'BA', 'NFLX', 'NFLX', 'NFLX', 'PSTV']
Found 39 unique stocks to analyze across all users
Batch analyzing 39 unique stocks
Yahoo Finance validation passed for CJET
Getting recommendations for CJET
Price target endpoint failed (403), using recommendation data
Finnhub recommendation for CJET: HOLD
Polygon recommendation for CJET: SELL
FMP API error for CJET: 402 Client Error: Payment Required for url: https://financialmodelingprep.com/stable/analyst-estimates?symbol=CJET&apikey=ynOKFYxumAVxrcJAGhzuN4ZBjCtQcbR7
Enhanced Yahoo recommendation for CJET: SELL
Generated 3 recommendations for CJET
Yahoo Finance validation passed for LAC
Yahoo Finance validation passed for LAC
Updated quote for LAC: $7.04
Successfully created and updated stock: LAC
Getting recommendations for LAC
Price target endpoint failed (403), using recommendation data
Finnhub recommendation for LAC: HOLD
Polygon recommendation for LAC: BUY
FMP API error for LAC: 402 Client Error: Payment Required for url: https://financialmodelingprep.com/stable/analyst-estimates?symbol=LAC&apikey=ynOKFYxumAVxrcJAGhzuN4ZBjCtQcbR7
Enhanced Yahoo recommendation for LAC: HOLD
Generated 3 recommendations for LAC
Yahoo Finance validation passed for BURU
Getting recommendations for BURU
Price target endpoint failed (403), using recommendation data
Finnhub recommendation for BURU: HOLD
Error fetching Polygon data for BURU: 429 Client Error: Too Many Requests for url: https://api.polygon.io/v2/aggs/ticker/BURU/range/1/day/2024-01-01/2024-12-31?apikey=MSVhtqDKV9HyMOdla5UunU2EFs53MweY&limit=50
FMP API error for BURU: 402 Client Error: Payment Required for url: https://financialmodelingprep.com/stable/analyst-estimates?symbol=BURU&apikey=ynOKFYxumAVxrcJAGhzuN4ZBjCtQcbR7
Enhanced Yahoo recommendation for BURU: HOLD
Generated 2 recommendations for BURU
Yahoo Finance validation passed for DFLI
Getting recommendations for DFLI
Price target endpoint failed (403), using recommendation data
Finnhub recommendation for DFLI: BUY
Error fetching Polygon data for DFLI: 429 Client Error: Too Many Requests for url: https://api.polygon.io/v2/aggs/ticker/DFLI/prev?apikey=MSVhtqDKV9HyMOdla5UunU2EFs53MweY
FMP API error for DFLI: 402 Client Error: Payment Required for url: https://financialmodelingprep.com/stable/analyst-estimates?symbol=DFLI&apikey=ynOKFYxumAVxrcJAGhzuN4ZBjCtQcbR7
Enhanced Yahoo recommendation for DFLI: BUY
Generated 2 recommendations for DFLI
Yahoo Finance validation passed for GOOGL
Getting recommendations for GOOGL
Price target endpoint failed (403), using recommendation data
Finnhub recommendation for GOOGL: BUY
Error fetching Polygon data for GOOGL: 429 Client Error: Too Many Requests for url: https://api.polygon.io/v2/aggs/ticker/GOOGL/prev?apikey=MSVhtqDKV9HyMOdla5UunU2EFs53MweY
FMP API error for GOOGL: 400 Client Error: Bad Request for url: https://financialmodelingprep.com/stable/analyst-estimates?symbol=GOOGL&apikey=ynOKFYxumAVxrcJAGhzuN4ZBjCtQcbR7
Enhanced Yahoo recommendation for GOOGL: BUY
Generated 2 recommendations for GOOGL
Yahoo Finance validation passed for IVDAW
Getting recommendations for IVDAW
Price target endpoint failed (403), using recommendation data
Finnhub recommendation for IVDAW: HOLD
Error fetching Polygon data for IVDAW: 429 Client Error: Too Many Requests for url: https://api.polygon.io/v2/aggs/ticker/IVDAW/prev?apikey=MSVhtqDKV9HyMOdla5UunU2EFs53MweY
FMP API error for IVDAW: 402 Client Error: Payment Required for url: https://financialmodelingprep.com/stable/analyst-estimates?symbol=IVDAW&apikey=ynOKFYxumAVxrcJAGhzuN4ZBjCtQcbR7
Enhanced Yahoo recommendation for IVDAW: SELL
Generated 2 recommendations for IVDAW
Yahoo Finance validation passed for BQ
Getting recommendations for BQ
Price target endpoint failed (403), using recommendation data
Finnhub recommendation for BQ: BUY
Polygon recommendation for BQ: BUY
FMP API error for BQ: 402 Client Error: Payment Required for url: https://financialmodelingprep.com/stable/analyst-estimates?symbol=BQ&apikey=ynOKFYxumAVxrcJAGhzuN4ZBjCtQcbR7
Enhanced Yahoo recommendation for BQ: SELL
Generated 3 recommendations for BQ
Yahoo Finance validation passed for AGMH
Getting recommendations for AGMH
Price target endpoint failed (403), using recommendation data
Finnhub recommendation for AGMH: BUY
Polygon recommendation for AGMH: HOLD
FMP API error for AGMH: 402 Client Error: Payment Required for url: https://financialmodelingprep.com/stable/analyst-estimates?symbol=AGMH&apikey=ynOKFYxumAVxrcJAGhzuN4ZBjCtQcbR7
Enhanced Yahoo recommendation for AGMH: BUY
Generated 3 recommendations for AGMH
Yahoo Finance validation passed for AGRI
Getting recommendations for AGRI
Price target endpoint failed (403), using recommendation data
Finnhub recommendation for AGRI: BUY
Error fetching Polygon data for AGRI: 429 Client Error: Too Many Requests for url: https://api.polygon.io/v2/aggs/ticker/AGRI/range/1/day/2024-01-01/2024-12-31?apikey=MSVhtqDKV9HyMOdla5UunU2EFs53MweY&limit=50
FMP API error for AGRI: 402 Client Error: Payment Required for url: https://financialmodelingprep.com/stable/analyst-estimates?symbol=AGRI&apikey=ynOKFYxumAVxrcJAGhzuN4ZBjCtQcbR7
Enhanced Yahoo recommendation for AGRI: BUY
Generated 2 recommendations for AGRI
Yahoo Finance validation passed for SWAGW
Yahoo Finance validation passed for SWAGW
Updated quote for SWAGW: $0.08
Successfully created and updated stock: SWAGW
Getting recommendations for SWAGW
Price target endpoint failed (403), using recommendation data
Finnhub recommendation for SWAGW: HOLD
Error fetching Polygon data for SWAGW: 429 Client Error: Too Many Requests for url: https://api.polygon.io/v2/aggs/ticker/SWAGW/prev?apikey=MSVhtqDKV9HyMOdla5UunU2EFs53MweY
FMP API error for SWAGW: 402 Client Error: Payment Required for url: https://financialmodelingprep.com/stable/analyst-estimates?symbol=SWAGW&apikey=ynOKFYxumAVxrcJAGhzuN4ZBjCtQcbR7
Enhanced Yahoo recommendation for SWAGW: HOLD
Generated 2 recommendations for SWAGW
Yahoo Finance validation passed for QLGN
Getting recommendations for QLGN
Price target endpoint failed (403), using recommendation data
Finnhub recommendation for QLGN: BUY
Error fetching Polygon data for QLGN: 429 Client Error: Too Many Requests for url: https://api.polygon.io/v2/aggs/ticker/QLGN/prev?apikey=MSVhtqDKV9HyMOdla5UunU2EFs53MweY
FMP API error for QLGN: 402 Client Error: Payment Required for url: https://financialmodelingprep.com/stable/analyst-estimates?symbol=QLGN&apikey=ynOKFYxumAVxrcJAGhzuN4ZBjCtQcbR7
Enhanced Yahoo recommendation for QLGN: BUY
Generated 2 recommendations for QLGN
Yahoo Finance validation passed for ATCH
Getting recommendations for ATCH
Price target endpoint failed (403), using recommendation data
Finnhub recommendation for ATCH: HOLD
Error fetching Polygon data for ATCH: 429 Client Error: Too Many Requests for url: https://api.polygon.io/v2/aggs/ticker/ATCH/prev?apikey=MSVhtqDKV9HyMOdla5UunU2EFs53MweY
FMP API error for ATCH: 402 Client Error: Payment Required for url: https://financialmodelingprep.com/stable/analyst-estimates?symbol=ATCH&apikey=ynOKFYxumAVxrcJAGhzuN4ZBjCtQcbR7
Enhanced Yahoo recommendation for ATCH: HOLD
Generated 2 recommendations for ATCH
Yahoo Finance validation passed for AAPL
Getting recommendations for AAPL
Price target endpoint failed (403), using recommendation data
Finnhub recommendation for AAPL: BUY
Error fetching Polygon data for AAPL: 429 Client Error: Too Many Requests for url: https://api.polygon.io/v2/aggs/ticker/AAPL/prev?apikey=MSVhtqDKV9HyMOdla5UunU2EFs53MweY
FMP API error for AAPL: 400 Client Error: Bad Request for url: https://financialmodelingprep.com/stable/analyst-estimates?symbol=AAPL&apikey=ynOKFYxumAVxrcJAGhzuN4ZBjCtQcbR7
Enhanced Yahoo recommendation for AAPL: HOLD
Generated 2 recommendations for AAPL
Yahoo Finance validation passed for NUAI
Getting recommendations for NUAI
Price target endpoint failed (403), using recommendation data
Finnhub recommendation for NUAI: HOLD
Error fetching Polygon data for NUAI: 429 Client Error: Too Many Requests for url: https://api.polygon.io/v2/aggs/ticker/NUAI/prev?apikey=MSVhtqDKV9HyMOdla5UunU2EFs53MweY
FMP API error for NUAI: 402 Client Error: Payment Required for url: https://financialmodelingprep.com/stable/analyst-estimates?symbol=NUAI&apikey=ynOKFYxumAVxrcJAGhzuN4ZBjCtQcbR7
Enhanced Yahoo recommendation for NUAI: BUY
Generated 2 recommendations for NUAI
Yahoo Finance validation passed for MRM
Getting recommendations for MRM
Price target endpoint failed (403), using recommendation data
Finnhub recommendation for MRM: HOLD
Polygon recommendation for MRM: SELL
FMP API error for MRM: 402 Client Error: Payment Required for url: https://financialmodelingprep.com/stable/analyst-estimates?symbol=MRM&apikey=ynOKFYxumAVxrcJAGhzuN4ZBjCtQcbR7
Enhanced Yahoo recommendation for MRM: STRONG_BUY
Generated 3 recommendations for MRM
Yahoo Finance validation passed for APLT
Getting recommendations for APLT
Price target endpoint failed (403), using recommendation data
Finnhub recommendation for APLT: BUY
Polygon recommendation for APLT: SELL
FMP API error for APLT: 402 Client Error: Payment Required for url: https://financialmodelingprep.com/stable/analyst-estimates?symbol=APLT&apikey=ynOKFYxumAVxrcJAGhzuN4ZBjCtQcbR7
Enhanced Yahoo recommendation for APLT: BUY
Generated 3 recommendations for APLT
Yahoo Finance validation passed for BA
Getting recommendations for BA
Price target endpoint failed (403), using recommendation data
Finnhub recommendation for BA: BUY
Error fetching Polygon data for BA: 429 Client Error: Too Many Requests for url: https://api.polygon.io/v2/aggs/ticker/BA/range/1/day/2024-01-01/2024-12-31?apikey=MSVhtqDKV9HyMOdla5UunU2EFs53MweY&limit=50
FMP API error for BA: 400 Client Error: Bad Request for url: https://financialmodelingprep.com/stable/analyst-estimates?symbol=BA&apikey=ynOKFYxumAVxrcJAGhzuN4ZBjCtQcbR7
Enhanced Yahoo recommendation for BA: BUY
Generated 2 recommendations for BA
Yahoo Finance validation passed for DIS
Getting recommendations for DIS
Price target endpoint failed (403), using recommendation data
Finnhub recommendation for DIS: BUY
Error fetching Polygon data for DIS: 429 Client Error: Too Many Requests for url: https://api.polygon.io/v2/aggs/ticker/DIS/prev?apikey=MSVhtqDKV9HyMOdla5UunU2EFs53MweY
FMP API error for DIS: 400 Client Error: Bad Request for url: https://financialmodelingprep.com/stable/analyst-estimates?symbol=DIS&apikey=ynOKFYxumAVxrcJAGhzuN4ZBjCtQcbR7
Enhanced Yahoo recommendation for DIS: BUY
Generated 2 recommendations for DIS
Yahoo Finance validation passed for NVO
Getting recommendations for NVO
Price target endpoint failed (403), using recommendation data
Finnhub recommendation for NVO: BUY
Error fetching Polygon data for NVO: 429 Client Error: Too Many Requests for url: https://api.polygon.io/v2/aggs/ticker/NVO/prev?apikey=MSVhtqDKV9HyMOdla5UunU2EFs53MweY
FMP API error for NVO: 402 Client Error: Payment Required for url: https://financialmodelingprep.com/stable/analyst-estimates?symbol=NVO&apikey=ynOKFYxumAVxrcJAGhzuN4ZBjCtQcbR7
Enhanced Yahoo recommendation for NVO: STRONG_BUY
Generated 2 recommendations for NVO
Yahoo Finance validation passed for NVDA
Getting recommendations for NVDA
Price target endpoint failed (403), using recommendation data
Finnhub recommendation for NVDA: BUY
Error fetching Polygon data for NVDA: 429 Client Error: Too Many Requests for url: https://api.polygon.io/v2/aggs/ticker/NVDA/prev?apikey=MSVhtqDKV9HyMOdla5UunU2EFs53MweY
FMP API error for NVDA: 400 Client Error: Bad Request for url: https://financialmodelingprep.com/stable/analyst-estimates?symbol=NVDA&apikey=ynOKFYxumAVxrcJAGhzuN4ZBjCtQcbR7
Enhanced Yahoo recommendation for NVDA: BUY
Generated 2 recommendations for NVDA
Yahoo Finance validation passed for NFLX
Getting recommendations for NFLX
Price target endpoint failed (403), using recommendation data
Finnhub recommendation for NFLX: BUY
Error fetching Polygon data for NFLX: 429 Client Error: Too Many Requests for url: https://api.polygon.io/v2/aggs/ticker/NFLX/prev?apikey=MSVhtqDKV9HyMOdla5UunU2EFs53MweY
FMP API error for NFLX: 400 Client Error: Bad Request for url: https://financialmodelingprep.com/stable/analyst-estimates?symbol=NFLX&apikey=ynOKFYxumAVxrcJAGhzuN4ZBjCtQcbR7
Enhanced Yahoo recommendation for NFLX: BUY
Generated 2 recommendations for NFLX
Yahoo Finance validation passed for YCBD
Getting recommendations for YCBD
Price target endpoint failed (403), using recommendation data
Finnhub recommendation for YCBD: BUY
Error fetching Polygon data for YCBD: 429 Client Error: Too Many Requests for url: https://api.polygon.io/v2/aggs/ticker/YCBD/prev?apikey=MSVhtqDKV9HyMOdla5UunU2EFs53MweY
FMP API error for YCBD: 402 Client Error: Payment Required for url: https://financialmodelingprep.com/stable/analyst-estimates?symbol=YCBD&apikey=ynOKFYxumAVxrcJAGhzuN4ZBjCtQcbR7
Enhanced Yahoo recommendation for YCBD: BUY
Generated 2 recommendations for YCBD
Yahoo Finance validation passed for GDEVW
Getting recommendations for GDEVW
Price target endpoint failed (403), using recommendation data
Finnhub recommendation for GDEVW: HOLD
Polygon recommendation for GDEVW: SELL
FMP API error for GDEVW: 402 Client Error: Payment Required for url: https://financialmodelingprep.com/stable/analyst-estimates?symbol=GDEVW&apikey=ynOKFYxumAVxrcJAGhzuN4ZBjCtQcbR7
Enhanced Yahoo recommendation for GDEVW: BUY
Generated 3 recommendations for GDEVW
Yahoo Finance validation passed for AQMS
Getting recommendations for AQMS
Price target endpoint failed (403), using recommendation data
Finnhub recommendation for AQMS: BUY
Polygon recommendation for AQMS: SELL
FMP API error for AQMS: 402 Client Error: Payment Required for url: https://financialmodelingprep.com/stable/analyst-estimates?symbol=AQMS&apikey=ynOKFYxumAVxrcJAGhzuN4ZBjCtQcbR7
Enhanced Yahoo recommendation for AQMS: HOLD
Generated 3 recommendations for AQMS
Yahoo Finance validation passed for SNAP
Getting recommendations for SNAP
Price target endpoint failed (403), using recommendation data
Finnhub recommendation for SNAP: HOLD
Error fetching Polygon data for SNAP: 429 Client Error: Too Many Requests for url: https://api.polygon.io/v2/aggs/ticker/SNAP/range/1/day/2024-01-01/2024-12-31?apikey=MSVhtqDKV9HyMOdla5UunU2EFs53MweY&limit=50
FMP API error for SNAP: 400 Client Error: Bad Request for url: https://financialmodelingprep.com/stable/analyst-estimates?symbol=SNAP&apikey=ynOKFYxumAVxrcJAGhzuN4ZBjCtQcbR7
Enhanced Yahoo recommendation for SNAP: HOLD
Generated 2 recommendations for SNAP
Yahoo Finance validation passed for DVLT
Getting recommendations for DVLT
Price target endpoint failed (403), using recommendation data
Finnhub recommendation for DVLT: BUY
Error fetching Polygon data for DVLT: 429 Client Error: Too Many Requests for url: https://api.polygon.io/v2/aggs/ticker/DVLT/prev?apikey=MSVhtqDKV9HyMOdla5UunU2EFs53MweY
FMP API error for DVLT: 402 Client Error: Payment Required for url: https://financialmodelingprep.com/stable/analyst-estimates?symbol=DVLT&apikey=ynOKFYxumAVxrcJAGhzuN4ZBjCtQcbR7
Enhanced Yahoo recommendation for DVLT: STRONG_BUY
Generated 2 recommendations for DVLT
Yahoo Finance validation passed for SOXS
Getting recommendations for SOXS
Price target endpoint failed (403), using recommendation data
Finnhub recommendation for SOXS: HOLD
Error fetching Polygon data for SOXS: 429 Client Error: Too Many Requests for url: https://api.polygon.io/v2/aggs/ticker/SOXS/prev?apikey=MSVhtqDKV9HyMOdla5UunU2EFs53MweY
FMP API error for SOXS: 402 Client Error: Payment Required for url: https://financialmodelingprep.com/stable/analyst-estimates?symbol=SOXS&apikey=ynOKFYxumAVxrcJAGhzuN4ZBjCtQcbR7
Enhanced Yahoo recommendation for SOXS: HOLD
Generated 2 recommendations for SOXS
Yahoo Finance validation passed for FRMI
Yahoo Finance validation passed for FRMI
Updated quote for FRMI: $32.53
Successfully created and updated stock: FRMI
Getting recommendations for FRMI
Price target endpoint failed (403), using recommendation data
Finnhub recommendation for FRMI: HOLD
Error fetching Polygon data for FRMI: 429 Client Error: Too Many Requests for url: https://api.polygon.io/v2/aggs/ticker/FRMI/prev?apikey=MSVhtqDKV9HyMOdla5UunU2EFs53MweY
FMP API error for FRMI: 402 Client Error: Payment Required for url: https://financialmodelingprep.com/stable/analyst-estimates?symbol=FRMI&apikey=ynOKFYxumAVxrcJAGhzuN4ZBjCtQcbR7
Enhanced Yahoo recommendation for FRMI: HOLD
Generated 2 recommendations for FRMI
Yahoo Finance validation passed for RNWWW
Yahoo Finance validation passed for RNWWW
Updated quote for RNWWW: $0.0823
Successfully created and updated stock: RNWWW
Getting recommendations for RNWWW
Price target endpoint failed (403), using recommendation data
Finnhub recommendation for RNWWW: HOLD
Error fetching Polygon data for RNWWW: 429 Client Error: Too Many Requests for url: https://api.polygon.io/v2/aggs/ticker/RNWWW/prev?apikey=MSVhtqDKV9HyMOdla5UunU2EFs53MweY
FMP API error for RNWWW: 402 Client Error: Payment Required for url: https://financialmodelingprep.com/stable/analyst-estimates?symbol=RNWWW&apikey=ynOKFYxumAVxrcJAGhzuN4ZBjCtQcbR7
Enhanced Yahoo recommendation for RNWWW: HOLD
Generated 2 recommendations for RNWWW
Yahoo Finance validation passed for OPEN
Getting recommendations for OPEN
Price target endpoint failed (403), using recommendation data
Finnhub recommendation for OPEN: SELL
Polygon recommendation for OPEN: BUY
FMP API error for OPEN: 402 Client Error: Payment Required for url: https://financialmodelingprep.com/stable/analyst-estimates?symbol=OPEN&apikey=ynOKFYxumAVxrcJAGhzuN4ZBjCtQcbR7
Enhanced Yahoo recommendation for OPEN: SELL
Generated 3 recommendations for OPEN
Yahoo Finance validation passed for GPUS
Getting recommendations for GPUS
Price target endpoint failed (403), using recommendation data
Finnhub recommendation for GPUS: BUY
Polygon recommendation for GPUS: SELL
FMP API error for GPUS: 402 Client Error: Payment Required for url: https://financialmodelingprep.com/stable/analyst-estimates?symbol=GPUS&apikey=ynOKFYxumAVxrcJAGhzuN4ZBjCtQcbR7
Enhanced Yahoo recommendation for GPUS: HOLD
Generated 3 recommendations for GPUS
Yahoo Finance validation passed for MBX
Getting recommendations for MBX
Price target endpoint failed (403), using recommendation data
Finnhub recommendation for MBX: BUY
Error fetching Polygon data for MBX: 429 Client Error: Too Many Requests for url: https://api.polygon.io/v2/aggs/ticker/MBX/range/1/day/2024-01-01/2024-12-31?apikey=MSVhtqDKV9HyMOdla5UunU2EFs53MweY&limit=50
FMP API error for MBX: 402 Client Error: Payment Required for url: https://financialmodelingprep.com/stable/analyst-estimates?symbol=MBX&apikey=ynOKFYxumAVxrcJAGhzuN4ZBjCtQcbR7
Enhanced Yahoo recommendation for MBX: BUY
Generated 2 recommendations for MBX
Yahoo Finance validation passed for ONMDW
Getting recommendations for ONMDW
Price target endpoint failed (403), using recommendation data
Finnhub recommendation for ONMDW: HOLD
Error fetching Polygon data for ONMDW: 429 Client Error: Too Many Requests for url: https://api.polygon.io/v2/aggs/ticker/ONMDW/prev?apikey=MSVhtqDKV9HyMOdla5UunU2EFs53MweY
FMP API error for ONMDW: 402 Client Error: Payment Required for url: https://financialmodelingprep.com/stable/analyst-estimates?symbol=ONMDW&apikey=ynOKFYxumAVxrcJAGhzuN4ZBjCtQcbR7
Enhanced Yahoo recommendation for ONMDW: SELL
Generated 2 recommendations for ONMDW
Yahoo Finance validation passed for MSFT
Getting recommendations for MSFT
Price target endpoint failed (403), using recommendation data
Finnhub recommendation for MSFT: BUY
Error fetching Polygon data for MSFT: 429 Client Error: Too Many Requests for url: https://api.polygon.io/v2/aggs/ticker/MSFT/prev?apikey=MSVhtqDKV9HyMOdla5UunU2EFs53MweY
FMP API error for MSFT: 400 Client Error: Bad Request for url: https://financialmodelingprep.com/stable/analyst-estimates?symbol=MSFT&apikey=ynOKFYxumAVxrcJAGhzuN4ZBjCtQcbR7
Enhanced Yahoo recommendation for MSFT: STRONG_BUY
Generated 2 recommendations for MSFT
Yahoo Finance validation passed for RVYL
Yahoo Finance validation passed for RVYL
Updated quote for RVYL: $0.508
Successfully created and updated stock: RVYL
Getting recommendations for RVYL
Price target endpoint failed (403), using recommendation data
Finnhub recommendation for RVYL: SELL
Error fetching Polygon data for RVYL: 429 Client Error: Too Many Requests for url: https://api.polygon.io/v2/aggs/ticker/RVYL/prev?apikey=MSVhtqDKV9HyMOdla5UunU2EFs53MweY
FMP API error for RVYL: 402 Client Error: Payment Required for url: https://financialmodelingprep.com/stable/analyst-estimates?symbol=RVYL&apikey=ynOKFYxumAVxrcJAGhzuN4ZBjCtQcbR7
Enhanced Yahoo recommendation for RVYL: SELL
Generated 2 recommendations for RVYL
Yahoo Finance validation passed for OUSTZ
Yahoo Finance validation passed for OUSTZ
Updated quote for OUSTZ: $0.08
Successfully created and updated stock: OUSTZ
Getting recommendations for OUSTZ
Price target endpoint failed (403), using recommendation data
Finnhub recommendation for OUSTZ: HOLD
Error fetching Polygon data for OUSTZ: 429 Client Error: Too Many Requests for url: https://api.polygon.io/v2/aggs/ticker/OUSTZ/prev?apikey=MSVhtqDKV9HyMOdla5UunU2EFs53MweY
FMP API error for OUSTZ: 402 Client Error: Payment Required for url: https://financialmodelingprep.com/stable/analyst-estimates?symbol=OUSTZ&apikey=ynOKFYxumAVxrcJAGhzuN4ZBjCtQcbR7
Enhanced Yahoo recommendation for OUSTZ: HOLD
Generated 2 recommendations for OUSTZ
Yahoo Finance validation passed for PLUG
Getting recommendations for PLUG
Price target endpoint failed (403), using recommendation data
Finnhub recommendation for PLUG: HOLD
Error fetching Polygon data for PLUG: 429 Client Error: Too Many Requests for url: https://api.polygon.io/v2/aggs/ticker/PLUG/prev?apikey=MSVhtqDKV9HyMOdla5UunU2EFs53MweY
FMP API error for PLUG: 402 Client Error: Payment Required for url: https://financialmodelingprep.com/stable/analyst-estimates?symbol=PLUG&apikey=ynOKFYxumAVxrcJAGhzuN4ZBjCtQcbR7
Enhanced Yahoo recommendation for PLUG: HOLD
Generated 2 recommendations for PLUG
Yahoo Finance validation passed for PSTV
Getting recommendations for PSTV
Price target endpoint failed (403), using recommendation data
Finnhub recommendation for PSTV: BUY
Polygon recommendation for PSTV: SELL
FMP API error for PSTV: 402 Client Error: Payment Required for url: https://financialmodelingprep.com/stable/analyst-estimates?symbol=PSTV&apikey=ynOKFYxumAVxrcJAGhzuN4ZBjCtQcbR7
Enhanced Yahoo recommendation for PSTV: BUY
Generated 3 recommendations for PSTV
Yahoo Finance validation passed for PALI
Yahoo Finance validation passed for PALI
Updated quote for PALI: $1.5
Successfully created and updated stock: PALI
Getting recommendations for PALI
Price target endpoint failed (403), using recommendation data
Finnhub recommendation for PALI: BUY
Polygon recommendation for PALI: SELL
FMP API error for PALI: 402 Client Error: Payment Required for url: https://financialmodelingprep.com/stable/analyst-estimates?symbol=PALI&apikey=ynOKFYxumAVxrcJAGhzuN4ZBjCtQcbR7
Enhanced Yahoo recommendation for PALI: BUY
Generated 3 recommendations for PALI
Analyzing user user1 with existing recommendations
Successfully retrieved market movers from Alpha Vantage
Found 15 market screening candidates: ['IVDAW', 'SWAGW', 'CJET', 'OPEN', 'SNAP', 'PALI', 'LAC', 'RVYL', 'FRMI', 'RNWWW', 'PLUG', 'OUSTZ', 'BURU', 'SOXS', 'NVDA']
Found 15 high-confidence BUY candidates: ['PALI', 'PALI', 'PSTV', 'PSTV', 'MSFT', 'MBX', 'MBX', 'GPUS', 'DVLT', 'AQMS', 'GDEVW', 'YCBD', 'YCBD', 'NFLX', 'NFLX']
Smart Analysis completed for user: user1. Generated 1 recommendations
Analyzing user user2 with existing recommendations
Found 15 market screening candidates: ['IVDAW', 'SWAGW', 'CJET', 'OPEN', 'SNAP', 'PALI', 'LAC', 'RVYL', 'FRMI', 'RNWWW', 'PLUG', 'OUSTZ', 'BURU', 'SOXS', 'NVDA']
Found 15 high-confidence BUY candidates: ['PALI', 'PALI', 'PSTV', 'PSTV', 'MSFT', 'MBX', 'MBX', 'GPUS', 'DVLT', 'AQMS', 'GDEVW', 'YCBD', 'YCBD', 'NFLX', 'NFLX']
Filtering out penny stock: PALI (price: $1.50, min: $5.00)
Filtering out penny stock: PSTV (price: $0.68, min: $5.00)
Filtering out micro-cap stock: MBX (market cap: $671,877,248, min: $1,000,000,000)
Filtering out penny stock: DVLT (price: $1.09, min: $5.00)
Filtering out penny stock: YCBD (price: $1.21, min: $5.00)
Smart Analysis completed for user: user2. Generated 2 recommendations
Analyzing user user3 with existing recommendations
Found 15 market screening candidates: ['IVDAW', 'SWAGW', 'CJET', 'OPEN', 'SNAP', 'PALI', 'LAC', 'RVYL', 'FRMI', 'RNWWW', 'PLUG', 'OUSTZ', 'BURU', 'SOXS', 'NVDA']
Found 15 high-confidence BUY candidates: ['PALI', 'PALI', 'PSTV', 'PSTV', 'MSFT', 'MBX', 'MBX', 'GPUS', 'DVLT', 'AQMS', 'GDEVW', 'YCBD', 'YCBD', 'NFLX', 'NFLX']
Penny stocks allowed for user3 - including PALI (price: $1.50, market cap: $13861111)
Penny stocks allowed for user3 - including PSTV (price: $0.68, market cap: $82498744)
Penny stocks allowed for user3 - including RVYL (price: $0.51, market cap: $16139325)
Penny stocks allowed for user3 - including MSFT (price: $517.95, market cap: $3830758244000)
Penny stocks allowed for user3 - including MBX (price: $17.50, market cap: $671877248)
Penny stocks allowed for user3 - including GPUS (price: $0.45, market cap: $33477998)
Penny stocks allowed for user3 - including OPEN (price: $7.97, market cap: $6218962432)
Penny stocks allowed for user3 - including DVLT (price: $1.09, market cap: $187308592)
Penny stocks allowed for user3 - including AQMS (price: $6.40, market cap: $10263837)
Penny stocks allowed for user3 - including GDEVW (price: $0.02, market cap: $N/A)
Penny stocks allowed for user3 - including YCBD (price: $1.21, market cap: $12299883)
Penny stocks allowed for user3 - including NFLX (price: $1198.92, market cap: $510128324608)
Penny stocks allowed for user3 - including NVDA (price: $186.58, market cap: $4329385492000)
Penny stocks allowed for user3 - including BA (price: $215.83, market cap: $162589032448)
Penny stocks allowed for user3 - including APLT (price: $0.60, market cap: $178575040)
Penny stocks allowed for user3 - including QLGN (price: $5.72, market cap: $9375839)
Penny stocks allowed for user3 - including BQ (price: $9.66, market cap: $27281748)
Penny stocks allowed for user3 - including GOOGL (price: $243.10, market cap: $2915379970000)
Penny stocks allowed for user3 - including DFLI (price: $0.59, market cap: $32321926)
Smart Analysis completed for user: user3. Generated 4 recommendations
Analyzing user user4 with existing recommendations
Found 15 market screening candidates: ['IVDAW', 'SWAGW', 'CJET', 'OPEN', 'SNAP', 'PALI', 'LAC', 'RVYL', 'FRMI', 'RNWWW', 'PLUG', 'OUSTZ', 'BURU', 'SOXS', 'NVDA']
Found 15 high-confidence BUY candidates: ['PALI', 'PALI', 'PSTV', 'PSTV', 'MSFT', 'MBX', 'MBX', 'GPUS', 'DVLT', 'AQMS', 'GDEVW', 'YCBD', 'YCBD', 'NFLX', 'NFLX']
Penny stocks allowed for user4 - including PALI (price: $1.50, market cap: $13861111)
Penny stocks allowed for user4 - including PSTV (price: $0.68, market cap: $82498744)
Penny stocks allowed for user4 - including RVYL (price: $0.51, market cap: $16139325)
Penny stocks allowed for user4 - including MSFT (price: $517.95, market cap: $3830758244000)
Penny stocks allowed for user4 - including MBX (price: $17.50, market cap: $671877248)
Penny stocks allowed for user4 - including GPUS (price: $0.45, market cap: $33477998)
Penny stocks allowed for user4 - including OPEN (price: $7.97, market cap: $6218962432)
Penny stocks allowed for user4 - including DVLT (price: $1.09, market cap: $187308592)
Penny stocks allowed for user4 - including AQMS (price: $6.40, market cap: $10263837)
Penny stocks allowed for user4 - including GDEVW (price: $0.02, market cap: $N/A)
Penny stocks allowed for user4 - including YCBD (price: $1.21, market cap: $12299883)
Penny stocks allowed for user4 - including NFLX (price: $1198.92, market cap: $510128324608)
Penny stocks allowed for user4 - including NVDA (price: $186.58, market cap: $4329385492000)
Smart Analysis completed for user: user4. Generated 10 recommendations
Batch analysis completed for 4 users
Buy all smart recommendations requested by user: user3
Found 4 pending BUY recommendations
Portfolio cash: $37465.53
Total cost: $14973.44
Executing recommendation for DVLT: 4856 shares
  Cash allocated: 5293.04 (type: <class 'decimal.Decimal'>)
  Current price: 1.09 (type: <class 'decimal.Decimal'>)
  Portfolio cash: 37465.53 (type: <class 'decimal.Decimal'>)
Successfully executed DVLT
Executing recommendation for MBX: 237 shares
  Cash allocated: 4147.50 (type: <class 'decimal.Decimal'>)
  Current price: 17.50 (type: <class 'decimal.Decimal'>)
  Portfolio cash: 32167.19696 (type: <class 'decimal.Decimal'>)
Successfully executed MBX
Executing recommendation for PALI: 2074 shares
  Cash allocated: 3111.00 (type: <class 'decimal.Decimal'>)
  Current price: 1.50 (type: <class 'decimal.Decimal'>)
  Portfolio cash: 28015.54946 (type: <class 'decimal.Decimal'>)
Successfully executed PALI
Executing recommendation for GPUS: 5382 shares
  Cash allocated: 2421.90 (type: <class 'decimal.Decimal'>)
  Current price: 0.45 (type: <class 'decimal.Decimal'>)
  Portfolio cash: 24901.43846 (type: <class 'decimal.Decimal'>)
Successfully executed GPUS
Buy all completed: 4 executed, 0 failed
Returning response: {'success': True, 'executed_trades': [{'symbol': 'DVLT', 'shares': 4856, 'cost': Decimal('5293.04'), 'trade_id': UUID('ffe8a713-5093-4bc1-8540-27c43cbb0cbe')}, {'symbol': 'MBX', 'shares': 237, 'cost': Decimal('4147.50'), 'trade_id': UUID('da44c09c-853a-44eb-83e5-f9a958be97d6')}, {'symbol': 'PALI', 'shares': 2074, 'cost': Decimal('3111.00'), 'trade_id': UUID('20b90ff0-2251-48cb-9ccd-9a2e81ecaa14')}, {'symbol': 'GPUS', 'shares': 5382, 'cost': Decimal('2421.90'), 'trade_id': UUID('251172ce-1167-4232-b615-08ead6375161')}], 'failed_trades': [], 'total_executed': 4, 'total_failed': 0, 'total_cost': 14973.44}
Buy all smart recommendations requested by user: user2
Found 1 pending BUY recommendations
Portfolio cash: $52838.53
Total cost: $3596.76
Executing recommendation for NFLX: 3 shares
  Cash allocated: 3596.76 (type: <class 'decimal.Decimal'>)
  Current price: 1198.92 (type: <class 'decimal.Decimal'>)
  Portfolio cash: 52838.53 (type: <class 'decimal.Decimal'>)
Successfully executed NFLX
Buy all completed: 1 executed, 0 failed
Returning response: {'success': True, 'executed_trades': [{'symbol': 'NFLX', 'shares': 3, 'cost': Decimal('3596.76'), 'trade_id': UUID('31119d38-a3b9-473f-8f08-39f65571fb6b')}], 'failed_trades': [], 'total_executed': 1, 'total_failed': 0, 'total_cost': 3596.76}
Buy all smart recommendations requested by user: user1
Found 1 pending BUY recommendations
Portfolio cash: $2383.06
Total cost: $475.50
Executing recommendation for PALI: 317 shares
  Cash allocated: 475.50 (type: <class 'decimal.Decimal'>)
  Current price: 1.50 (type: <class 'decimal.Decimal'>)
  Portfolio cash: 2383.06 (type: <class 'decimal.Decimal'>)
Successfully executed PALI
Buy all completed: 1 executed, 0 failed
Returning response: {'success': True, 'executed_trades': [{'symbol': 'PALI', 'shares': 317, 'cost': Decimal('475.50'), 'trade_id': UUID('14c641b7-37ac-4e14-b1f9-8c583e13fa70')}], 'failed_trades': [], 'total_executed': 1, 'total_failed': 0, 'total_cost': 475.5}
Starting batch Smart Analysis for 1 users
Best-buy-only mode: Skipping existing holdings analysis
Successfully retrieved market movers from Alpha Vantage
Found 15 market screening candidates: ['BCTXW', 'SVREW', 'EONR+', 'IVDAW', 'OUSTZ', 'LAC', 'SNAP', 'BURU', 'OPEN', 'RNWWW', 'CJET', 'SWAGW', 'PLUG', 'SOXS', 'FRMI']
Best-buy-only mode: Skipping sell candidates analysis
Found 15 high-confidence BUY candidates: ['PALI', 'PALI', 'PSTV', 'PSTV', 'MSFT', 'MBX', 'MBX', 'GPUS', 'DVLT', 'AQMS', 'GDEVW', 'YCBD', 'YCBD', 'NFLX', 'NFLX']
Found 25 unique stocks to analyze across all users
Batch analyzing 25 unique stocks
Failed to get quote for EONR+: No price data available for EONR+
Yahoo Finance validation failed for EONR+: Failed to fetch quote for EONR+: No price data available for EONR+
Skipping EONR+ - not recognized by Yahoo Finance
Skipping NFLX - recent recommendations exist
Skipping GDEVW - recent recommendations exist
Skipping SNAP - recent recommendations exist
Skipping MBX - recent recommendations exist
Skipping SWAGW - recent recommendations exist
Skipping SOXS - recent recommendations exist
Skipping PSTV - recent recommendations exist
Skipping FRMI - recent recommendations exist
Skipping AQMS - recent recommendations exist
Skipping LAC - recent recommendations exist
Skipping BURU - recent recommendations exist
Skipping PALI - recent recommendations exist
Skipping DVLT - recent recommendations exist
Skipping GPUS - recent recommendations exist
Skipping YCBD - recent recommendations exist
Skipping OUSTZ - recent recommendations exist
Skipping OPEN - recent recommendations exist
Skipping PLUG - recent recommendations exist
Yahoo Finance validation passed for BCTXW
Yahoo Finance validation passed for BCTXW
Updated quote for BCTXW: $0.0399
Successfully created and updated stock: BCTXW
Getting recommendations for BCTXW
Price target endpoint failed (403), using recommendation data
Finnhub recommendation for BCTXW: HOLD
Polygon recommendation for BCTXW: SELL
FMP API error for BCTXW: 402 Client Error: Payment Required for url: https://financialmodelingprep.com/stable/analyst-estimates?symbol=BCTXW&apikey=ynOKFYxumAVxrcJAGhzuN4ZBjCtQcbR7
Enhanced Yahoo recommendation for BCTXW: SELL
Generated 3 recommendations for BCTXW
Yahoo Finance validation passed for SVREW
Getting recommendations for SVREW
Price target endpoint failed (403), using recommendation data
Finnhub recommendation for SVREW: HOLD
Polygon recommendation for SVREW: HOLD
FMP API error for SVREW: 402 Client Error: Payment Required for url: https://financialmodelingprep.com/stable/analyst-estimates?symbol=SVREW&apikey=ynOKFYxumAVxrcJAGhzuN4ZBjCtQcbR7
Enhanced Yahoo recommendation for SVREW: HOLD
Generated 3 recommendations for SVREW
Skipping IVDAW - recent recommendations exist
Skipping MSFT - recent recommendations exist
Skipping RNWWW - recent recommendations exist
Skipping CJET - recent recommendations exist
Analyzing user user4 with existing recommendations
Best-buy-only mode: Skipping existing holdings analysis
Found 15 market screening candidates: ['BCTXW', 'SVREW', 'EONR+', 'IVDAW', 'OUSTZ', 'LAC', 'SNAP', 'BURU', 'OPEN', 'RNWWW', 'CJET', 'SWAGW', 'PLUG', 'SOXS', 'FRMI']
Best-buy-only mode: Skipping sell candidates analysis
Found 15 high-confidence BUY candidates: ['PALI', 'PALI', 'PSTV', 'PSTV', 'MSFT', 'MBX', 'MBX', 'GPUS', 'DVLT', 'AQMS', 'GDEVW', 'YCBD', 'YCBD', 'NFLX', 'NFLX']
Penny stocks allowed for user4 - including PALI (price: $1.50, market cap: $13861111)
Penny stocks allowed for user4 - including PSTV (price: $0.68, market cap: $82498744)
Penny stocks allowed for user4 - including MSFT (price: $517.95, market cap: $3830758244000)
Penny stocks allowed for user4 - including MBX (price: $17.50, market cap: $671877248)
Penny stocks allowed for user4 - including GPUS (price: $0.45, market cap: $33477998)
Penny stocks allowed for user4 - including OPEN (price: $7.97, market cap: $6218962432)
Penny stocks allowed for user4 - including DVLT (price: $1.09, market cap: $187308592)
Penny stocks allowed for user4 - including AQMS (price: $6.40, market cap: $10263837)
Penny stocks allowed for user4 - including GDEVW (price: $0.02, market cap: $N/A)
Penny stocks allowed for user4 - including YCBD (price: $1.21, market cap: $12299883)
Penny stocks allowed for user4 - including NFLX (price: $1198.92, market cap: $510128324608)
Smart Analysis completed for user: user4. Generated 9 recommendations
Batch analysis completed for 1 users
Buy all smart recommendations requested by user: user4
Found 19 pending BUY recommendations
Portfolio cash: $100000.00
Total cost: $78241.12
Executing recommendation for DVLT: 5691 shares
  Cash allocated: 6203.19 (type: <class 'decimal.Decimal'>)
  Current price: 1.09 (type: <class 'decimal.Decimal'>)
  Portfolio cash: 100000.00 (type: <class 'decimal.Decimal'>)
Successfully executed DVLT
Executing recommendation for MSFT: 11 shares
  Cash allocated: 5697.45 (type: <class 'decimal.Decimal'>)
  Current price: 517.95 (type: <class 'decimal.Decimal'>)
  Portfolio cash: 93790.60681 (type: <class 'decimal.Decimal'>)
Successfully executed MSFT
Executing recommendation for DVLT: 5072 shares
  Cash allocated: 5528.48 (type: <class 'decimal.Decimal'>)
  Current price: 1.09 (type: <class 'decimal.Decimal'>)
  Portfolio cash: 88087.45936 (type: <class 'decimal.Decimal'>)
Successfully executed DVLT
Executing recommendation for MSFT: 10 shares
  Cash allocated: 5179.50 (type: <class 'decimal.Decimal'>)
  Current price: 517.95 (type: <class 'decimal.Decimal'>)
  Portfolio cash: 82553.45088 (type: <class 'decimal.Decimal'>)
Successfully executed MSFT
Executing recommendation for NFLX: 4 shares
  Cash allocated: 4795.68 (type: <class 'decimal.Decimal'>)
  Current price: 1198.92 (type: <class 'decimal.Decimal'>)
  Portfolio cash: 77368.77138 (type: <class 'decimal.Decimal'>)
Successfully executed NFLX
Executing recommendation for YCBD: 4028 shares
  Cash allocated: 4873.88 (type: <class 'decimal.Decimal'>)
  Current price: 1.21 (type: <class 'decimal.Decimal'>)
  Portfolio cash: 72568.29570 (type: <class 'decimal.Decimal'>)
Successfully executed YCBD
Executing recommendation for MBX: 278 shares
  Cash allocated: 4865.00 (type: <class 'decimal.Decimal'>)
  Current price: 17.50 (type: <class 'decimal.Decimal'>)
  Portfolio cash: 67689.54182 (type: <class 'decimal.Decimal'>)
Successfully executed MBX
Executing recommendation for NVDA: 23 shares
  Cash allocated: 4291.34 (type: <class 'decimal.Decimal'>)
  Current price: 186.58 (type: <class 'decimal.Decimal'>)
  Portfolio cash: 62819.67682 (type: <class 'decimal.Decimal'>)
Successfully executed NVDA
Executing recommendation for NFLX: 3 shares
  Cash allocated: 3596.76 (type: <class 'decimal.Decimal'>)
  Current price: 1198.92 (type: <class 'decimal.Decimal'>)
  Portfolio cash: 58524.04548 (type: <class 'decimal.Decimal'>)
Successfully executed NFLX
Executing recommendation for YCBD: 3590 shares
  Cash allocated: 4343.90 (type: <class 'decimal.Decimal'>)
  Current price: 1.21 (type: <class 'decimal.Decimal'>)
  Portfolio cash: 54923.68872 (type: <class 'decimal.Decimal'>)
Successfully executed YCBD
Executing recommendation for MBX: 248 shares
  Cash allocated: 4340.00 (type: <class 'decimal.Decimal'>)
  Current price: 17.50 (type: <class 'decimal.Decimal'>)
  Portfolio cash: 50575.44482 (type: <class 'decimal.Decimal'>)
Successfully executed MBX
Executing recommendation for PSTV: 5363 shares
  Cash allocated: 3646.84 (type: <class 'decimal.Decimal'>)
  Current price: 0.68 (type: <class 'decimal.Decimal'>)
  Portfolio cash: 46231.10482 (type: <class 'decimal.Decimal'>)
Successfully executed PSTV
Executing recommendation for PALI: 2431 shares
  Cash allocated: 3646.50 (type: <class 'decimal.Decimal'>)
  Current price: 1.50 (type: <class 'decimal.Decimal'>)
  Portfolio cash: 42580.61798 (type: <class 'decimal.Decimal'>)
Successfully executed PALI
Executing recommendation for PSTV: 4780 shares
  Cash allocated: 3250.40 (type: <class 'decimal.Decimal'>)
  Current price: 0.68 (type: <class 'decimal.Decimal'>)
  Portfolio cash: 38930.47148 (type: <class 'decimal.Decimal'>)
Successfully executed PSTV
Executing recommendation for PALI: 2167 shares
  Cash allocated: 3250.50 (type: <class 'decimal.Decimal'>)
  Current price: 1.50 (type: <class 'decimal.Decimal'>)
  Portfolio cash: 35676.82108 (type: <class 'decimal.Decimal'>)
Successfully executed PALI
Executing recommendation for AQMS: 443 shares
  Cash allocated: 2835.20 (type: <class 'decimal.Decimal'>)
  Current price: 6.40 (type: <class 'decimal.Decimal'>)
  Portfolio cash: 32423.07058 (type: <class 'decimal.Decimal'>)
Successfully executed AQMS
Executing recommendation for GPUS: 6308 shares
  Cash allocated: 2838.60 (type: <class 'decimal.Decimal'>)
  Current price: 0.45 (type: <class 'decimal.Decimal'>)
  Portfolio cash: 29585.03538 (type: <class 'decimal.Decimal'>)
Successfully executed GPUS
Executing recommendation for AQMS: 395 shares
  Cash allocated: 2528.00 (type: <class 'decimal.Decimal'>)
  Current price: 6.40 (type: <class 'decimal.Decimal'>)
  Portfolio cash: 26743.59678 (type: <class 'decimal.Decimal'>)
Successfully executed AQMS
Executing recommendation for GPUS: 5622 shares
  Cash allocated: 2529.90 (type: <class 'decimal.Decimal'>)
  Current price: 0.45 (type: <class 'decimal.Decimal'>)
  Portfolio cash: 24213.06878 (type: <class 'decimal.Decimal'>)
Successfully executed GPUS
Buy all completed: 19 executed, 0 failed
Returning response: {'success': True, 'executed_trades': [{'symbol': 'DVLT', 'shares': 5691, 'cost': Decimal('6203.19'), 'trade_id': UUID('bff9e646-6d17-4b96-b1d1-940b3b58bb5b')}, {'symbol': 'MSFT', 'shares': 11, 'cost': Decimal('5697.45'), 'trade_id': UUID('bfe570b8-7a92-4a0b-b04e-9e0ce693cadd')}, {'symbol': 'DVLT', 'shares': 5072, 'cost': Decimal('5528.48'), 'trade_id': UUID('6af540d3-e9ad-4cc2-a8f5-76c1133e3dad')}, {'symbol': 'MSFT', 'shares': 10, 'cost': Decimal('5179.50'), 'trade_id': UUID('c0dfcbe8-4bd2-48c4-a37a-b02238cbdf99')}, {'symbol': 'NFLX', 'shares': 4, 'cost': Decimal('4795.68'), 'trade_id': UUID('cbcb8183-d7b1-49d7-9d75-8576d82cadfd')}, {'symbol': 'YCBD', 'shares': 4028, 'cost': Decimal('4873.88'), 'trade_id': UUID('20d857a6-cefd-43ef-b419-b3b22c59234b')}, {'symbol': 'MBX', 'shares': 278, 'cost': Decimal('4865.00'), 'trade_id': UUID('7dfd9c83-66e0-47b7-b11f-1f31a79661c4')}, {'symbol': 'NVDA', 'shares': 23, 'cost': Decimal('4291.34'), 'trade_id': UUID('67650e48-7944-41dd-833b-ba8a839e7790')}, {'symbol': 'NFLX', 'shares': 3, 'cost': Decimal('3596.76'), 'trade_id': UUID('0dda3d86-c9ee-4ad8-99d4-66843a93f0b4')}, {'symbol': 'YCBD', 'shares': 3590, 'cost': Decimal('4343.90'), 'trade_id': UUID('6361a9a9-5366-4e91-972b-1e191111d3c0')}, {'symbol': 'MBX', 'shares': 248, 'cost': Decimal('4340.00'), 'trade_id': UUID('0c68d044-90fd-4ace-84ce-d992bcf3a17c')}, {'symbol': 'PSTV', 'shares': 5363, 'cost': Decimal('3646.84'), 'trade_id': UUID('f13c593c-0a2d-4b44-bd78-b4e94d3c6368')}, {'symbol': 'PALI', 'shares': 2431, 'cost': Decimal('3646.50'), 'trade_id': UUID('38eeb5e2-508d-40e5-a895-b96961432635')}, {'symbol': 'PSTV', 'shares': 4780, 'cost': Decimal('3250.40'), 'trade_id': UUID('44a205b1-3c09-4256-9e1a-af4c8b045f5e')}, {'symbol': 'PALI', 'shares': 2167, 'cost': Decimal('3250.50'), 'trade_id': UUID('2823252b-e790-4969-8906-5426bf9a6c62')}, {'symbol': 'AQMS', 'shares': 443, 'cost': Decimal('2835.20'), 'trade_id': UUID('16badd8f-4195-427d-8edd-e21e9b368853')}, {'symbol': 'GPUS', 'shares': 6308, 'cost': Decimal('2838.60'), 'trade_id': UUID('ab0c3bec-aca7-478e-af3d-3ece78a6283d')}, {'symbol': 'AQMS', 'shares': 395, 'cost': Decimal('2528.00'), 'trade_id': UUID('fb073ac2-a611-4425-ad11-041bee99ac06')}, {'symbol': 'GPUS', 'shares': 5622, 'cost': Decimal('2529.90'), 'trade_id': UUID('fe0f2aeb-df59-4dcd-9350-45f4d44e2b9c')}], 'failed_trades': [], 'total_executed': 19, 'total_failed': 0, 'total_cost': 78241.12}
Updated quote for AAPL: $255.845
Updated quote for ADAP: $0.1259
Updated quote for AGMH: $8.4585
Updated quote for AGRI: $4.0627
Updated quote for APLT: $0.7378
Updated quote for AQMS: $7.4
Updated quote for ARKOW: $0.0091
Updated quote for ARQQW: $1.1192
Updated quote for ATCH: $0.5245
Updated quote for AUUDW: $0.0236
Updated quote for BA: $216.93
Updated quote for BCTXW: $0.0399
Updated quote for BENF: $1.139
Updated quote for BETRW: $0.5789
Updated quote for BIAF: $2.89
Updated quote for BIAFW: $0.44
Updated quote for BOXL: $2.5858
Updated quote for BQ: $11.07
Updated quote for BURU: $0.1757
Updated quote for CAPTW: $0.0322
Updated quote for CJET: $0.1737
Updated quote for CREVW: $0.0236
Updated quote for DFLI: $0.7045
Updated quote for DIS: $112.33
Updated quote for DVLT: $1.52
Updated quote for EPOW: $1.42
Updated quote for FOFO: $22.99
Updated quote for FRMI: $32.09
Updated quote for GDEVW: $0.0232
Updated quote for GIGGW: $0.44
Updated quote for GLB.L: $13.5
Updated quote for GOOGL: $245.365
Updated quote for GPUS: $0.4983
Updated quote for HOLN.SW: $67.0
Updated quote for IINNW: $0.331
Updated quote for ILLRW: $0.0508
Updated quote for INTC: $35.7801
Updated quote for IVDAW: $0.1999
Updated quote for JFB: $14.02
Updated quote for KYGA.L: $76.3
Updated quote for LAC: $7.09
Updated quote for LSBPW: $0.0102
Updated quote for LVROW: $0.0378
Updated quote for MBX: $18.155
Updated quote for MRM: $2.08
Updated quote for MSFT: $517.14
Updated quote for NFLX: $1143.535
Updated quote for NRSNW: $0.387
Updated quote for NRXPW: $0.1086
Updated quote for NUAI: $1.9499
Updated quote for NVDA: $188.898
Updated quote for NVO: $58.5033
Updated quote for ONMDW: $0.0481
Updated quote for OPEN: $8.065
Updated quote for ORIS: $0.177
Updated quote for OUSTZ: $0.0788
Updated quote for PALI: $1.425
Updated quote for PLUG: $2.9199
Updated quote for PSTV: $0.6881
Updated quote for PXSAW: $0.0055
Updated quote for QLGN: $5.95
Updated quote for RNWWW: $0.0814
Updated quote for RVPHW: $0.0545
Updated quote for RVSNW: $0.09
Updated quote for RVYL: $0.4221
Updated quote for SDSTW: $0.0849
Updated quote for SHOTW: $0.04
Updated quote for SLNH: $2.705
Updated quote for SNAP: $7.935
Updated quote for SOXS: $4.6612
Updated quote for SVREW: $0.0313
Updated quote for SWAGW: $0.076
Failed to get quote for TL0.DEX: No price data available for TL0.DEX
Failed to update quote for TL0.DEX: Failed to fetch quote for TL0.DEX: No price data available for TL0.DEX
Failed to update TL0.DEX: Failed to fetch quote for TL0.DEX: No price data available for TL0.DEX
Failed to get quote for TL0.FRK: No price data available for TL0.FRK
Failed to update quote for TL0.FRK: Failed to fetch quote for TL0.FRK: No price data available for TL0.FRK
Failed to update TL0.FRK: Failed to fetch quote for TL0.FRK: No price data available for TL0.FRK
Updated quote for TLRY: $1.7651
Updated quote for TSLA: $457.335
Failed to get quote for TSLA.TRT: No price data available for TSLA.TRT
Failed to update quote for TSLA.TRT: Failed to fetch quote for TSLA.TRT: No price data available for TSLA.TRT
Failed to update TSLA.TRT: Failed to fetch quote for TSLA.TRT: No price data available for TSLA.TRT
Failed to get quote for TSLA34.SAO: No price data available for TSLA34.SAO
Failed to update quote for TSLA34.SAO: Failed to fetch quote for TSLA34.SAO: No price data available for TSLA34.SAO
Failed to update TSLA34.SAO: Failed to fetch quote for TSLA34.SAO: No price data available for TSLA34.SAO
Updated quote for TSLL: $22.2399
Updated quote for WGSWW: $0.0922
Updated quote for YAAS: $2.52
Updated quote for YCBD: $1.2657
Starting batch Smart Analysis for 1 users
Successfully retrieved market movers from Alpha Vantage
Found 15 market screening candidates: ['BURU', 'SOXS', 'MIGI', 'PXSAW', 'CIGL', 'INTC', 'DFLI', 'RGTI', 'TSLL', 'OPEN', 'BNAIW', 'CJET', 'DFLIW', 'ASBP', 'RFAIR']
Found 15 high-confidence BUY candidates: ['PALI', 'PALI', 'PSTV', 'PSTV', 'MSFT', 'MBX', 'MBX', 'GPUS', 'DVLT', 'AQMS', 'GDEVW', 'YCBD', 'YCBD', 'NFLX', 'NFLX']
Found 26 unique stocks to analyze across all users
Batch analyzing 26 unique stocks
Yahoo Finance validation passed for CIGL
Yahoo Finance validation passed for CIGL
Updated quote for CIGL: $4.5
Successfully created and updated stock: CIGL
Getting recommendations for CIGL
Price target endpoint failed (403), using recommendation data
Finnhub recommendation for CIGL: HOLD
Polygon recommendation for CIGL: HOLD
FMP API error for CIGL: 402 Client Error: Payment Required for url: https://financialmodelingprep.com/stable/analyst-estimates?symbol=CIGL&apikey=ynOKFYxumAVxrcJAGhzuN4ZBjCtQcbR7
Enhanced Yahoo recommendation for CIGL: SELL
Generated 3 recommendations for CIGL
Yahoo Finance validation passed for OPEN
Getting recommendations for OPEN
Price target endpoint failed (403), using recommendation data
Finnhub recommendation for OPEN: SELL
Polygon recommendation for OPEN: BUY
FMP API error for OPEN: 402 Client Error: Payment Required for url: https://financialmodelingprep.com/stable/analyst-estimates?symbol=OPEN&apikey=ynOKFYxumAVxrcJAGhzuN4ZBjCtQcbR7
Enhanced Yahoo recommendation for OPEN: SELL
Generated 3 recommendations for OPEN
Yahoo Finance validation passed for ASBP
Yahoo Finance validation passed for ASBP
Updated quote for ASBP: $0.42
Successfully created and updated stock: ASBP
Getting recommendations for ASBP
Price target endpoint failed (403), using recommendation data
Finnhub recommendation for ASBP: HOLD
Error fetching Polygon data for ASBP: 429 Client Error: Too Many Requests for url: https://api.polygon.io/v2/aggs/ticker/ASBP/range/1/day/2024-01-01/2024-12-31?apikey=MSVhtqDKV9HyMOdla5UunU2EFs53MweY&limit=50
FMP API error for ASBP: 402 Client Error: Payment Required for url: https://financialmodelingprep.com/stable/analyst-estimates?symbol=ASBP&apikey=ynOKFYxumAVxrcJAGhzuN4ZBjCtQcbR7
Enhanced Yahoo recommendation for ASBP: SELL
Generated 2 recommendations for ASBP
Yahoo Finance validation passed for RFAIR
Yahoo Finance validation passed for RFAIR
Updated quote for RFAIR: $0.21
Successfully created and updated stock: RFAIR
Getting recommendations for RFAIR
Price target endpoint failed (403), using recommendation data
Finnhub recommendation for RFAIR: HOLD
Error fetching Polygon data for RFAIR: 429 Client Error: Too Many Requests for url: https://api.polygon.io/v2/aggs/ticker/RFAIR/prev?apikey=MSVhtqDKV9HyMOdla5UunU2EFs53MweY
FMP API error for RFAIR: 402 Client Error: Payment Required for url: https://financialmodelingprep.com/stable/analyst-estimates?symbol=RFAIR&apikey=ynOKFYxumAVxrcJAGhzuN4ZBjCtQcbR7
Enhanced Yahoo recommendation for RFAIR: HOLD
Generated 2 recommendations for RFAIR
Yahoo Finance validation passed for BURU
Getting recommendations for BURU
Price target endpoint failed (403), using recommendation data
Finnhub recommendation for BURU: HOLD
Error fetching Polygon data for BURU: 429 Client Error: Too Many Requests for url: https://api.polygon.io/v2/aggs/ticker/BURU/prev?apikey=MSVhtqDKV9HyMOdla5UunU2EFs53MweY
FMP API error for BURU: 402 Client Error: Payment Required for url: https://financialmodelingprep.com/stable/analyst-estimates?symbol=BURU&apikey=ynOKFYxumAVxrcJAGhzuN4ZBjCtQcbR7
Enhanced Yahoo recommendation for BURU: BUY
Generated 2 recommendations for BURU
Yahoo Finance validation passed for SOXS
Getting recommendations for SOXS
Price target endpoint failed (403), using recommendation data
Finnhub recommendation for SOXS: HOLD
Polygon recommendation for SOXS: HOLD
FMP API error for SOXS: 402 Client Error: Payment Required for url: https://financialmodelingprep.com/stable/analyst-estimates?symbol=SOXS&apikey=ynOKFYxumAVxrcJAGhzuN4ZBjCtQcbR7
Enhanced Yahoo recommendation for SOXS: HOLD
Generated 3 recommendations for SOXS
Yahoo Finance validation passed for MIGI
Yahoo Finance validation passed for MIGI
Updated quote for MIGI: $0.8378
Successfully created and updated stock: MIGI
Getting recommendations for MIGI
Price target endpoint failed (403), using recommendation data
Finnhub recommendation for MIGI: SELL
Polygon recommendation for MIGI: SELL
FMP API error for MIGI: 402 Client Error: Payment Required for url: https://financialmodelingprep.com/stable/analyst-estimates?symbol=MIGI&apikey=ynOKFYxumAVxrcJAGhzuN4ZBjCtQcbR7
Enhanced Yahoo recommendation for MIGI: SELL
Generated 3 recommendations for MIGI
Yahoo Finance validation passed for INTC
Getting recommendations for INTC
Price target endpoint failed (403), using recommendation data
Finnhub recommendation for INTC: HOLD
Error fetching Polygon data for INTC: 429 Client Error: Too Many Requests for url: https://api.polygon.io/v2/aggs/ticker/INTC/range/1/day/2024-01-01/2024-12-31?apikey=MSVhtqDKV9HyMOdla5UunU2EFs53MweY&limit=50
FMP API error for INTC: 400 Client Error: Bad Request for url: https://financialmodelingprep.com/stable/analyst-estimates?symbol=INTC&apikey=ynOKFYxumAVxrcJAGhzuN4ZBjCtQcbR7
Enhanced Yahoo recommendation for INTC: SELL
Generated 2 recommendations for INTC
Yahoo Finance validation passed for MBX
Getting recommendations for MBX
Price target endpoint failed (403), using recommendation data
Finnhub recommendation for MBX: BUY
Error fetching Polygon data for MBX: 429 Client Error: Too Many Requests for url: https://api.polygon.io/v2/aggs/ticker/MBX/prev?apikey=MSVhtqDKV9HyMOdla5UunU2EFs53MweY
FMP API error for MBX: 402 Client Error: Payment Required for url: https://financialmodelingprep.com/stable/analyst-estimates?symbol=MBX&apikey=ynOKFYxumAVxrcJAGhzuN4ZBjCtQcbR7
Enhanced Yahoo recommendation for MBX: BUY
Generated 2 recommendations for MBX
Yahoo Finance validation passed for RGTI
Yahoo Finance validation passed for RGTI
Updated quote for RGTI: $35.4
Successfully created and updated stock: RGTI
Getting recommendations for RGTI
Price target endpoint failed (403), using recommendation data
Finnhub recommendation for RGTI: BUY
Error fetching Polygon data for RGTI: 429 Client Error: Too Many Requests for url: https://api.polygon.io/v2/aggs/ticker/RGTI/prev?apikey=MSVhtqDKV9HyMOdla5UunU2EFs53MweY
FMP API error for RGTI: 402 Client Error: Payment Required for url: https://financialmodelingprep.com/stable/analyst-estimates?symbol=RGTI&apikey=ynOKFYxumAVxrcJAGhzuN4ZBjCtQcbR7
Enhanced Yahoo recommendation for RGTI: SELL
Generated 2 recommendations for RGTI
Yahoo Finance validation passed for BNAIW
Yahoo Finance validation passed for BNAIW
Updated quote for BNAIW: $0.03
Successfully created and updated stock: BNAIW
Getting recommendations for BNAIW
Price target endpoint failed (403), using recommendation data
Finnhub recommendation for BNAIW: HOLD
Error fetching Polygon data for BNAIW: 429 Client Error: Too Many Requests for url: https://api.polygon.io/v2/aggs/ticker/BNAIW/prev?apikey=MSVhtqDKV9HyMOdla5UunU2EFs53MweY
FMP API error for BNAIW: 402 Client Error: Payment Required for url: https://financialmodelingprep.com/stable/analyst-estimates?symbol=BNAIW&apikey=ynOKFYxumAVxrcJAGhzuN4ZBjCtQcbR7
Enhanced Yahoo recommendation for BNAIW: SELL
Generated 2 recommendations for BNAIW
Yahoo Finance validation passed for PXSAW
Getting recommendations for PXSAW
Price target endpoint failed (403), using recommendation data
Finnhub recommendation for PXSAW: HOLD
Error fetching Polygon data for PXSAW: 429 Client Error: Too Many Requests for url: https://api.polygon.io/v2/aggs/ticker/PXSAW/prev?apikey=MSVhtqDKV9HyMOdla5UunU2EFs53MweY
FMP API error for PXSAW: 402 Client Error: Payment Required for url: https://financialmodelingprep.com/stable/analyst-estimates?symbol=PXSAW&apikey=ynOKFYxumAVxrcJAGhzuN4ZBjCtQcbR7
Enhanced Yahoo recommendation for PXSAW: SELL
Generated 2 recommendations for PXSAW
Yahoo Finance validation passed for AQMS
Getting recommendations for AQMS
Price target endpoint failed (403), using recommendation data
Finnhub recommendation for AQMS: BUY
Error fetching Polygon data for AQMS: 429 Client Error: Too Many Requests for url: https://api.polygon.io/v2/aggs/ticker/AQMS/prev?apikey=MSVhtqDKV9HyMOdla5UunU2EFs53MweY
FMP API error for AQMS: 402 Client Error: Payment Required for url: https://financialmodelingprep.com/stable/analyst-estimates?symbol=AQMS&apikey=ynOKFYxumAVxrcJAGhzuN4ZBjCtQcbR7
Enhanced Yahoo recommendation for AQMS: HOLD
Generated 2 recommendations for AQMS
Yahoo Finance validation passed for PSTV
Getting recommendations for PSTV
Price target endpoint failed (403), using recommendation data
Finnhub recommendation for PSTV: BUY
Error fetching Polygon data for PSTV: 429 Client Error: Too Many Requests for url: https://api.polygon.io/v2/aggs/ticker/PSTV/prev?apikey=MSVhtqDKV9HyMOdla5UunU2EFs53MweY
FMP API error for PSTV: 402 Client Error: Payment Required for url: https://financialmodelingprep.com/stable/analyst-estimates?symbol=PSTV&apikey=ynOKFYxumAVxrcJAGhzuN4ZBjCtQcbR7
Enhanced Yahoo recommendation for PSTV: BUY
Generated 2 recommendations for PSTV
Yahoo Finance validation passed for GPUS
Getting recommendations for GPUS
Price target endpoint failed (403), using recommendation data
Finnhub recommendation for GPUS: BUY
Polygon recommendation for GPUS: HOLD
FMP API error for GPUS: 402 Client Error: Payment Required for url: https://financialmodelingprep.com/stable/analyst-estimates?symbol=GPUS&apikey=ynOKFYxumAVxrcJAGhzuN4ZBjCtQcbR7
Enhanced Yahoo recommendation for GPUS: HOLD
Generated 3 recommendations for GPUS
Yahoo Finance validation passed for DFLIW
Yahoo Finance validation passed for DFLIW
Updated quote for DFLIW: $0.1254
Successfully created and updated stock: DFLIW
Getting recommendations for DFLIW
Price target endpoint failed (403), using recommendation data
Finnhub recommendation for DFLIW: HOLD
Polygon recommendation for DFLIW: BUY
FMP API error for DFLIW: 402 Client Error: Payment Required for url: https://financialmodelingprep.com/stable/analyst-estimates?symbol=DFLIW&apikey=ynOKFYxumAVxrcJAGhzuN4ZBjCtQcbR7
Enhanced Yahoo recommendation for DFLIW: HOLD
Generated 3 recommendations for DFLIW
Yahoo Finance validation passed for NFLX
Getting recommendations for NFLX
Price target endpoint failed (403), using recommendation data
Finnhub recommendation for NFLX: BUY
Error fetching Polygon data for NFLX: 429 Client Error: Too Many Requests for url: https://api.polygon.io/v2/aggs/ticker/NFLX/range/1/day/2024-01-01/2024-12-31?apikey=MSVhtqDKV9HyMOdla5UunU2EFs53MweY&limit=50
FMP API error for NFLX: 400 Client Error: Bad Request for url: https://financialmodelingprep.com/stable/analyst-estimates?symbol=NFLX&apikey=ynOKFYxumAVxrcJAGhzuN4ZBjCtQcbR7
Enhanced Yahoo recommendation for NFLX: BUY
Generated 2 recommendations for NFLX
Yahoo Finance validation passed for CJET
Getting recommendations for CJET
Price target endpoint failed (403), using recommendation data
Finnhub recommendation for CJET: HOLD
Error fetching Polygon data for CJET: 429 Client Error: Too Many Requests for url: https://api.polygon.io/v2/aggs/ticker/CJET/prev?apikey=MSVhtqDKV9HyMOdla5UunU2EFs53MweY
FMP API error for CJET: 402 Client Error: Payment Required for url: https://financialmodelingprep.com/stable/analyst-estimates?symbol=CJET&apikey=ynOKFYxumAVxrcJAGhzuN4ZBjCtQcbR7
Enhanced Yahoo recommendation for CJET: SELL
Generated 2 recommendations for CJET
Yahoo Finance validation passed for DVLT
Getting recommendations for DVLT
Price target endpoint failed (403), using recommendation data
Finnhub recommendation for DVLT: BUY
Error fetching Polygon data for DVLT: 429 Client Error: Too Many Requests for url: https://api.polygon.io/v2/aggs/ticker/DVLT/prev?apikey=MSVhtqDKV9HyMOdla5UunU2EFs53MweY
FMP API error for DVLT: 402 Client Error: Payment Required for url: https://financialmodelingprep.com/stable/analyst-estimates?symbol=DVLT&apikey=ynOKFYxumAVxrcJAGhzuN4ZBjCtQcbR7
Enhanced Yahoo recommendation for DVLT: STRONG_BUY
Generated 2 recommendations for DVLT
Yahoo Finance validation passed for DFLI
Getting recommendations for DFLI
Price target endpoint failed (403), using recommendation data
Finnhub recommendation for DFLI: BUY
Error fetching Polygon data for DFLI: 429 Client Error: Too Many Requests for url: https://api.polygon.io/v2/aggs/ticker/DFLI/prev?apikey=MSVhtqDKV9HyMOdla5UunU2EFs53MweY
FMP API error for DFLI: 402 Client Error: Payment Required for url: https://financialmodelingprep.com/stable/analyst-estimates?symbol=DFLI&apikey=ynOKFYxumAVxrcJAGhzuN4ZBjCtQcbR7
Enhanced Yahoo recommendation for DFLI: BUY
Generated 2 recommendations for DFLI
Yahoo Finance validation passed for NVDA
Getting recommendations for NVDA
Price target endpoint failed (403), using recommendation data
Finnhub recommendation for NVDA: BUY
Error fetching Polygon data for NVDA: 429 Client Error: Too Many Requests for url: https://api.polygon.io/v2/aggs/ticker/NVDA/prev?apikey=MSVhtqDKV9HyMOdla5UunU2EFs53MweY
FMP API error for NVDA: 400 Client Error: Bad Request for url: https://financialmodelingprep.com/stable/analyst-estimates?symbol=NVDA&apikey=ynOKFYxumAVxrcJAGhzuN4ZBjCtQcbR7
Enhanced Yahoo recommendation for NVDA: STRONG_BUY
Generated 2 recommendations for NVDA
Yahoo Finance validation passed for YCBD
Getting recommendations for YCBD
Price target endpoint failed (403), using recommendation data
Finnhub recommendation for YCBD: BUY
Error fetching Polygon data for YCBD: 429 Client Error: Too Many Requests for url: https://api.polygon.io/v2/aggs/ticker/YCBD/prev?apikey=MSVhtqDKV9HyMOdla5UunU2EFs53MweY
FMP API error for YCBD: 402 Client Error: Payment Required for url: https://financialmodelingprep.com/stable/analyst-estimates?symbol=YCBD&apikey=ynOKFYxumAVxrcJAGhzuN4ZBjCtQcbR7
Enhanced Yahoo recommendation for YCBD: BUY
Generated 2 recommendations for YCBD
Yahoo Finance validation passed for TSLL
Getting recommendations for TSLL
Price target endpoint failed (403), using recommendation data
Finnhub recommendation for TSLL: HOLD
Error fetching Polygon data for TSLL: 429 Client Error: Too Many Requests for url: https://api.polygon.io/v2/aggs/ticker/TSLL/prev?apikey=MSVhtqDKV9HyMOdla5UunU2EFs53MweY
FMP API error for TSLL: 402 Client Error: Payment Required for url: https://financialmodelingprep.com/stable/analyst-estimates?symbol=TSLL&apikey=ynOKFYxumAVxrcJAGhzuN4ZBjCtQcbR7
Enhanced Yahoo recommendation for TSLL: HOLD
Generated 2 recommendations for TSLL
Yahoo Finance validation passed for MSFT
Getting recommendations for MSFT
Price target endpoint failed (403), using recommendation data
Finnhub recommendation for MSFT: BUY
Polygon recommendation for MSFT: BUY
FMP API error for MSFT: 400 Client Error: Bad Request for url: https://financialmodelingprep.com/stable/analyst-estimates?symbol=MSFT&apikey=ynOKFYxumAVxrcJAGhzuN4ZBjCtQcbR7
Enhanced Yahoo recommendation for MSFT: STRONG_BUY
Generated 3 recommendations for MSFT
Yahoo Finance validation passed for PALI
Getting recommendations for PALI
Price target endpoint failed (403), using recommendation data
Finnhub recommendation for PALI: BUY
Polygon recommendation for PALI: SELL
FMP API error for PALI: 402 Client Error: Payment Required for url: https://financialmodelingprep.com/stable/analyst-estimates?symbol=PALI&apikey=ynOKFYxumAVxrcJAGhzuN4ZBjCtQcbR7
Enhanced Yahoo recommendation for PALI: BUY
Generated 3 recommendations for PALI
Yahoo Finance validation passed for GDEVW
Getting recommendations for GDEVW
Price target endpoint failed (403), using recommendation data
Finnhub recommendation for GDEVW: HOLD
Error fetching Polygon data for GDEVW: 429 Client Error: Too Many Requests for url: https://api.polygon.io/v2/aggs/ticker/GDEVW/range/1/day/2024-01-01/2024-12-31?apikey=MSVhtqDKV9HyMOdla5UunU2EFs53MweY&limit=50
FMP API error for GDEVW: 402 Client Error: Payment Required for url: https://financialmodelingprep.com/stable/analyst-estimates?symbol=GDEVW&apikey=ynOKFYxumAVxrcJAGhzuN4ZBjCtQcbR7
Enhanced Yahoo recommendation for GDEVW: BUY
Generated 2 recommendations for GDEVW
Analyzing user user4 with existing recommendations
Found 15 market screening candidates: ['BURU', 'SOXS', 'MIGI', 'PXSAW', 'CIGL', 'INTC', 'DFLI', 'RGTI', 'TSLL', 'OPEN', 'BNAIW', 'CJET', 'DFLIW', 'ASBP', 'RFAIR']
Found 15 high-confidence BUY candidates: ['GDEVW', 'PALI', 'PALI', 'MSFT', 'MSFT', 'YCBD', 'YCBD', 'NVDA', 'DFLI', 'DFLI', 'DVLT', 'NFLX', 'NFLX', 'GPUS', 'PSTV']
Fetching real-time prices for 25 stocks
Real-time price for CIGL: $4.5
Real-time price for OPEN: $8.01
Real-time price for ASBP: $0.42
Real-time price for RFAIR: $0.21
Real-time price for BURU: $0.2212
Real-time price for SOXS: $4.6
Real-time price for INTC: $37.3
Real-time price for MIGI: $0.8378
Real-time price for MBX: $16.75
Real-time price for RGTI: $35.4
Real-time price for BNAIW: $0.03
Real-time price for PXSAW: $0.016
Real-time price for PSTV: $0.6825
Real-time price for GPUS: $0.484
Real-time price for DFLIW: $0.1254
Real-time price for NFLX: $1162.53
Real-time price for CJET: $0.17
Real-time price for DVLT: $1.53
Real-time price for DFLI: $1.07
Real-time price for TSLL: $20.22
Real-time price for YCBD: $1.18
Real-time price for NVDA: $188.89
Real-time price for MSFT: $515.74
Real-time price for PALI: $1.7
Real-time price for GDEVW: $0.04
Successfully fetched 25 real-time prices
Penny stocks allowed for user4 - including GDEVW (price: $0.02, market cap: $N/A)
Penny stocks allowed for user4 - including PALI (price: $1.42, market cap: $13861111)
Penny stocks allowed for user4 - including MSFT (price: $517.14, market cap: $3830758244000)
Penny stocks allowed for user4 - including YCBD (price: $1.27, market cap: $12299883)
Penny stocks allowed for user4 - including NVDA (price: $188.90, market cap: $4329385492000)
Penny stocks allowed for user4 - including DFLI (price: $0.70, market cap: $32321926)
Penny stocks allowed for user4 - including DVLT (price: $1.52, market cap: $187308592)
Penny stocks allowed for user4 - including NFLX (price: $1143.54, market cap: $510128324608)
Penny stocks allowed for user4 - including PSTV (price: $0.69, market cap: $82498744)
Penny stocks allowed for user4 - including RGTI (price: $35.40, market cap: $11475447808)
Penny stocks allowed for user4 - including MBX (price: $18.16, market cap: $671877248)
Penny stocks allowed for user4 - including MIGI (price: $0.84, market cap: $17464864)
Penny stocks allowed for user4 - including BURU (price: $0.18, market cap: $19671830)
Penny stocks allowed for user4 - including OPEN (price: $8.06, market cap: $6218962432)
No sell candidates found
Smart Analysis completed for user: user4. Generated 3 recommendations
Batch analysis completed for 1 users
Buy all smart recommendations requested by user: user4
Found 3 pending BUY recommendations
Portfolio cash: $50178.08
Total cost: $20065.93
Executing recommendation for DVLT: 5660 shares
  Cash allocated: 8659.80 (type: <class 'decimal.Decimal'>)
  Current price: 1.53 (type: <class 'decimal.Decimal'>)
  Portfolio cash: 50178.08 (type: <class 'decimal.Decimal'>)
Successfully executed DVLT
Executing recommendation for DFLI: 6359 shares
  Cash allocated: 6804.13 (type: <class 'decimal.Decimal'>)
  Current price: 1.07 (type: <class 'decimal.Decimal'>)
  Portfolio cash: 41566.27680 (type: <class 'decimal.Decimal'>)
Successfully executed DFLI
Executing recommendation for RGTI: 130 shares
  Cash allocated: 4602.00 (type: <class 'decimal.Decimal'>)
  Current price: 35.40 (type: <class 'decimal.Decimal'>)
  Portfolio cash: 37110.52550 (type: <class 'decimal.Decimal'>)
Successfully executed RGTI
Buy all completed: 3 executed, 0 failed
Returning response: {'success': True, 'executed_trades': [{'symbol': 'DVLT', 'shares': 5660, 'cost': Decimal('8659.80'), 'trade_id': UUID('a9e25085-6684-46c3-8462-5bb2883249a4')}, {'symbol': 'DFLI', 'shares': 6359, 'cost': Decimal('6804.13'), 'trade_id': UUID('1f4b416e-7464-4b3c-870f-b806624f27dc')}, {'symbol': 'RGTI', 'shares': 130, 'cost': Decimal('4602.00'), 'trade_id': UUID('7ac6e8b0-8f79-4f18-a004-b97d1177890b')}], 'failed_trades': [], 'total_executed': 3, 'total_failed': 0, 'total_cost': 20065.93}
Logo download command failed: No stocks found for symbols: AMZN,META,BRK.B
Starting batch Smart Analysis for 3 users
Successfully retrieved market movers from Alpha Vantage
Found 15 market screening candidates: ['DFLI', 'RGTI', 'ASBP', 'PXSAW', 'CJET', 'OPEN', 'INTC', 'RFAIR', 'MLACR', 'BURU', 'TSLZ', 'MIGI', 'TSLL', 'BNAIW', 'SOXS']
Found 15 high-confidence BUY candidates: ['GDEVW', 'PALI', 'PALI', 'MSFT', 'MSFT', 'YCBD', 'YCBD', 'NVDA', 'DFLI', 'DFLI', 'DVLT', 'NFLX', 'NFLX', 'GPUS', 'PSTV']
Found 15 market screening candidates: ['DFLI', 'RGTI', 'ASBP', 'PXSAW', 'CJET', 'OPEN', 'INTC', 'RFAIR', 'MLACR', 'BURU', 'TSLZ', 'MIGI', 'TSLL', 'BNAIW', 'SOXS']
Found 15 high-confidence BUY candidates: ['GDEVW', 'PALI', 'PALI', 'MSFT', 'MSFT', 'YCBD', 'YCBD', 'NVDA', 'DFLI', 'DFLI', 'DVLT', 'NFLX', 'NFLX', 'GPUS', 'PSTV']
Found 15 market screening candidates: ['DFLI', 'RGTI', 'ASBP', 'PXSAW', 'CJET', 'OPEN', 'INTC', 'RFAIR', 'MLACR', 'BURU', 'TSLZ', 'MIGI', 'TSLL', 'BNAIW', 'SOXS']
Found 15 high-confidence BUY candidates: ['GDEVW', 'PALI', 'PALI', 'MSFT', 'MSFT', 'YCBD', 'YCBD', 'NVDA', 'DFLI', 'DFLI', 'DVLT', 'NFLX', 'NFLX', 'GPUS', 'PSTV']
Found 39 unique stocks to analyze across all users
Batch analyzing 39 unique stocks
Yahoo Finance validation passed for ONMDW
Getting recommendations for ONMDW
Price target endpoint failed (403), using recommendation data
Finnhub recommendation for ONMDW: HOLD
Polygon recommendation for ONMDW: BUY
FMP API error for ONMDW: 402 Client Error: Payment Required for url: https://financialmodelingprep.com/stable/analyst-estimates?symbol=ONMDW&apikey=ynOKFYxumAVxrcJAGhzuN4ZBjCtQcbR7
Enhanced Yahoo recommendation for ONMDW: SELL
Generated 3 recommendations for ONMDW
Yahoo Finance validation passed for NVO
Getting recommendations for NVO
Price target endpoint failed (403), using recommendation data
Finnhub recommendation for NVO: BUY
Polygon recommendation for NVO: HOLD
FMP API error for NVO: 402 Client Error: Payment Required for url: https://financialmodelingprep.com/stable/analyst-estimates?symbol=NVO&apikey=ynOKFYxumAVxrcJAGhzuN4ZBjCtQcbR7
Enhanced Yahoo recommendation for NVO: STRONG_BUY
Generated 3 recommendations for NVO
Skipping GDEVW - recent recommendations exist
Skipping AQMS - recent recommendations exist
Yahoo Finance validation passed for AGRI
Getting recommendations for AGRI
Price target endpoint failed (403), using recommendation data
Finnhub recommendation for AGRI: BUY
Error fetching Polygon data for AGRI: 429 Client Error: Too Many Requests for url: https://api.polygon.io/v2/aggs/ticker/AGRI/range/1/day/2024-01-01/2024-12-31?apikey=MSVhtqDKV9HyMOdla5UunU2EFs53MweY&limit=50
FMP API error for AGRI: 402 Client Error: Payment Required for url: https://financialmodelingprep.com/stable/analyst-estimates?symbol=AGRI&apikey=ynOKFYxumAVxrcJAGhzuN4ZBjCtQcbR7
Enhanced Yahoo recommendation for AGRI: BUY
Generated 2 recommendations for AGRI
Skipping CJET - recent recommendations exist
Skipping OPEN - recent recommendations exist
Skipping INTC - recent recommendations exist
Skipping MSFT - recent recommendations exist
Skipping NVDA - recent recommendations exist
Yahoo Finance validation passed for BQ
Getting recommendations for BQ
Price target endpoint failed (403), using recommendation data
Finnhub recommendation for BQ: BUY
Error fetching Polygon data for BQ: 429 Client Error: Too Many Requests for url: https://api.polygon.io/v2/aggs/ticker/BQ/prev?apikey=MSVhtqDKV9HyMOdla5UunU2EFs53MweY
FMP API error for BQ: 402 Client Error: Payment Required for url: https://financialmodelingprep.com/stable/analyst-estimates?symbol=BQ&apikey=ynOKFYxumAVxrcJAGhzuN4ZBjCtQcbR7
Enhanced Yahoo recommendation for BQ: SELL
Generated 2 recommendations for BQ
Skipping PALI - recent recommendations exist
Skipping GPUS - recent recommendations exist
Skipping BURU - recent recommendations exist
Skipping SOXS - recent recommendations exist
Yahoo Finance validation passed for APLT
Getting recommendations for APLT
Price target endpoint failed (403), using recommendation data
Finnhub recommendation for APLT: BUY
Error fetching Polygon data for APLT: 429 Client Error: Too Many Requests for url: https://api.polygon.io/v2/aggs/ticker/APLT/prev?apikey=MSVhtqDKV9HyMOdla5UunU2EFs53MweY
FMP API error for APLT: 402 Client Error: Payment Required for url: https://financialmodelingprep.com/stable/analyst-estimates?symbol=APLT&apikey=ynOKFYxumAVxrcJAGhzuN4ZBjCtQcbR7
Enhanced Yahoo recommendation for APLT: BUY
Generated 2 recommendations for APLT
Skipping DFLI - recent recommendations exist
Skipping DVLT - recent recommendations exist
Skipping RFAIR - recent recommendations exist
Yahoo Finance validation passed for MLACR
Yahoo Finance validation passed for MLACR
Updated quote for MLACR: $0.5821
Successfully created and updated stock: MLACR
Getting recommendations for MLACR
Price target endpoint failed (403), using recommendation data
Finnhub recommendation for MLACR: HOLD
Error fetching Polygon data for MLACR: 429 Client Error: Too Many Requests for url: https://api.polygon.io/v2/aggs/ticker/MLACR/prev?apikey=MSVhtqDKV9HyMOdla5UunU2EFs53MweY
FMP API error for MLACR: 402 Client Error: Payment Required for url: https://financialmodelingprep.com/stable/analyst-estimates?symbol=MLACR&apikey=ynOKFYxumAVxrcJAGhzuN4ZBjCtQcbR7
Enhanced Yahoo recommendation for MLACR: HOLD
Generated 2 recommendations for MLACR
Yahoo Finance validation passed for QLGN
Getting recommendations for QLGN
Price target endpoint failed (403), using recommendation data
Finnhub recommendation for QLGN: BUY
Error fetching Polygon data for QLGN: 429 Client Error: Too Many Requests for url: https://api.polygon.io/v2/aggs/ticker/QLGN/prev?apikey=MSVhtqDKV9HyMOdla5UunU2EFs53MweY
FMP API error for QLGN: 402 Client Error: Payment Required for url: https://financialmodelingprep.com/stable/analyst-estimates?symbol=QLGN&apikey=ynOKFYxumAVxrcJAGhzuN4ZBjCtQcbR7
Enhanced Yahoo recommendation for QLGN: BUY
Generated 2 recommendations for QLGN
Yahoo Finance validation passed for ATCH
Getting recommendations for ATCH
Price target endpoint failed (403), using recommendation data
Finnhub recommendation for ATCH: HOLD
Polygon recommendation for ATCH: SELL
FMP API error for ATCH: 402 Client Error: Payment Required for url: https://financialmodelingprep.com/stable/analyst-estimates?symbol=ATCH&apikey=ynOKFYxumAVxrcJAGhzuN4ZBjCtQcbR7
Enhanced Yahoo recommendation for ATCH: HOLD
Generated 3 recommendations for ATCH
Yahoo Finance validation passed for BA
Getting recommendations for BA
Price target endpoint failed (403), using recommendation data
Finnhub recommendation for BA: BUY
Polygon recommendation for BA: BUY
FMP API error for BA: 400 Client Error: Bad Request for url: https://financialmodelingprep.com/stable/analyst-estimates?symbol=BA&apikey=ynOKFYxumAVxrcJAGhzuN4ZBjCtQcbR7
Enhanced Yahoo recommendation for BA: BUY
Generated 3 recommendations for BA
Skipping MBX - recent recommendations exist
Skipping PSTV - recent recommendations exist
Skipping BNAIW - recent recommendations exist
Yahoo Finance validation passed for DIS
Getting recommendations for DIS
Price target endpoint failed (403), using recommendation data
Finnhub recommendation for DIS: BUY
Error fetching Polygon data for DIS: 429 Client Error: Too Many Requests for url: https://api.polygon.io/v2/aggs/ticker/DIS/range/1/day/2024-01-01/2024-12-31?apikey=MSVhtqDKV9HyMOdla5UunU2EFs53MweY&limit=50
FMP API error for DIS: 400 Client Error: Bad Request for url: https://financialmodelingprep.com/stable/analyst-estimates?symbol=DIS&apikey=ynOKFYxumAVxrcJAGhzuN4ZBjCtQcbR7
Enhanced Yahoo recommendation for DIS: BUY
Generated 2 recommendations for DIS
Yahoo Finance validation passed for GOOGL
Getting recommendations for GOOGL
Price target endpoint failed (403), using recommendation data
Finnhub recommendation for GOOGL: BUY
Error fetching Polygon data for GOOGL: 429 Client Error: Too Many Requests for url: https://api.polygon.io/v2/aggs/ticker/GOOGL/prev?apikey=MSVhtqDKV9HyMOdla5UunU2EFs53MweY
FMP API error for GOOGL: 400 Client Error: Bad Request for url: https://financialmodelingprep.com/stable/analyst-estimates?symbol=GOOGL&apikey=ynOKFYxumAVxrcJAGhzuN4ZBjCtQcbR7
Enhanced Yahoo recommendation for GOOGL: BUY
Generated 2 recommendations for GOOGL
Yahoo Finance validation passed for AAPL
Getting recommendations for AAPL
Price target endpoint failed (403), using recommendation data
Finnhub recommendation for AAPL: BUY
Error fetching Polygon data for AAPL: 429 Client Error: Too Many Requests for url: https://api.polygon.io/v2/aggs/ticker/AAPL/prev?apikey=MSVhtqDKV9HyMOdla5UunU2EFs53MweY
FMP API error for AAPL: 400 Client Error: Bad Request for url: https://financialmodelingprep.com/stable/analyst-estimates?symbol=AAPL&apikey=ynOKFYxumAVxrcJAGhzuN4ZBjCtQcbR7
Enhanced Yahoo recommendation for AAPL: HOLD
Generated 2 recommendations for AAPL
Skipping NFLX - recent recommendations exist
Yahoo Finance validation passed for AGMH
Getting recommendations for AGMH
Price target endpoint failed (403), using recommendation data
Finnhub recommendation for AGMH: BUY
Error fetching Polygon data for AGMH: 429 Client Error: Too Many Requests for url: https://api.polygon.io/v2/aggs/ticker/AGMH/prev?apikey=MSVhtqDKV9HyMOdla5UunU2EFs53MweY
FMP API error for AGMH: 402 Client Error: Payment Required for url: https://financialmodelingprep.com/stable/analyst-estimates?symbol=AGMH&apikey=ynOKFYxumAVxrcJAGhzuN4ZBjCtQcbR7
Enhanced Yahoo recommendation for AGMH: BUY
Generated 2 recommendations for AGMH
Skipping ASBP - recent recommendations exist
Skipping PXSAW - recent recommendations exist
Yahoo Finance validation passed for TSLZ
Yahoo Finance validation passed for TSLZ
Updated quote for TSLZ: $0.725
Successfully created and updated stock: TSLZ
Getting recommendations for TSLZ
Price target endpoint failed (403), using recommendation data
Finnhub recommendation for TSLZ: HOLD
Error fetching Polygon data for TSLZ: 429 Client Error: Too Many Requests for url: https://api.polygon.io/v2/aggs/ticker/TSLZ/prev?apikey=MSVhtqDKV9HyMOdla5UunU2EFs53MweY
FMP API error for TSLZ: 402 Client Error: Payment Required for url: https://financialmodelingprep.com/stable/analyst-estimates?symbol=TSLZ&apikey=ynOKFYxumAVxrcJAGhzuN4ZBjCtQcbR7
Enhanced Yahoo recommendation for TSLZ: HOLD
Generated 2 recommendations for TSLZ
Skipping MIGI - recent recommendations exist
Skipping TSLL - recent recommendations exist
Skipping YCBD - recent recommendations exist
Skipping RGTI - recent recommendations exist
Yahoo Finance validation passed for MRM
Getting recommendations for MRM
Price target endpoint failed (403), using recommendation data
Finnhub recommendation for MRM: HOLD
Polygon recommendation for MRM: SELL
FMP API error for MRM: 402 Client Error: Payment Required for url: https://financialmodelingprep.com/stable/analyst-estimates?symbol=MRM&apikey=ynOKFYxumAVxrcJAGhzuN4ZBjCtQcbR7
Enhanced Yahoo recommendation for MRM: STRONG_BUY
Generated 3 recommendations for MRM
Analyzing user user1 with existing recommendations
Found 15 market screening candidates: ['DFLI', 'RGTI', 'ASBP', 'PXSAW', 'CJET', 'OPEN', 'INTC', 'RFAIR', 'MLACR', 'BURU', 'TSLZ', 'MIGI', 'TSLL', 'BNAIW', 'SOXS']
Found 15 high-confidence BUY candidates: ['AGMH', 'AGMH', 'AAPL', 'GOOGL', 'GOOGL', 'DIS', 'DIS', 'BA', 'BA', 'BA', 'QLGN', 'QLGN', 'APLT', 'APLT', 'BQ']
Fetching real-time prices for 39 stocks
Real-time price for ONMDW: $0.05
Real-time price for NVO: $58.8398
Real-time price for AQMS: $7.73
Real-time price for AGRI: $3.905
Real-time price for CJET: $0.1729
Real-time price for OPEN: $8.1999
Real-time price for INTC: $37.6281
Real-time price for MSFT: $516.23
Real-time price for NVDA: $189.59
Real-time price for BQ: $13.96
Real-time price for PALI: $1.76
Real-time price for GPUS: $0.4541
Real-time price for SOXS: $4.51
Real-time price for BURU: $0.3086
Real-time price for APLT: $1.0191
Real-time price for DFLI: $1.4401
Real-time price for DVLT: $1.4745
Real-time price for RFAIR: $0.2021
Real-time price for MLACR: $0.5509
Real-time price for QLGN: $5.56
Real-time price for YCBD: $1.355
Real-time price for ATCH: $0.4679
Real-time price for MBX: $17.35
Real-time price for PSTV: $0.7101
Real-time price for BNAIW: $0.07
Real-time price for DIS: $112.15
Real-time price for GOOGL: $242.46
Real-time price for AAPL: $257.7186
Real-time price for NFLX: $1154.63
Real-time price for RGTI: $36.5
Real-time price for AGMH: $8.3299
Real-time price for PXSAW: $0.0188
Real-time price for ASBP: $0.3792
Real-time price for TSLZ: $0.7263
Real-time price for MIGI: $0.8
Real-time price for TSLL: $20.5605
Real-time price for BA: $216.8451
Real-time price for GDEVW: $0.0321
Real-time price for MRM: $2.1028
Successfully fetched 39 real-time prices
Evaluating 6 sell candidates with SellWeight=5 (portfolio=5, risk_profile=5)
MRM: HOLD confidence=0.67, adjusted=0.17 (SellWeight=5)
✗ MRM: Adjusted confidence 0.17 below threshold 0.30
GDEVW: HOLD confidence=0.62, adjusted=0.16 (SellWeight=5)
✗ GDEVW: Adjusted confidence 0.16 below threshold 0.30
GPUS: HOLD confidence=0.58, adjusted=0.14 (SellWeight=5)
✗ GPUS: Adjusted confidence 0.14 below threshold 0.30
ONMDW: HOLD confidence=0.60, adjusted=0.15 (SellWeight=5)
✗ ONMDW: Adjusted confidence 0.15 below threshold 0.30
OPEN: SELL confidence=0.63, adjusted=0.32 (SellWeight=5)
✓ SELL recommendation for OPEN: 25 shares (31.5%) - $205.00
ATCH: HOLD confidence=0.53, adjusted=0.13 (SellWeight=5)
✗ ATCH: Adjusted confidence 0.13 below threshold 0.30
Sell algorithm completed: 1 sell recommendations generated
Checking profit-taking opportunities (threshold: 10.00%, volatility: 20.00%)
GOOGL: Recent gain: 0.0%, Volatility: 20.0%
✗ GOOGL: Gain 0.0% or volatility 20.0% below thresholds
MSFT: Recent gain: 0.0%, Volatility: 20.0%
✗ MSFT: Gain 0.0% or volatility 20.0% below thresholds
NVDA: Recent gain: 6.9%, Volatility: 20.0%
✗ NVDA: Gain 6.9% or volatility 20.0% below thresholds
AGMH: Recent gain: 0.0%, Volatility: 30.0%
✗ AGMH: Gain 0.0% or volatility 30.0% below thresholds
DIS: Recent gain: 0.0%, Volatility: 20.0%
✗ DIS: Gain 0.0% or volatility 20.0% below thresholds
BA: Recent gain: 0.6%, Volatility: 20.0%
✗ BA: Gain 0.6% or volatility 20.0% below thresholds
NFLX: Recent gain: 0.0%, Volatility: 20.0%
✗ NFLX: Gain 0.0% or volatility 20.0% below thresholds
AAPL: Recent gain: 1.3%, Volatility: 20.0%
✗ AAPL: Gain 1.3% or volatility 20.0% below thresholds
QLGN: Recent gain: 7.6%, Volatility: 30.0%
✗ QLGN: Gain 7.6% or volatility 30.0% below thresholds
AGRI: Recent gain: 0.0%, Volatility: 30.0%
✗ AGRI: Gain 0.0% or volatility 30.0% below thresholds
NVO: Recent gain: 0.0%, Volatility: 20.0%
✗ NVO: Gain 0.0% or volatility 20.0% below thresholds
MBX: Recent gain: 0.0%, Volatility: 30.0%
✗ MBX: Gain 0.0% or volatility 30.0% below thresholds
GDEVW: Recent gain: 0.0%, Volatility: 25.0%
✗ GDEVW: Gain 0.0% or volatility 25.0% below thresholds
ONMDW: Recent gain: 66.7%, Volatility: 25.0%
✓ Profit-taking opportunity for ONMDW: 47954 shares (50.0%) - $2397.70
OPEN: Recent gain: 0.0%, Volatility: 25.0%
✗ OPEN: Gain 0.0% or volatility 25.0% below thresholds
ATCH: Recent gain: 30.0%, Volatility: 30.0%
✓ Profit-taking opportunity for ATCH: 1406 shares (50.0%) - $731.12
MRM: Recent gain: 0.0%, Volatility: 30.0%
✗ MRM: Gain 0.0% or volatility 30.0% below thresholds
DFLI: Recent gain: 34.6%, Volatility: 30.0%
✓ Profit-taking opportunity for DFLI: 180 shares (50.0%) - $126.00
APLT: Recent gain: 0.0%, Volatility: 30.0%
✗ APLT: Gain 0.0% or volatility 30.0% below thresholds
DVLT: Recent gain: 39.4%, Volatility: 30.0%
✓ Profit-taking opportunity for DVLT: 85 shares (50.0%) - $129.20
GPUS: Recent gain: 8.7%, Volatility: 30.0%
✗ GPUS: Gain 8.7% or volatility 30.0% below thresholds
AQMS: Recent gain: 1.4%, Volatility: 30.0%
✗ AQMS: Gain 1.4% or volatility 30.0% below thresholds
PSTV: Recent gain: 0.0%, Volatility: 30.0%
✗ PSTV: Gain 0.0% or volatility 30.0% below thresholds
YCBD: Recent gain: 0.0%, Volatility: 30.0%
✗ YCBD: Gain 0.0% or volatility 30.0% below thresholds
BQ: Recent gain: 13.5%, Volatility: 30.0%
✓ Profit-taking opportunity for BQ: 5 shares (33.8%) - $55.35
PALI: Recent gain: 0.0%, Volatility: 30.0%
✗ PALI: Gain 0.0% or volatility 30.0% below thresholds
Profit-taking analysis completed: 5 opportunities found
Smart Analysis completed for user: user1. Generated 6 recommendations
Analyzing user user2 with existing recommendations
Found 15 market screening candidates: ['DFLI', 'RGTI', 'ASBP', 'PXSAW', 'CJET', 'OPEN', 'INTC', 'RFAIR', 'MLACR', 'BURU', 'TSLZ', 'MIGI', 'TSLL', 'BNAIW', 'SOXS']
Found 15 high-confidence BUY candidates: ['AGMH', 'AGMH', 'AAPL', 'GOOGL', 'GOOGL', 'DIS', 'DIS', 'BA', 'BA', 'BA', 'QLGN', 'QLGN', 'APLT', 'APLT', 'BQ']
Fetching real-time prices for 27 stocks
Real-time price for CJET: $0.1734
Real-time price for OPEN: $8.15
Real-time price for INTC: $37.625
Real-time price for MSFT: $516.66
Real-time price for NVDA: $189.66
Real-time price for BQ: $13.956
Real-time price for SOXS: $4.51
Real-time price for BURU: $0.309
Real-time price for APLT: $1.0109
Real-time price for DFLI: $1.42
Real-time price for RFAIR: $0.2021
Real-time price for MLACR: $0.5509
Real-time price for QLGN: $5.56
Real-time price for MBX: $17.39
Real-time price for BNAIW: $0.07
Real-time price for DIS: $112.113
Real-time price for GOOGL: $242.535
Real-time price for AAPL: $257.825
Real-time price for NFLX: $1153.72
Real-time price for AGMH: $8.3299
Real-time price for PXSAW: $0.0188
Real-time price for ASBP: $0.3794
Real-time price for TSLZ: $0.7264
Real-time price for MIGI: $0.8
Real-time price for TSLL: $20.5776
Real-time price for BA: $216.99
Real-time price for RGTI: $36.54
Successfully fetched 27 real-time prices
Filtering out micro-cap stock: AGMH (market cap: $20,412,814, min: $1,000,000,000)
Filtering out micro-cap stock: QLGN (market cap: $9,375,839, min: $1,000,000,000)
Filtering out penny stock: APLT (price: $0.74, min: $5.00)
Filtering out micro-cap stock: BQ (market cap: $27,281,748, min: $1,000,000,000)
Filtering out penny stock: DFLI (price: $0.70, min: $5.00)
Filtering out micro-cap stock: MBX (market cap: $671,877,248, min: $1,000,000,000)
No sell candidates found
Checking profit-taking opportunities (threshold: 10.00%, volatility: 20.00%)
AAPL: Recent gain: 0.6%, Volatility: 20.0%
✗ AAPL: Gain 0.6% or volatility 20.0% below thresholds
MBX: Recent gain: 0.0%, Volatility: 30.0%
✗ MBX: Gain 0.0% or volatility 30.0% below thresholds
GOOGL: Recent gain: 0.0%, Volatility: 20.0%
✗ GOOGL: Gain 0.0% or volatility 20.0% below thresholds
NVDA: Recent gain: 4.6%, Volatility: 20.0%
✗ NVDA: Gain 4.6% or volatility 20.0% below thresholds
BA: Recent gain: 0.1%, Volatility: 20.0%
✗ BA: Gain 0.1% or volatility 20.0% below thresholds
DIS: Recent gain: 0.0%, Volatility: 20.0%
✗ DIS: Gain 0.0% or volatility 20.0% below thresholds
NFLX: Recent gain: 0.0%, Volatility: 20.0%
✗ NFLX: Gain 0.0% or volatility 20.0% below thresholds
MSFT: Recent gain: 1.1%, Volatility: 20.0%
✗ MSFT: Gain 1.1% or volatility 20.0% below thresholds
Profit-taking analysis completed: 0 opportunities found
Smart Analysis completed for user: user2. Generated 1 recommendations
Analyzing user user3 with existing recommendations
Found 15 market screening candidates: ['DFLI', 'RGTI', 'ASBP', 'PXSAW', 'CJET', 'OPEN', 'INTC', 'RFAIR', 'MLACR', 'BURU', 'TSLZ', 'MIGI', 'TSLL', 'BNAIW', 'SOXS']
Found 15 high-confidence BUY candidates: ['AGMH', 'AGMH', 'AAPL', 'GOOGL', 'GOOGL', 'DIS', 'DIS', 'BA', 'BA', 'BA', 'QLGN', 'QLGN', 'APLT', 'APLT', 'BQ']
Fetching real-time prices for 33 stocks
Real-time price for AQMS: $7.831
Real-time price for CJET: $0.1733
Real-time price for OPEN: $8.1815
Real-time price for INTC: $37.6199
Real-time price for MSFT: $516.6
Real-time price for NVDA: $189.655
Real-time price for BQ: $13.8121
Real-time price for PALI: $1.7694
Real-time price for GPUS: $0.4525
Real-time price for SOXS: $4.505
Real-time price for BURU: $0.3089
Real-time price for APLT: $1.015
Real-time price for DFLI: $1.3914
Real-time price for DVLT: $1.4693
Real-time price for RFAIR: $0.206
Real-time price for MLACR: $0.5509
Real-time price for QLGN: $5.56
Real-time price for BA: $217.0
Real-time price for MBX: $17.39
Real-time price for PSTV: $0.7101
Real-time price for BNAIW: $0.07
Real-time price for DIS: $112.145
Real-time price for GOOGL: $242.607
Real-time price for AAPL: $257.9
Real-time price for NFLX: $1153.81
Real-time price for RGTI: $36.66
Real-time price for AGMH: $8.3299
Real-time price for PXSAW: $0.0188
Real-time price for ASBP: $0.3794
Real-time price for TSLZ: $0.7267
Real-time price for MIGI: $0.8
Real-time price for YCBD: $1.3694
Real-time price for TSLL: $20.5113
Successfully fetched 33 real-time prices
Penny stocks allowed for user3 - including AGMH (price: $8.46, market cap: $20412814)
Penny stocks allowed for user3 - including AAPL (price: $255.84, market cap: $3512722522000)
Penny stocks allowed for user3 - including GOOGL (price: $245.36, market cap: $2915379970000)
Penny stocks allowed for user3 - including DIS (price: $112.33, market cap: $207175925760)
Penny stocks allowed for user3 - including BA (price: $216.93, market cap: $162589032448)
Penny stocks allowed for user3 - including QLGN (price: $5.95, market cap: $9375839)
Penny stocks allowed for user3 - including APLT (price: $0.74, market cap: $178575040)
Penny stocks allowed for user3 - including BQ (price: $11.07, market cap: $27281748)
Penny stocks allowed for user3 - including PALI (price: $1.42, market cap: $13861111)
Penny stocks allowed for user3 - including MSFT (price: $517.14, market cap: $3830758244000)
Penny stocks allowed for user3 - including YCBD (price: $1.27, market cap: $12299883)
Penny stocks allowed for user3 - including NVDA (price: $188.90, market cap: $4329385492000)
Penny stocks allowed for user3 - including DFLI (price: $0.70, market cap: $32321926)
Penny stocks allowed for user3 - including DVLT (price: $1.52, market cap: $187308592)
Penny stocks allowed for user3 - including NFLX (price: $1143.54, market cap: $510128324608)
Penny stocks allowed for user3 - including PSTV (price: $0.69, market cap: $82498744)
Penny stocks allowed for user3 - including AQMS (price: $7.40, market cap: $10263837)
Penny stocks allowed for user3 - including RGTI (price: $35.40, market cap: $11475447808)
Penny stocks allowed for user3 - including MBX (price: $18.16, market cap: $671877248)
Penny stocks allowed for user3 - including MIGI (price: $0.84, market cap: $17464864)
Penny stocks allowed for user3 - including BURU (price: $0.18, market cap: $19671830)
Penny stocks allowed for user3 - including OPEN (price: $8.06, market cap: $6218962432)
No sell candidates found
Checking profit-taking opportunities (threshold: 10.00%, volatility: 20.00%)
NVDA: Recent gain: 3.9%, Volatility: 20.0%
✗ NVDA: Gain 3.9% or volatility 20.0% below thresholds
QLGN: Recent gain: 10.6%, Volatility: 30.0%
✓ Profit-taking opportunity for QLGN: 255 shares (26.5%) - $1517.25
APLT: Recent gain: 21.3%, Volatility: 30.0%
✓ Profit-taking opportunity for APLT: 4259 shares (50.0%) - $3151.66
YCBD: Recent gain: 0.0%, Volatility: 30.0%
✗ YCBD: Gain 0.0% or volatility 30.0% below thresholds
PSTV: Recent gain: 0.0%, Volatility: 30.0%
✗ PSTV: Gain 0.0% or volatility 30.0% below thresholds
DFLI: Recent gain: 6.1%, Volatility: 30.0%
✗ DFLI: Gain 6.1% or volatility 30.0% below thresholds
AQMS: Recent gain: 4.8%, Volatility: 30.0%
✗ AQMS: Gain 4.8% or volatility 30.0% below thresholds
BQ: Recent gain: 13.5%, Volatility: 30.0%
✓ Profit-taking opportunity for BQ: 121 shares (33.8%) - $1339.47
MSFT: Recent gain: 0.5%, Volatility: 20.0%
✗ MSFT: Gain 0.5% or volatility 20.0% below thresholds
GOOGL: Recent gain: 0.5%, Volatility: 20.0%
✗ GOOGL: Gain 0.5% or volatility 20.0% below thresholds
BA: Recent gain: 0.0%, Volatility: 20.0%
✗ BA: Gain 0.0% or volatility 20.0% below thresholds
NFLX: Recent gain: 0.0%, Volatility: 20.0%
✗ NFLX: Gain 0.0% or volatility 20.0% below thresholds
DVLT: Recent gain: 39.4%, Volatility: 30.0%
✓ Profit-taking opportunity for DVLT: 2428 shares (50.0%) - $3690.56
MBX: Recent gain: 3.8%, Volatility: 30.0%
✗ MBX: Gain 3.8% or volatility 30.0% below thresholds
PALI: Recent gain: 0.0%, Volatility: 30.0%
✗ PALI: Gain 0.0% or volatility 30.0% below thresholds
GPUS: Recent gain: 11.1%, Volatility: 30.0%
✓ Profit-taking opportunity for GPUS: 1495 shares (27.8%) - $747.50
Profit-taking analysis completed: 5 opportunities found
Smart Analysis completed for user: user3. Generated 9 recommendations
Batch analysis completed for 3 users
Buy all smart recommendations requested by user: user3
Found 4 pending BUY recommendations
Portfolio cash: $22477.12
Total cost: $8768.24
Executing recommendation for DIS: 23 shares
  Cash allocated: 2579.34 (type: <class 'decimal.Decimal'>)
  Current price: 112.14 (type: <class 'decimal.Decimal'>)
  Portfolio cash: 22477.12 (type: <class 'decimal.Decimal'>)
Successfully executed DIS
Executing recommendation for AGMH: 315 shares
  Cash allocated: 2623.92 (type: <class 'decimal.Decimal'>)
  Current price: 8.33 (type: <class 'decimal.Decimal'>)
  Portfolio cash: 19890.94641 (type: <class 'decimal.Decimal'>)
Successfully executed AGMH
Executing recommendation for AAPL: 7 shares
  Cash allocated: 1805.30 (type: <class 'decimal.Decimal'>)
  Current price: 257.90 (type: <class 'decimal.Decimal'>)
  Portfolio cash: 17223.38151 (type: <class 'decimal.Decimal'>)
Successfully executed AAPL
Executing recommendation for RGTI: 48 shares
  Cash allocated: 1759.68 (type: <class 'decimal.Decimal'>)
  Current price: 36.66 (type: <class 'decimal.Decimal'>)
  Portfolio cash: 15430.71063 (type: <class 'decimal.Decimal'>)
Successfully executed RGTI
Buy all completed: 4 executed, 0 failed
Returning response: {'success': True, 'executed_trades': [{'symbol': 'DIS', 'shares': 23, 'cost': Decimal('2579.34'), 'trade_id': UUID('2a567c6f-8f07-4cd6-a6c6-0eabef58235a')}, {'symbol': 'AGMH', 'shares': 315, 'cost': Decimal('2623.92'), 'trade_id': UUID('46d8ff89-f008-4b90-b60d-cfaef017f46a')}, {'symbol': 'AAPL', 'shares': 7, 'cost': Decimal('1805.30'), 'trade_id': UUID('cc56316b-ee0b-4453-9994-56a0b700b2e5')}, {'symbol': 'RGTI', 'shares': 48, 'cost': Decimal('1759.68'), 'trade_id': UUID('eab3c49c-973c-4806-9f57-c126f376da68')}], 'failed_trades': [], 'total_executed': 4, 'total_failed': 0, 'total_cost': 8768.24}
Buy all smart recommendations requested by user: user2
Found 1 pending BUY recommendations
Portfolio cash: $46804.74
Total cost: $9354.24
Executing recommendation for RGTI: 256 shares
  Cash allocated: 9354.24 (type: <class 'decimal.Decimal'>)
  Current price: 36.54 (type: <class 'decimal.Decimal'>)
  Portfolio cash: 46804.74 (type: <class 'decimal.Decimal'>)
Successfully executed RGTI
Buy all completed: 1 executed, 0 failed
Returning response: {'success': True, 'executed_trades': [{'symbol': 'RGTI', 'shares': 256, 'cost': Decimal('9354.24'), 'trade_id': UUID('a2f78161-a74b-4e07-b4c3-de7f94392042')}], 'failed_trades': [], 'total_executed': 1, 'total_failed': 0, 'total_cost': 9354.24}
Starting batch Smart Analysis for 1 users
Successfully retrieved market movers from Alpha Vantage
Found 15 market screening candidates: ['TSLZ', 'CIGL', 'DFLIW', 'ASBP', 'BURU', 'RGTI', 'PXSAW', 'GDEVW', 'SOXS', 'CJET', 'DFLI', 'OPEN', 'BNAIW', 'RFAIR', 'MIGI']
Found 15 high-confidence BUY candidates: ['AGMH', 'AGMH', 'AAPL', 'GOOGL', 'GOOGL', 'DIS', 'DIS', 'BA', 'BA', 'BA', 'QLGN', 'QLGN', 'APLT', 'APLT', 'BQ']
Found 30 unique stocks to analyze across all users
Batch analyzing 30 unique stocks
Skipping CIGL - recent recommendations exist
Skipping BURU - recent recommendations exist
Skipping DFLIW - recent recommendations exist
Skipping AGMH - recent recommendations exist
Skipping CJET - recent recommendations exist
Skipping MIGI - recent recommendations exist
Skipping GOOGL - recent recommendations exist
Skipping MSFT - recent recommendations exist
Skipping APLT - recent recommendations exist
Skipping DVLT - recent recommendations exist
Skipping NFLX - recent recommendations exist
Skipping ASBP - recent recommendations exist
Skipping MBX - recent recommendations exist
Skipping PXSAW - recent recommendations exist
Skipping SOXS - recent recommendations exist
Skipping OPEN - recent recommendations exist
Skipping QLGN - recent recommendations exist
Skipping TSLZ - recent recommendations exist
Skipping BQ - recent recommendations exist
Skipping DIS - recent recommendations exist
Skipping PALI - recent recommendations exist
Skipping GDEVW - recent recommendations exist
Skipping BA - recent recommendations exist
Skipping BNAIW - recent recommendations exist
Skipping RGTI - recent recommendations exist
Skipping PSTV - recent recommendations exist
Skipping DFLI - recent recommendations exist
Skipping YCBD - recent recommendations exist
Skipping RFAIR - recent recommendations exist
Skipping AAPL - recent recommendations exist
Analyzing user user4 with existing recommendations
Found 15 market screening candidates: ['TSLZ', 'CIGL', 'DFLIW', 'ASBP', 'BURU', 'RGTI', 'PXSAW', 'GDEVW', 'SOXS', 'CJET', 'DFLI', 'OPEN', 'BNAIW', 'RFAIR', 'MIGI']
Found 15 high-confidence BUY candidates: ['AGMH', 'AGMH', 'AAPL', 'GOOGL', 'GOOGL', 'DIS', 'DIS', 'BA', 'BA', 'BA', 'QLGN', 'QLGN', 'APLT', 'APLT', 'BQ']
Fetching real-time prices for 30 stocks
Real-time price for CIGL: $4.3799
Real-time price for DFLIW: $0.155
Real-time price for BURU: $0.309
Real-time price for AGMH: $8.37
Real-time price for CJET: $0.1757
Real-time price for GOOGL: $242.99
Real-time price for MIGI: $0.7913
Real-time price for MSFT: $517.7
Real-time price for APLT: $1.0375
Real-time price for DVLT: $1.46
Real-time price for NFLX: $1153.165
Real-time price for ASBP: $0.3701
Real-time price for MBX: $17.175
Real-time price for PXSAW: $0.0324
Real-time price for SOXS: $4.52
Real-time price for OPEN: $8.2088
Real-time price for QLGN: $5.4586
Real-time price for TSLZ: $0.7253
Real-time price for BQ: $14.2
Real-time price for DIS: $112.155
Real-time price for BA: $217.6075
Real-time price for GDEVW: $0.0321
Real-time price for PALI: $1.74
Real-time price for BNAIW: $0.07
Real-time price for RGTI: $36.4
Real-time price for PSTV: $0.7174
Real-time price for DFLI: $1.39
Real-time price for YCBD: $1.34
Real-time price for RFAIR: $0.2002
Real-time price for AAPL: $258.44
Successfully fetched 30 real-time prices
Penny stocks allowed for user4 - including AGMH (price: $8.46, market cap: $20412814)
Penny stocks allowed for user4 - including AAPL (price: $255.84, market cap: $3512722522000)
Penny stocks allowed for user4 - including GOOGL (price: $245.36, market cap: $2915379970000)
Penny stocks allowed for user4 - including DIS (price: $112.33, market cap: $207175925760)
Penny stocks allowed for user4 - including BA (price: $216.93, market cap: $162589032448)
Penny stocks allowed for user4 - including QLGN (price: $5.95, market cap: $9375839)
Penny stocks allowed for user4 - including APLT (price: $0.74, market cap: $178575040)
Penny stocks allowed for user4 - including BQ (price: $11.07, market cap: $27281748)
Penny stocks allowed for user4 - including GDEVW (price: $0.02, market cap: $N/A)
Penny stocks allowed for user4 - including PALI (price: $1.42, market cap: $13861111)
Penny stocks allowed for user4 - including MSFT (price: $517.14, market cap: $3830758244000)
Penny stocks allowed for user4 - including YCBD (price: $1.27, market cap: $12299883)
Penny stocks allowed for user4 - including DFLI (price: $0.70, market cap: $32321926)
Penny stocks allowed for user4 - including DVLT (price: $1.52, market cap: $187308592)
Penny stocks allowed for user4 - including NFLX (price: $1143.54, market cap: $510128324608)
Penny stocks allowed for user4 - including PSTV (price: $0.69, market cap: $82498744)
Penny stocks allowed for user4 - including RGTI (price: $35.40, market cap: $11475447808)
Penny stocks allowed for user4 - including MBX (price: $18.16, market cap: $671877248)
Penny stocks allowed for user4 - including MIGI (price: $0.84, market cap: $17464864)
Penny stocks allowed for user4 - including BURU (price: $0.18, market cap: $19671830)
Penny stocks allowed for user4 - including OPEN (price: $8.06, market cap: $6218962432)
No sell candidates found
Checking profit-taking opportunities (threshold: 10.00%, volatility: 20.00%)
MSFT: Recent gain: 0.0%, Volatility: 20.0%
✗ MSFT: Gain 0.0% or volatility 20.0% below thresholds
NFLX: Recent gain: 0.0%, Volatility: 20.0%
✗ NFLX: Gain 0.0% or volatility 20.0% below thresholds
YCBD: Recent gain: 5.0%, Volatility: 30.0%
✗ YCBD: Gain 5.0% or volatility 30.0% below thresholds
MBX: Recent gain: 3.8%, Volatility: 30.0%
✗ MBX: Gain 3.8% or volatility 30.0% below thresholds
PSTV: Recent gain: 1.5%, Volatility: 30.0%
✗ PSTV: Gain 1.5% or volatility 30.0% below thresholds
PALI: Recent gain: 0.0%, Volatility: 30.0%
✗ PALI: Gain 0.0% or volatility 30.0% below thresholds
DVLT: Recent gain: 0.0%, Volatility: 30.0%
✗ DVLT: Gain 0.0% or volatility 30.0% below thresholds
DFLI: Recent gain: 0.0%, Volatility: 30.0%
✗ DFLI: Gain 0.0% or volatility 30.0% below thresholds
RGTI: Recent gain: 0.0%, Volatility: 20.0%
✗ RGTI: Gain 0.0% or volatility 20.0% below thresholds
Profit-taking analysis completed: 0 opportunities found
Smart Analysis completed for user: user4. Generated 8 recommendations
Batch analysis completed for 1 users
Buy all smart recommendations requested by user: user4
Found 8 pending BUY recommendations
Portfolio cash: $36844.28
Total cost: $14385.93
Executing recommendation for APLT: 1913 shares
  Cash allocated: 1984.74 (type: <class 'decimal.Decimal'>)
  Current price: 1.04 (type: <class 'decimal.Decimal'>)
  Portfolio cash: 36844.28 (type: <class 'decimal.Decimal'>)
Successfully executed APLT
Executing recommendation for QLGN: 363 shares
  Cash allocated: 1981.47 (type: <class 'decimal.Decimal'>)
  Current price: 5.46 (type: <class 'decimal.Decimal'>)
  Portfolio cash: 35427.24438 (type: <class 'decimal.Decimal'>)
Successfully executed QLGN
Executing recommendation for BA: 9 shares
  Cash allocated: 1958.47 (type: <class 'decimal.Decimal'>)
  Current price: 217.61 (type: <class 'decimal.Decimal'>)
  Portfolio cash: 33265.23453 (type: <class 'decimal.Decimal'>)
Successfully executed BA
Executing recommendation for DIS: 17 shares
  Cash allocated: 1906.64 (type: <class 'decimal.Decimal'>)
  Current price: 112.16 (type: <class 'decimal.Decimal'>)
  Portfolio cash: 31310.91216 (type: <class 'decimal.Decimal'>)
Successfully executed DIS
Executing recommendation for GOOGL: 8 shares
  Cash allocated: 1943.92 (type: <class 'decimal.Decimal'>)
  Current price: 242.99 (type: <class 'decimal.Decimal'>)
  Portfolio cash: 29399.39255 (type: <class 'decimal.Decimal'>)
Successfully executed GOOGL
Executing recommendation for AGMH: 237 shares
  Cash allocated: 1983.69 (type: <class 'decimal.Decimal'>)
  Current price: 8.37 (type: <class 'decimal.Decimal'>)
  Portfolio cash: 27434.54967 (type: <class 'decimal.Decimal'>)
Successfully executed AGMH
Executing recommendation for AAPL: 5 shares
  Cash allocated: 1292.20 (type: <class 'decimal.Decimal'>)
  Current price: 258.44 (type: <class 'decimal.Decimal'>)
  Portfolio cash: 25427.52465 (type: <class 'decimal.Decimal'>)
Successfully executed AAPL
Executing recommendation for BQ: 94 shares
  Cash allocated: 1334.80 (type: <class 'decimal.Decimal'>)
  Current price: 14.20 (type: <class 'decimal.Decimal'>)
  Portfolio cash: 24147.04545 (type: <class 'decimal.Decimal'>)
Successfully executed BQ
Buy all completed: 8 executed, 0 failed
Returning response: {'success': True, 'executed_trades': [{'symbol': 'APLT', 'shares': 1913, 'cost': Decimal('1984.74'), 'trade_id': UUID('03bed10b-1c12-4776-8431-b431dd27b9ba')}, {'symbol': 'QLGN', 'shares': 363, 'cost': Decimal('1981.47'), 'trade_id': UUID('85e12bf0-a1dd-4408-9b6d-54bc7aa629e4')}, {'symbol': 'BA', 'shares': 9, 'cost': Decimal('1958.47'), 'trade_id': UUID('91d0b8b6-2b7c-4342-a612-498e19fd0fdb')}, {'symbol': 'DIS', 'shares': 17, 'cost': Decimal('1906.64'), 'trade_id': UUID('212d1e39-7b81-4203-97cd-c861e935c791')}, {'symbol': 'GOOGL', 'shares': 8, 'cost': Decimal('1943.92'), 'trade_id': UUID('c257d869-67a9-4d5a-9552-c38e862dc553')}, {'symbol': 'AGMH', 'shares': 237, 'cost': Decimal('1983.69'), 'trade_id': UUID('08c055de-2853-4c51-84d3-e4d7081d8c6e')}, {'symbol': 'AAPL', 'shares': 5, 'cost': Decimal('1292.20'), 'trade_id': UUID('c5034acd-7ad0-4b9c-8128-502c8bcf2052')}, {'symbol': 'BQ', 'shares': 94, 'cost': Decimal('1334.80'), 'trade_id': UUID('82ef916b-51d5-4d76-9ddd-019087d39ce5')}], 'failed_trades': [], 'total_executed': 8, 'total_failed': 0, 'total_cost': 14385.93}
Starting batch Smart Analysis for 1 users
Successfully retrieved market movers from Alpha Vantage
Found 15 market screening candidates: ['DFLI', 'EPSM', 'BNAIW', 'BURU', 'CHR', 'ASNS', 'SMXWW', 'RKT', 'PLUG', 'TSLL', 'GIPRW', 'ILLRW', 'BNAI', 'PERF+', 'OPEN']
Found 15 high-confidence BUY candidates: ['AGMH', 'AGMH', 'AAPL', 'GOOGL', 'GOOGL', 'DIS', 'DIS', 'BA', 'BA', 'BA', 'QLGN', 'QLGN', 'APLT', 'APLT', 'BQ']
Found 31 unique stocks to analyze across all users
Batch analyzing 31 unique stocks
Yahoo Finance validation passed for BNAIW
Getting recommendations for BNAIW
Price target endpoint failed (403), using recommendation data
Finnhub recommendation for BNAIW: HOLD
Polygon recommendation for BNAIW: BUY
FMP API error for BNAIW: 402 Client Error: Payment Required for url: https://financialmodelingprep.com/stable/analyst-estimates?symbol=BNAIW&apikey=ynOKFYxumAVxrcJAGhzuN4ZBjCtQcbR7
Enhanced Yahoo recommendation for BNAIW: SELL
Generated 3 recommendations for BNAIW
Yahoo Finance validation passed for PLUG
Getting recommendations for PLUG
Price target endpoint failed (403), using recommendation data
Finnhub recommendation for PLUG: HOLD
Polygon recommendation for PLUG: BUY
FMP API error for PLUG: 402 Client Error: Payment Required for url: https://financialmodelingprep.com/stable/analyst-estimates?symbol=PLUG&apikey=ynOKFYxumAVxrcJAGhzuN4ZBjCtQcbR7
Enhanced Yahoo recommendation for PLUG: HOLD
Generated 3 recommendations for PLUG
Yahoo Finance validation passed for AGMH
Getting recommendations for AGMH
Price target endpoint failed (403), using recommendation data
Finnhub recommendation for AGMH: BUY
Error fetching Polygon data for AGMH: 429 Client Error: Too Many Requests for url: https://api.polygon.io/v2/aggs/ticker/AGMH/range/1/day/2024-01-01/2024-12-31?apikey=MSVhtqDKV9HyMOdla5UunU2EFs53MweY&limit=50
FMP API error for AGMH: 402 Client Error: Payment Required for url: https://financialmodelingprep.com/stable/analyst-estimates?symbol=AGMH&apikey=ynOKFYxumAVxrcJAGhzuN4ZBjCtQcbR7
Enhanced Yahoo recommendation for AGMH: BUY
Generated 2 recommendations for AGMH
Yahoo Finance validation passed for ILLRW
Getting recommendations for ILLRW
Price target endpoint failed (403), using recommendation data
Finnhub recommendation for ILLRW: HOLD
Polygon recommendation for ILLRW: HOLD
FMP API error for ILLRW: 402 Client Error: Payment Required for url: https://financialmodelingprep.com/stable/analyst-estimates?symbol=ILLRW&apikey=ynOKFYxumAVxrcJAGhzuN4ZBjCtQcbR7
Enhanced Yahoo recommendation for ILLRW: HOLD
Generated 3 recommendations for ILLRW
Yahoo Finance validation passed for MSFT
Getting recommendations for MSFT
Price target endpoint failed (403), using recommendation data
Finnhub recommendation for MSFT: BUY
Polygon recommendation for MSFT: BUY
FMP API error for MSFT: 400 Client Error: Bad Request for url: https://financialmodelingprep.com/stable/analyst-estimates?symbol=MSFT&apikey=ynOKFYxumAVxrcJAGhzuN4ZBjCtQcbR7
Enhanced Yahoo recommendation for MSFT: STRONG_BUY
Generated 3 recommendations for MSFT
Yahoo Finance validation passed for TSLL
Getting recommendations for TSLL
Price target endpoint failed (403), using recommendation data
Finnhub recommendation for TSLL: HOLD
Error fetching Polygon data for TSLL: 429 Client Error: Too Many Requests for url: https://api.polygon.io/v2/aggs/ticker/TSLL/range/1/day/2024-01-01/2024-12-31?apikey=MSVhtqDKV9HyMOdla5UunU2EFs53MweY&limit=50
FMP API error for TSLL: 402 Client Error: Payment Required for url: https://financialmodelingprep.com/stable/analyst-estimates?symbol=TSLL&apikey=ynOKFYxumAVxrcJAGhzuN4ZBjCtQcbR7
Enhanced Yahoo recommendation for TSLL: HOLD
Generated 2 recommendations for TSLL
Yahoo Finance validation passed for AAPL
Getting recommendations for AAPL
Price target endpoint failed (403), using recommendation data
Finnhub recommendation for AAPL: BUY
Error fetching Polygon data for AAPL: 429 Client Error: Too Many Requests for url: https://api.polygon.io/v2/aggs/ticker/AAPL/prev?apikey=MSVhtqDKV9HyMOdla5UunU2EFs53MweY
FMP API error for AAPL: 400 Client Error: Bad Request for url: https://financialmodelingprep.com/stable/analyst-estimates?symbol=AAPL&apikey=ynOKFYxumAVxrcJAGhzuN4ZBjCtQcbR7
Enhanced Yahoo recommendation for AAPL: HOLD
Generated 2 recommendations for AAPL
Yahoo Finance validation passed for BURU
Getting recommendations for BURU
Price target endpoint failed (403), using recommendation data
Finnhub recommendation for BURU: HOLD
Error fetching Polygon data for BURU: 429 Client Error: Too Many Requests for url: https://api.polygon.io/v2/aggs/ticker/BURU/prev?apikey=MSVhtqDKV9HyMOdla5UunU2EFs53MweY
FMP API error for BURU: 402 Client Error: Payment Required for url: https://financialmodelingprep.com/stable/analyst-estimates?symbol=BURU&apikey=ynOKFYxumAVxrcJAGhzuN4ZBjCtQcbR7
Enhanced Yahoo recommendation for BURU: BUY
Generated 2 recommendations for BURU
Yahoo Finance validation passed for BQ
Getting recommendations for BQ
Price target endpoint failed (403), using recommendation data
Finnhub recommendation for BQ: BUY
Error fetching Polygon data for BQ: 429 Client Error: Too Many Requests for url: https://api.polygon.io/v2/aggs/ticker/BQ/prev?apikey=MSVhtqDKV9HyMOdla5UunU2EFs53MweY
FMP API error for BQ: 402 Client Error: Payment Required for url: https://financialmodelingprep.com/stable/analyst-estimates?symbol=BQ&apikey=ynOKFYxumAVxrcJAGhzuN4ZBjCtQcbR7
Enhanced Yahoo recommendation for BQ: SELL
Generated 2 recommendations for BQ
Yahoo Finance validation passed for YCBD
Getting recommendations for YCBD
Price target endpoint failed (403), using recommendation data
Finnhub recommendation for YCBD: BUY
Error fetching Polygon data for YCBD: 429 Client Error: Too Many Requests for url: https://api.polygon.io/v2/aggs/ticker/YCBD/prev?apikey=MSVhtqDKV9HyMOdla5UunU2EFs53MweY
FMP API error for YCBD: 402 Client Error: Payment Required for url: https://financialmodelingprep.com/stable/analyst-estimates?symbol=YCBD&apikey=ynOKFYxumAVxrcJAGhzuN4ZBjCtQcbR7
Enhanced Yahoo recommendation for YCBD: BUY
Generated 2 recommendations for YCBD
Yahoo Finance validation passed for DFLI
Getting recommendations for DFLI
Price target endpoint failed (403), using recommendation data
Finnhub recommendation for DFLI: BUY
Error fetching Polygon data for DFLI: 429 Client Error: Too Many Requests for url: https://api.polygon.io/v2/aggs/ticker/DFLI/prev?apikey=MSVhtqDKV9HyMOdla5UunU2EFs53MweY
FMP API error for DFLI: 402 Client Error: Payment Required for url: https://financialmodelingprep.com/stable/analyst-estimates?symbol=DFLI&apikey=ynOKFYxumAVxrcJAGhzuN4ZBjCtQcbR7
Enhanced Yahoo recommendation for DFLI: BUY
Generated 2 recommendations for DFLI
Yahoo Finance validation passed for SMXWW
Yahoo Finance validation passed for SMXWW
Updated quote for SMXWW: $0.039
Successfully created and updated stock: SMXWW
Getting recommendations for SMXWW
Price target endpoint failed (403), using recommendation data
Finnhub recommendation for SMXWW: HOLD
Error fetching Polygon data for SMXWW: 429 Client Error: Too Many Requests for url: https://api.polygon.io/v2/aggs/ticker/SMXWW/prev?apikey=MSVhtqDKV9HyMOdla5UunU2EFs53MweY
FMP API error for SMXWW: 402 Client Error: Payment Required for url: https://financialmodelingprep.com/stable/analyst-estimates?symbol=SMXWW&apikey=ynOKFYxumAVxrcJAGhzuN4ZBjCtQcbR7
Enhanced Yahoo recommendation for SMXWW: SELL
Generated 2 recommendations for SMXWW
Yahoo Finance validation passed for RKT
Yahoo Finance validation passed for RKT
Updated quote for RKT: $17.8
Successfully created and updated stock: RKT
Getting recommendations for RKT
Price target endpoint failed (403), using recommendation data
Finnhub recommendation for RKT: HOLD
Polygon recommendation for RKT: BUY
FMP API error for RKT: 400 Client Error: Bad Request for url: https://financialmodelingprep.com/stable/analyst-estimates?symbol=RKT&apikey=ynOKFYxumAVxrcJAGhzuN4ZBjCtQcbR7
Enhanced Yahoo recommendation for RKT: SELL
Generated 3 recommendations for RKT
Yahoo Finance validation passed for GIPRW
Yahoo Finance validation passed for GIPRW
Updated quote for GIPRW: $0.0981
Successfully created and updated stock: GIPRW
Getting recommendations for GIPRW
Price target endpoint failed (403), using recommendation data
Finnhub recommendation for GIPRW: HOLD
Polygon recommendation for GIPRW: SELL
FMP API error for GIPRW: 402 Client Error: Payment Required for url: https://financialmodelingprep.com/stable/analyst-estimates?symbol=GIPRW&apikey=ynOKFYxumAVxrcJAGhzuN4ZBjCtQcbR7
Enhanced Yahoo recommendation for GIPRW: SELL
Generated 3 recommendations for GIPRW
Yahoo Finance validation passed for QLGN
Getting recommendations for QLGN
Price target endpoint failed (403), using recommendation data
Finnhub recommendation for QLGN: BUY
Error fetching Polygon data for QLGN: 429 Client Error: Too Many Requests for url: https://api.polygon.io/v2/aggs/ticker/QLGN/range/1/day/2024-01-01/2024-12-31?apikey=MSVhtqDKV9HyMOdla5UunU2EFs53MweY&limit=50
FMP API error for QLGN: 402 Client Error: Payment Required for url: https://financialmodelingprep.com/stable/analyst-estimates?symbol=QLGN&apikey=ynOKFYxumAVxrcJAGhzuN4ZBjCtQcbR7
Enhanced Yahoo recommendation for QLGN: BUY
Generated 2 recommendations for QLGN
Yahoo Finance validation passed for DVLT
Getting recommendations for DVLT
Price target endpoint failed (403), using recommendation data
Finnhub recommendation for DVLT: BUY
Error fetching Polygon data for DVLT: 429 Client Error: Too Many Requests for url: https://api.polygon.io/v2/aggs/ticker/DVLT/prev?apikey=MSVhtqDKV9HyMOdla5UunU2EFs53MweY
FMP API error for DVLT: 402 Client Error: Payment Required for url: https://financialmodelingprep.com/stable/analyst-estimates?symbol=DVLT&apikey=ynOKFYxumAVxrcJAGhzuN4ZBjCtQcbR7
Enhanced Yahoo recommendation for DVLT: STRONG_BUY
Generated 2 recommendations for DVLT
Yahoo Finance validation passed for BA
Getting recommendations for BA
Price target endpoint failed (403), using recommendation data
Finnhub recommendation for BA: BUY
Error fetching Polygon data for BA: 429 Client Error: Too Many Requests for url: https://api.polygon.io/v2/aggs/ticker/BA/prev?apikey=MSVhtqDKV9HyMOdla5UunU2EFs53MweY
FMP API error for BA: 400 Client Error: Bad Request for url: https://financialmodelingprep.com/stable/analyst-estimates?symbol=BA&apikey=ynOKFYxumAVxrcJAGhzuN4ZBjCtQcbR7
Enhanced Yahoo recommendation for BA: BUY
Generated 2 recommendations for BA
Yahoo Finance validation passed for MBX
Getting recommendations for MBX
Price target endpoint failed (403), using recommendation data
Finnhub recommendation for MBX: BUY
Error fetching Polygon data for MBX: 429 Client Error: Too Many Requests for url: https://api.polygon.io/v2/aggs/ticker/MBX/prev?apikey=MSVhtqDKV9HyMOdla5UunU2EFs53MweY
FMP API error for MBX: 402 Client Error: Payment Required for url: https://financialmodelingprep.com/stable/analyst-estimates?symbol=MBX&apikey=ynOKFYxumAVxrcJAGhzuN4ZBjCtQcbR7
Enhanced Yahoo recommendation for MBX: BUY
Generated 2 recommendations for MBX
Failed to get quote for PERF+: No price data available for PERF+
Yahoo Finance validation failed for PERF+: Failed to fetch quote for PERF+: No price data available for PERF+
Skipping PERF+ - not recognized by Yahoo Finance
Yahoo Finance validation passed for EPSM
Yahoo Finance validation passed for EPSM
Updated quote for EPSM: $26.93
Successfully created and updated stock: EPSM
Getting recommendations for EPSM
Price target endpoint failed (403), using recommendation data
Finnhub recommendation for EPSM: HOLD
Error fetching Polygon data for EPSM: 429 Client Error: Too Many Requests for url: https://api.polygon.io/v2/aggs/ticker/EPSM/prev?apikey=MSVhtqDKV9HyMOdla5UunU2EFs53MweY
FMP API error for EPSM: 402 Client Error: Payment Required for url: https://financialmodelingprep.com/stable/analyst-estimates?symbol=EPSM&apikey=ynOKFYxumAVxrcJAGhzuN4ZBjCtQcbR7
Enhanced Yahoo recommendation for EPSM: SELL
Generated 2 recommendations for EPSM
Yahoo Finance validation passed for NFLX
Getting recommendations for NFLX
Price target endpoint failed (403), using recommendation data
Finnhub recommendation for NFLX: BUY
Error fetching Polygon data for NFLX: 429 Client Error: Too Many Requests for url: https://api.polygon.io/v2/aggs/ticker/NFLX/prev?apikey=MSVhtqDKV9HyMOdla5UunU2EFs53MweY
FMP API error for NFLX: 400 Client Error: Bad Request for url: https://financialmodelingprep.com/stable/analyst-estimates?symbol=NFLX&apikey=ynOKFYxumAVxrcJAGhzuN4ZBjCtQcbR7
Enhanced Yahoo recommendation for NFLX: BUY
Generated 2 recommendations for NFLX
Yahoo Finance validation passed for PSTV
Getting recommendations for PSTV
Price target endpoint failed (403), using recommendation data
Finnhub recommendation for PSTV: BUY
Error fetching Polygon data for PSTV: 429 Client Error: Too Many Requests for url: https://api.polygon.io/v2/aggs/ticker/PSTV/prev?apikey=MSVhtqDKV9HyMOdla5UunU2EFs53MweY
FMP API error for PSTV: 402 Client Error: Payment Required for url: https://financialmodelingprep.com/stable/analyst-estimates?symbol=PSTV&apikey=ynOKFYxumAVxrcJAGhzuN4ZBjCtQcbR7
Enhanced Yahoo recommendation for PSTV: BUY
Generated 2 recommendations for PSTV
Yahoo Finance validation passed for CHR
Yahoo Finance validation passed for CHR
Updated quote for CHR: $0.1609
Successfully created and updated stock: CHR
Getting recommendations for CHR
Price target endpoint failed (403), using recommendation data
Finnhub recommendation for CHR: STRONG_BUY
Polygon recommendation for CHR: SELL
FMP API error for CHR: 402 Client Error: Payment Required for url: https://financialmodelingprep.com/stable/analyst-estimates?symbol=CHR&apikey=ynOKFYxumAVxrcJAGhzuN4ZBjCtQcbR7
Enhanced Yahoo recommendation for CHR: HOLD
Generated 3 recommendations for CHR
Yahoo Finance validation passed for ASNS
Yahoo Finance validation passed for ASNS
Updated quote for ASNS: $0.6247
Successfully created and updated stock: ASNS
Getting recommendations for ASNS
Price target endpoint failed (403), using recommendation data
Finnhub recommendation for ASNS: BUY
Polygon recommendation for ASNS: SELL
FMP API error for ASNS: 402 Client Error: Payment Required for url: https://financialmodelingprep.com/stable/analyst-estimates?symbol=ASNS&apikey=ynOKFYxumAVxrcJAGhzuN4ZBjCtQcbR7
Enhanced Yahoo recommendation for ASNS: HOLD
Generated 3 recommendations for ASNS
Yahoo Finance validation passed for GOOGL
Getting recommendations for GOOGL
Price target endpoint failed (403), using recommendation data
Finnhub recommendation for GOOGL: BUY
Error fetching Polygon data for GOOGL: 429 Client Error: Too Many Requests for url: https://api.polygon.io/v2/aggs/ticker/GOOGL/range/1/day/2024-01-01/2024-12-31?apikey=MSVhtqDKV9HyMOdla5UunU2EFs53MweY&limit=50
FMP API error for GOOGL: 400 Client Error: Bad Request for url: https://financialmodelingprep.com/stable/analyst-estimates?symbol=GOOGL&apikey=ynOKFYxumAVxrcJAGhzuN4ZBjCtQcbR7
Enhanced Yahoo recommendation for GOOGL: BUY
Generated 2 recommendations for GOOGL
Yahoo Finance validation passed for APLT
Getting recommendations for APLT
Price target endpoint failed (403), using recommendation data
Finnhub recommendation for APLT: BUY
Error fetching Polygon data for APLT: 429 Client Error: Too Many Requests for url: https://api.polygon.io/v2/aggs/ticker/APLT/prev?apikey=MSVhtqDKV9HyMOdla5UunU2EFs53MweY
FMP API error for APLT: 402 Client Error: Payment Required for url: https://financialmodelingprep.com/stable/analyst-estimates?symbol=APLT&apikey=ynOKFYxumAVxrcJAGhzuN4ZBjCtQcbR7
Enhanced Yahoo recommendation for APLT: BUY
Generated 2 recommendations for APLT
Yahoo Finance validation passed for RGTI
Getting recommendations for RGTI
Price target endpoint failed (403), using recommendation data
Finnhub recommendation for RGTI: BUY
Error fetching Polygon data for RGTI: 429 Client Error: Too Many Requests for url: https://api.polygon.io/v2/aggs/ticker/RGTI/prev?apikey=MSVhtqDKV9HyMOdla5UunU2EFs53MweY
FMP API error for RGTI: 402 Client Error: Payment Required for url: https://financialmodelingprep.com/stable/analyst-estimates?symbol=RGTI&apikey=ynOKFYxumAVxrcJAGhzuN4ZBjCtQcbR7
Enhanced Yahoo recommendation for RGTI: SELL
Generated 2 recommendations for RGTI
Yahoo Finance validation passed for BNAI
Yahoo Finance validation passed for BNAI
Updated quote for BNAI: $0.6015
Successfully created and updated stock: BNAI
Getting recommendations for BNAI
Price target endpoint failed (403), using recommendation data
Finnhub recommendation for BNAI: BUY
Error fetching Polygon data for BNAI: 429 Client Error: Too Many Requests for url: https://api.polygon.io/v2/aggs/ticker/BNAI/prev?apikey=MSVhtqDKV9HyMOdla5UunU2EFs53MweY
FMP API error for BNAI: 402 Client Error: Payment Required for url: https://financialmodelingprep.com/stable/analyst-estimates?symbol=BNAI&apikey=ynOKFYxumAVxrcJAGhzuN4ZBjCtQcbR7
Enhanced Yahoo recommendation for BNAI: HOLD
Generated 2 recommendations for BNAI
Yahoo Finance validation passed for OPEN
Getting recommendations for OPEN
Price target endpoint failed (403), using recommendation data
Finnhub recommendation for OPEN: SELL
Error fetching Polygon data for OPEN: 429 Client Error: Too Many Requests for url: https://api.polygon.io/v2/aggs/ticker/OPEN/prev?apikey=MSVhtqDKV9HyMOdla5UunU2EFs53MweY
FMP API error for OPEN: 402 Client Error: Payment Required for url: https://financialmodelingprep.com/stable/analyst-estimates?symbol=OPEN&apikey=ynOKFYxumAVxrcJAGhzuN4ZBjCtQcbR7
Enhanced Yahoo recommendation for OPEN: SELL
Generated 2 recommendations for OPEN
Yahoo Finance validation passed for DIS
Getting recommendations for DIS
Price target endpoint failed (403), using recommendation data
Finnhub recommendation for DIS: BUY
Error fetching Polygon data for DIS: 429 Client Error: Too Many Requests for url: https://api.polygon.io/v2/aggs/ticker/DIS/prev?apikey=MSVhtqDKV9HyMOdla5UunU2EFs53MweY
FMP API error for DIS: 400 Client Error: Bad Request for url: https://financialmodelingprep.com/stable/analyst-estimates?symbol=DIS&apikey=ynOKFYxumAVxrcJAGhzuN4ZBjCtQcbR7
Enhanced Yahoo recommendation for DIS: BUY
Generated 2 recommendations for DIS
Yahoo Finance validation passed for PALI
Getting recommendations for PALI
Price target endpoint failed (403), using recommendation data
Finnhub recommendation for PALI: BUY
Error fetching Polygon data for PALI: 429 Client Error: Too Many Requests for url: https://api.polygon.io/v2/aggs/ticker/PALI/prev?apikey=MSVhtqDKV9HyMOdla5UunU2EFs53MweY
FMP API error for PALI: 402 Client Error: Payment Required for url: https://financialmodelingprep.com/stable/analyst-estimates?symbol=PALI&apikey=ynOKFYxumAVxrcJAGhzuN4ZBjCtQcbR7
Enhanced Yahoo recommendation for PALI: BUY
Generated 2 recommendations for PALI
Analyzing user user4 with existing recommendations
Found 15 market screening candidates: ['DFLI', 'EPSM', 'BNAIW', 'BURU', 'CHR', 'ASNS', 'SMXWW', 'RKT', 'PLUG', 'TSLL', 'GIPRW', 'ILLRW', 'BNAI', 'PERF+', 'OPEN']
Found 15 high-confidence BUY candidates: ['PALI', 'PALI', 'DIS', 'DIS', 'BNAI', 'RGTI', 'APLT', 'APLT', 'GOOGL', 'GOOGL', 'ASNS', 'PSTV', 'PSTV', 'NFLX', 'NFLX']
Fetching real-time prices for 30 stocks
Real-time price for BNAIW: $0.1155
Real-time price for PLUG: $3.81
Real-time price for AGMH: $7.8
Real-time price for MSFT: $517.35
Real-time price for ILLRW: $0.0527
Real-time price for AAPL: $258.02
Real-time price for TSLL: $19.63
Real-time price for BURU: $0.2231
Real-time price for BQ: $15.35
Real-time price for YCBD: $1.16
Real-time price for DFLI: $1.89
Real-time price for SMXWW: $0.039
Real-time price for RKT: $17.8
Real-time price for GIPRW: $0.0981
Real-time price for QLGN: $5.23
Real-time price for DVLT: $1.34
Real-time price for BA: $216.3
Real-time price for MBX: $16.69
Real-time price for EPSM: $26.93
Real-time price for NFLX: $1153.32
Real-time price for PSTV: $0.7312
Real-time price for CHR: $0.1609
Real-time price for ASNS: $0.6247
Real-time price for GOOGL: $245.35
Real-time price for APLT: $1.0
Real-time price for RGTI: $40.06
Real-time price for BNAI: $0.6015
Real-time price for OPEN: $8.11
Real-time price for DIS: $112.47
Real-time price for PALI: $1.6
Successfully fetched 30 real-time prices
Penny stocks allowed for user4 - including PALI (price: $1.42, market cap: $13861111)
Penny stocks allowed for user4 - including DIS (price: $112.33, market cap: $207175925760)
Penny stocks allowed for user4 - including OPEN (price: $8.06, market cap: $6218962432)
Penny stocks allowed for user4 - including BNAI (price: $0.60, market cap: $25858124)
Penny stocks allowed for user4 - including RGTI (price: $35.40, market cap: $11475447808)
Penny stocks allowed for user4 - including APLT (price: $0.74, market cap: $178575040)
Penny stocks allowed for user4 - including GOOGL (price: $245.36, market cap: $2915379970000)
Penny stocks allowed for user4 - including ASNS (price: $0.62, market cap: $9234634)
Penny stocks allowed for user4 - including CHR (price: $0.16, market cap: $1872163)
Penny stocks allowed for user4 - including PSTV (price: $0.69, market cap: $82498744)
Penny stocks allowed for user4 - including NFLX (price: $1143.54, market cap: $510128324608)
Penny stocks allowed for user4 - including MBX (price: $18.16, market cap: $671877248)
Penny stocks allowed for user4 - including BA (price: $216.93, market cap: $162589032448)
Penny stocks allowed for user4 - including DVLT (price: $1.52, market cap: $187308592)
Penny stocks allowed for user4 - including QLGN (price: $5.95, market cap: $9375839)
Penny stocks allowed for user4 - including RKT (price: $17.80, market cap: $37570207744)
Penny stocks allowed for user4 - including DFLI (price: $0.70, market cap: $32321926)
Penny stocks allowed for user4 - including YCBD (price: $1.27, market cap: $12299883)
Penny stocks allowed for user4 - including BQ (price: $11.07, market cap: $27281748)
Penny stocks allowed for user4 - including BURU (price: $0.18, market cap: $19671830)
Penny stocks allowed for user4 - including AAPL (price: $255.84, market cap: $3512722522000)
Penny stocks allowed for user4 - including MSFT (price: $517.14, market cap: $3830758244000)
Penny stocks allowed for user4 - including AGMH (price: $8.46, market cap: $20412814)
Penny stocks allowed for user4 - including BNAIW (price: $0.03, market cap: $N/A)
No sell candidates found
Checking profit-taking opportunities (threshold: 10.00%, volatility: 20.00%)
MSFT: Recent gain: 0.0%, Volatility: 20.0%
✗ MSFT: Gain 0.0% or volatility 20.0% below thresholds
NFLX: Recent gain: 0.0%, Volatility: 20.0%
✗ NFLX: Gain 0.0% or volatility 20.0% below thresholds
YCBD: Recent gain: 5.0%, Volatility: 30.0%
✗ YCBD: Gain 5.0% or volatility 30.0% below thresholds
MBX: Recent gain: 3.8%, Volatility: 30.0%
✗ MBX: Gain 3.8% or volatility 30.0% below thresholds
PSTV: Recent gain: 1.5%, Volatility: 30.0%
✗ PSTV: Gain 1.5% or volatility 30.0% below thresholds
PALI: Recent gain: 0.0%, Volatility: 30.0%
✗ PALI: Gain 0.0% or volatility 30.0% below thresholds
DVLT: Recent gain: 0.0%, Volatility: 30.0%
✗ DVLT: Gain 0.0% or volatility 30.0% below thresholds
DFLI: Recent gain: 0.0%, Volatility: 30.0%
✗ DFLI: Gain 0.0% or volatility 30.0% below thresholds
RGTI: Recent gain: 0.0%, Volatility: 20.0%
✗ RGTI: Gain 0.0% or volatility 20.0% below thresholds
APLT: Recent gain: 0.0%, Volatility: 30.0%
✗ APLT: Gain 0.0% or volatility 30.0% below thresholds
QLGN: Recent gain: 0.0%, Volatility: 30.0%
✗ QLGN: Gain 0.0% or volatility 30.0% below thresholds
BA: Recent gain: 0.0%, Volatility: 20.0%
✗ BA: Gain 0.0% or volatility 20.0% below thresholds
DIS: Recent gain: 0.0%, Volatility: 20.0%
✗ DIS: Gain 0.0% or volatility 20.0% below thresholds
GOOGL: Recent gain: 0.0%, Volatility: 20.0%
✗ GOOGL: Gain 0.0% or volatility 20.0% below thresholds
AGMH: Recent gain: 0.0%, Volatility: 30.0%
✗ AGMH: Gain 0.0% or volatility 30.0% below thresholds
AAPL: Recent gain: 0.0%, Volatility: 20.0%
✗ AAPL: Gain 0.0% or volatility 20.0% below thresholds
BQ: Recent gain: 0.0%, Volatility: 30.0%
✗ BQ: Gain 0.0% or volatility 30.0% below thresholds
Profit-taking analysis completed: 0 opportunities found
Smart Analysis completed for user: user4. Generated 3 recommendations
Batch analysis completed for 1 users
Starting batch Smart Analysis for 3 users
Successfully retrieved market movers from Alpha Vantage
Found 15 market screening candidates: ['GIPRW', 'SMXWW', 'PXSAW', 'ASNS', 'SOXS', 'RKT', 'PERF+', 'OPEN', 'BNAI', 'BURU', 'ILLRW', 'CHR', 'EPSM', 'BNAIW', 'PLUG']
Found 15 high-confidence BUY candidates: ['PALI', 'PALI', 'DIS', 'DIS', 'BNAI', 'RGTI', 'APLT', 'APLT', 'GOOGL', 'GOOGL', 'ASNS', 'PSTV', 'PSTV', 'NFLX', 'NFLX']
Found 15 market screening candidates: ['GIPRW', 'SMXWW', 'PXSAW', 'ASNS', 'SOXS', 'RKT', 'PERF+', 'OPEN', 'BNAI', 'BURU', 'ILLRW', 'CHR', 'EPSM', 'BNAIW', 'PLUG']
Found 15 high-confidence BUY candidates: ['PALI', 'PALI', 'DIS', 'DIS', 'BNAI', 'RGTI', 'APLT', 'APLT', 'GOOGL', 'GOOGL', 'ASNS', 'PSTV', 'PSTV', 'NFLX', 'NFLX']
Found 15 market screening candidates: ['GIPRW', 'SMXWW', 'PXSAW', 'ASNS', 'SOXS', 'RKT', 'PERF+', 'OPEN', 'BNAI', 'BURU', 'ILLRW', 'CHR', 'EPSM', 'BNAIW', 'PLUG']
Found 15 high-confidence BUY candidates: ['PALI', 'PALI', 'DIS', 'DIS', 'BNAI', 'RGTI', 'APLT', 'APLT', 'GOOGL', 'GOOGL', 'ASNS', 'PSTV', 'PSTV', 'NFLX', 'NFLX']
Found 41 unique stocks to analyze across all users
Batch analyzing 41 unique stocks
Skipping PALI - recent recommendations exist
Skipping AGMH - recent recommendations exist
Skipping GIPRW - recent recommendations exist
Skipping BQ - recent recommendations exist
Failed to get quote for PERF+: No price data available for PERF+
Yahoo Finance validation failed for PERF+: Failed to fetch quote for PERF+: No price data available for PERF+
Skipping PERF+ - not recognized by Yahoo Finance
Skipping BURU - recent recommendations exist
Skipping RKT - recent recommendations exist
Skipping YCBD - recent recommendations exist
Yahoo Finance validation passed for AGRI
Getting recommendations for AGRI
Price target endpoint failed (403), using recommendation data
Finnhub recommendation for AGRI: BUY
Polygon recommendation for AGRI: SELL
FMP API error for AGRI: 402 Client Error: Payment Required for url: https://financialmodelingprep.com/stable/analyst-estimates?symbol=AGRI&apikey=ynOKFYxumAVxrcJAGhzuN4ZBjCtQcbR7
Enhanced Yahoo recommendation for AGRI: BUY
Generated 3 recommendations for AGRI
Yahoo Finance validation passed for AQMS
Getting recommendations for AQMS
Price target endpoint failed (403), using recommendation data
Finnhub recommendation for AQMS: BUY
Polygon recommendation for AQMS: SELL
FMP API error for AQMS: 402 Client Error: Payment Required for url: https://financialmodelingprep.com/stable/analyst-estimates?symbol=AQMS&apikey=ynOKFYxumAVxrcJAGhzuN4ZBjCtQcbR7
Enhanced Yahoo recommendation for AQMS: HOLD
Generated 3 recommendations for AQMS
Yahoo Finance validation passed for MRM
Getting recommendations for MRM
Price target endpoint failed (403), using recommendation data
Finnhub recommendation for MRM: HOLD
Polygon recommendation for MRM: SELL
FMP API error for MRM: 402 Client Error: Payment Required for url: https://financialmodelingprep.com/stable/analyst-estimates?symbol=MRM&apikey=ynOKFYxumAVxrcJAGhzuN4ZBjCtQcbR7
Enhanced Yahoo recommendation for MRM: STRONG_BUY
Generated 3 recommendations for MRM
Skipping QLGN - recent recommendations exist
Skipping PSTV - recent recommendations exist
Skipping PLUG - recent recommendations exist
Skipping DFLI - recent recommendations exist
Yahoo Finance validation passed for GDEVW
Getting recommendations for GDEVW
Price target endpoint failed (403), using recommendation data
Finnhub recommendation for GDEVW: HOLD
Polygon recommendation for GDEVW: SELL
FMP API error for GDEVW: 402 Client Error: Payment Required for url: https://financialmodelingprep.com/stable/analyst-estimates?symbol=GDEVW&apikey=ynOKFYxumAVxrcJAGhzuN4ZBjCtQcbR7
Enhanced Yahoo recommendation for GDEVW: BUY
Generated 3 recommendations for GDEVW
Skipping GOOGL - recent recommendations exist
Yahoo Finance validation passed for PXSAW
Getting recommendations for PXSAW
Price target endpoint failed (403), using recommendation data
Finnhub recommendation for PXSAW: HOLD
Error fetching Polygon data for PXSAW: 429 Client Error: Too Many Requests for url: https://api.polygon.io/v2/aggs/ticker/PXSAW/range/1/day/2024-01-01/2024-12-31?apikey=MSVhtqDKV9HyMOdla5UunU2EFs53MweY&limit=50
FMP API error for PXSAW: 402 Client Error: Payment Required for url: https://financialmodelingprep.com/stable/analyst-estimates?symbol=PXSAW&apikey=ynOKFYxumAVxrcJAGhzuN4ZBjCtQcbR7
Enhanced Yahoo recommendation for PXSAW: SELL
Generated 2 recommendations for PXSAW
Yahoo Finance validation passed for NVDA
Getting recommendations for NVDA
Price target endpoint failed (403), using recommendation data
Finnhub recommendation for NVDA: BUY
Error fetching Polygon data for NVDA: 429 Client Error: Too Many Requests for url: https://api.polygon.io/v2/aggs/ticker/NVDA/prev?apikey=MSVhtqDKV9HyMOdla5UunU2EFs53MweY
FMP API error for NVDA: 400 Client Error: Bad Request for url: https://financialmodelingprep.com/stable/analyst-estimates?symbol=NVDA&apikey=ynOKFYxumAVxrcJAGhzuN4ZBjCtQcbR7
Enhanced Yahoo recommendation for NVDA: STRONG_BUY
Generated 2 recommendations for NVDA
Yahoo Finance validation passed for NVO
Getting recommendations for NVO
Price target endpoint failed (403), using recommendation data
Finnhub recommendation for NVO: BUY
Error fetching Polygon data for NVO: 429 Client Error: Too Many Requests for url: https://api.polygon.io/v2/aggs/ticker/NVO/prev?apikey=MSVhtqDKV9HyMOdla5UunU2EFs53MweY
FMP API error for NVO: 402 Client Error: Payment Required for url: https://financialmodelingprep.com/stable/analyst-estimates?symbol=NVO&apikey=ynOKFYxumAVxrcJAGhzuN4ZBjCtQcbR7
Enhanced Yahoo recommendation for NVO: STRONG_BUY
Generated 2 recommendations for NVO
Yahoo Finance validation passed for ATCH
Getting recommendations for ATCH
Price target endpoint failed (403), using recommendation data
Finnhub recommendation for ATCH: HOLD
Error fetching Polygon data for ATCH: 429 Client Error: Too Many Requests for url: https://api.polygon.io/v2/aggs/ticker/ATCH/prev?apikey=MSVhtqDKV9HyMOdla5UunU2EFs53MweY
FMP API error for ATCH: 402 Client Error: Payment Required for url: https://financialmodelingprep.com/stable/analyst-estimates?symbol=ATCH&apikey=ynOKFYxumAVxrcJAGhzuN4ZBjCtQcbR7
Enhanced Yahoo recommendation for ATCH: HOLD
Generated 2 recommendations for ATCH
Yahoo Finance validation passed for GPUS
Getting recommendations for GPUS
Price target endpoint failed (403), using recommendation data
Finnhub recommendation for GPUS: BUY
Error fetching Polygon data for GPUS: 429 Client Error: Too Many Requests for url: https://api.polygon.io/v2/aggs/ticker/GPUS/prev?apikey=MSVhtqDKV9HyMOdla5UunU2EFs53MweY
FMP API error for GPUS: 402 Client Error: Payment Required for url: https://financialmodelingprep.com/stable/analyst-estimates?symbol=GPUS&apikey=ynOKFYxumAVxrcJAGhzuN4ZBjCtQcbR7
Enhanced Yahoo recommendation for GPUS: HOLD
Generated 2 recommendations for GPUS
Skipping DIS - recent recommendations exist
Skipping BNAI - recent recommendations exist
Skipping AAPL - recent recommendations exist
Skipping MBX - recent recommendations exist
Skipping ILLRW - recent recommendations exist
Skipping CHR - recent recommendations exist
Skipping BNAIW - recent recommendations exist
Skipping RGTI - recent recommendations exist
Skipping SMXWW - recent recommendations exist
Skipping MSFT - recent recommendations exist
Skipping ASNS - recent recommendations exist
Yahoo Finance validation passed for ONMDW
Getting recommendations for ONMDW
Price target endpoint failed (403), using recommendation data
Finnhub recommendation for ONMDW: HOLD
Error fetching Polygon data for ONMDW: 429 Client Error: Too Many Requests for url: https://api.polygon.io/v2/aggs/ticker/ONMDW/prev?apikey=MSVhtqDKV9HyMOdla5UunU2EFs53MweY
FMP API error for ONMDW: 402 Client Error: Payment Required for url: https://financialmodelingprep.com/stable/analyst-estimates?symbol=ONMDW&apikey=ynOKFYxumAVxrcJAGhzuN4ZBjCtQcbR7
Enhanced Yahoo recommendation for ONMDW: SELL
Generated 2 recommendations for ONMDW
Skipping APLT - recent recommendations exist
Yahoo Finance validation passed for SOXS
Getting recommendations for SOXS
Price target endpoint failed (403), using recommendation data
Finnhub recommendation for SOXS: HOLD
Polygon recommendation for SOXS: HOLD
FMP API error for SOXS: 402 Client Error: Payment Required for url: https://financialmodelingprep.com/stable/analyst-estimates?symbol=SOXS&apikey=ynOKFYxumAVxrcJAGhzuN4ZBjCtQcbR7
Enhanced Yahoo recommendation for SOXS: HOLD
Generated 3 recommendations for SOXS
Skipping OPEN - recent recommendations exist
Skipping DVLT - recent recommendations exist
Skipping EPSM - recent recommendations exist
Skipping NFLX - recent recommendations exist
Skipping BA - recent recommendations exist
Analyzing user user1 with existing recommendations
Found 15 market screening candidates: ['GIPRW', 'SMXWW', 'PXSAW', 'ASNS', 'SOXS', 'RKT', 'PERF+', 'OPEN', 'BNAI', 'BURU', 'ILLRW', 'CHR', 'EPSM', 'BNAIW', 'PLUG']
Found 15 high-confidence BUY candidates: ['GPUS', 'NVO', 'NVDA', 'GDEVW', 'AQMS', 'AGRI', 'AGRI', 'PALI', 'PALI', 'DIS', 'DIS', 'BNAI', 'RGTI', 'APLT', 'APLT']
Fetching real-time prices for 40 stocks
Real-time price for PALI: $1.6
Real-time price for GIPRW: $0.0981
Real-time price for AGMH: $7.8
Real-time price for BQ: $15.35
Real-time price for BURU: $0.2231
Real-time price for RKT: $17.8
Real-time price for YCBD: $1.16
Real-time price for AGRI: $4.05
Real-time price for AQMS: $6.99
Real-time price for MRM: $2.05
Real-time price for QLGN: $5.23
Real-time price for PSTV: $0.7312
Real-time price for PLUG: $3.81
Real-time price for DFLI: $1.89
Real-time price for GDEVW: $0.044
Real-time price for GOOGL: $245.35
Real-time price for PXSAW: $0.04
Real-time price for NVDA: $187.62
Real-time price for NVO: $59.63
Real-time price for ATCH: $0.4402
Real-time price for GPUS: $0.54
Real-time price for DIS: $112.47
Real-time price for BNAI: $0.6015
Real-time price for CHR: $0.1609
Real-time price for MBX: $16.69
Real-time price for AAPL: $258.02
Real-time price for ILLRW: $0.0527
Real-time price for RGTI: $40.06
Real-time price for BNAIW: $0.1155
Real-time price for SMXWW: $0.039
Real-time price for ASNS: $0.6247
Real-time price for MSFT: $517.35
Real-time price for ONMDW: $0.06
Real-time price for SOXS: $4.69
Real-time price for APLT: $1.0
Real-time price for OPEN: $8.11
Real-time price for DVLT: $1.34
Real-time price for EPSM: $26.93
Real-time price for NFLX: $1153.32
Real-time price for BA: $216.3
Successfully fetched 40 real-time prices
Evaluating 5 sell candidates with SellWeight=5 (portfolio=5, risk_profile=5)
MRM: HOLD confidence=0.67, adjusted=0.17 (SellWeight=5)
✗ MRM: Adjusted confidence 0.17 below threshold 0.30
GDEVW: HOLD confidence=0.62, adjusted=0.16 (SellWeight=5)
✗ GDEVW: Adjusted confidence 0.16 below threshold 0.30
ATCH: HOLD confidence=0.50, adjusted=0.12 (SellWeight=5)
✗ ATCH: Adjusted confidence 0.12 below threshold 0.30
ONMDW: HOLD confidence=0.58, adjusted=0.14 (SellWeight=5)
✗ ONMDW: Adjusted confidence 0.14 below threshold 0.30
OPEN: SELL confidence=0.62, adjusted=0.31 (SellWeight=5)
✓ SELL recommendation for OPEN: 24 shares (31.0%) - $194.64
Sell algorithm completed: 1 sell recommendations generated
Checking profit-taking opportunities (threshold: 10.00%, volatility: 20.00%)
GOOGL: Recent gain: 0.0%, Volatility: 20.0%
✗ GOOGL: Gain 0.0% or volatility 20.0% below thresholds
MSFT: Recent gain: 0.0%, Volatility: 20.0%
✗ MSFT: Gain 0.0% or volatility 20.0% below thresholds
NVDA: Recent gain: 6.9%, Volatility: 20.0%
✗ NVDA: Gain 6.9% or volatility 20.0% below thresholds
AGMH: Recent gain: 0.0%, Volatility: 30.0%
✗ AGMH: Gain 0.0% or volatility 30.0% below thresholds
DIS: Recent gain: 0.0%, Volatility: 20.0%
✗ DIS: Gain 0.0% or volatility 20.0% below thresholds
BA: Recent gain: 0.6%, Volatility: 20.0%
✗ BA: Gain 0.6% or volatility 20.0% below thresholds
NFLX: Recent gain: 0.0%, Volatility: 20.0%
✗ NFLX: Gain 0.0% or volatility 20.0% below thresholds
AAPL: Recent gain: 1.3%, Volatility: 20.0%
✗ AAPL: Gain 1.3% or volatility 20.0% below thresholds
QLGN: Recent gain: 7.6%, Volatility: 30.0%
✗ QLGN: Gain 7.6% or volatility 30.0% below thresholds
AGRI: Recent gain: 0.0%, Volatility: 30.0%
✗ AGRI: Gain 0.0% or volatility 30.0% below thresholds
NVO: Recent gain: 0.0%, Volatility: 20.0%
✗ NVO: Gain 0.0% or volatility 20.0% below thresholds
MBX: Recent gain: 0.0%, Volatility: 30.0%
✗ MBX: Gain 0.0% or volatility 30.0% below thresholds
GDEVW: Recent gain: 0.0%, Volatility: 25.0%
✗ GDEVW: Gain 0.0% or volatility 25.0% below thresholds
ONMDW: Recent gain: 66.7%, Volatility: 25.0%
✓ Profit-taking opportunity for ONMDW: 47954 shares (50.0%) - $2397.70
OPEN: Recent gain: 0.0%, Volatility: 25.0%
✗ OPEN: Gain 0.0% or volatility 25.0% below thresholds
ATCH: Recent gain: 30.0%, Volatility: 30.0%
✓ Profit-taking opportunity for ATCH: 1406 shares (50.0%) - $731.12
MRM: Recent gain: 0.0%, Volatility: 30.0%
✗ MRM: Gain 0.0% or volatility 30.0% below thresholds
DFLI: Recent gain: 34.6%, Volatility: 30.0%
✓ Profit-taking opportunity for DFLI: 180 shares (50.0%) - $126.00
APLT: Recent gain: 0.0%, Volatility: 30.0%
✗ APLT: Gain 0.0% or volatility 30.0% below thresholds
DVLT: Recent gain: 39.4%, Volatility: 30.0%
✓ Profit-taking opportunity for DVLT: 85 shares (50.0%) - $129.20
GPUS: Recent gain: 8.7%, Volatility: 30.0%
✗ GPUS: Gain 8.7% or volatility 30.0% below thresholds
AQMS: Recent gain: 1.4%, Volatility: 30.0%
✗ AQMS: Gain 1.4% or volatility 30.0% below thresholds
PSTV: Recent gain: 0.0%, Volatility: 30.0%
✗ PSTV: Gain 0.0% or volatility 30.0% below thresholds
YCBD: Recent gain: 0.0%, Volatility: 30.0%
✗ YCBD: Gain 0.0% or volatility 30.0% below thresholds
BQ: Recent gain: 13.5%, Volatility: 30.0%
✓ Profit-taking opportunity for BQ: 5 shares (33.8%) - $55.35
PALI: Recent gain: 0.0%, Volatility: 30.0%
✗ PALI: Gain 0.0% or volatility 30.0% below thresholds
Profit-taking analysis completed: 5 opportunities found
Smart Analysis completed for user: user1. Generated 9 recommendations
Analyzing user user2 with existing recommendations
Found 15 market screening candidates: ['GIPRW', 'SMXWW', 'PXSAW', 'ASNS', 'SOXS', 'RKT', 'PERF+', 'OPEN', 'BNAI', 'BURU', 'ILLRW', 'CHR', 'EPSM', 'BNAIW', 'PLUG']
Found 15 high-confidence BUY candidates: ['GPUS', 'NVO', 'NVDA', 'GDEVW', 'AQMS', 'AGRI', 'AGRI', 'PALI', 'PALI', 'DIS', 'DIS', 'BNAI', 'RGTI', 'APLT', 'APLT']
Fetching real-time prices for 30 stocks
Real-time price for PALI: $1.6
Real-time price for GIPRW: $0.0981
Real-time price for BURU: $0.2231
Real-time price for RKT: $17.8
Real-time price for AGRI: $4.05
Real-time price for AQMS: $6.99
Real-time price for PLUG: $3.81
Real-time price for GDEVW: $0.044
Real-time price for GOOGL: $245.35
Real-time price for PXSAW: $0.04
Real-time price for NVDA: $187.62
Real-time price for NVO: $59.63
Real-time price for GPUS: $0.54
Real-time price for DIS: $112.47
Real-time price for BNAI: $0.6015
Real-time price for CHR: $0.1609
Real-time price for MBX: $16.69
Real-time price for AAPL: $258.02
Real-time price for ILLRW: $0.0527
Real-time price for RGTI: $40.06
Real-time price for BNAIW: $0.1155
Real-time price for SMXWW: $0.039
Real-time price for ASNS: $0.6247
Real-time price for MSFT: $517.35
Real-time price for SOXS: $4.69
Real-time price for APLT: $1.0
Real-time price for OPEN: $8.11
Real-time price for EPSM: $26.93
Real-time price for NFLX: $1153.32
Real-time price for BA: $216.3
Successfully fetched 30 real-time prices
Filtering out penny stock: AGRI (price: $4.06, min: $5.00)
Filtering out penny stock: PALI (price: $1.42, min: $5.00)
Filtering out penny stock: APLT (price: $0.74, min: $5.00)
Filtering out micro-cap stock: MBX (market cap: $671,877,248, min: $1,000,000,000)
No sell candidates found
Checking profit-taking opportunities (threshold: 10.00%, volatility: 20.00%)
AAPL: Recent gain: 0.6%, Volatility: 20.0%
✗ AAPL: Gain 0.6% or volatility 20.0% below thresholds
MBX: Recent gain: 0.0%, Volatility: 30.0%
✗ MBX: Gain 0.0% or volatility 30.0% below thresholds
GOOGL: Recent gain: 0.0%, Volatility: 20.0%
✗ GOOGL: Gain 0.0% or volatility 20.0% below thresholds
NVDA: Recent gain: 4.6%, Volatility: 20.0%
✗ NVDA: Gain 4.6% or volatility 20.0% below thresholds
BA: Recent gain: 0.1%, Volatility: 20.0%
✗ BA: Gain 0.1% or volatility 20.0% below thresholds
DIS: Recent gain: 0.0%, Volatility: 20.0%
✗ DIS: Gain 0.0% or volatility 20.0% below thresholds
NFLX: Recent gain: 0.0%, Volatility: 20.0%
✗ NFLX: Gain 0.0% or volatility 20.0% below thresholds
MSFT: Recent gain: 1.1%, Volatility: 20.0%
✗ MSFT: Gain 1.1% or volatility 20.0% below thresholds
RGTI: Recent gain: 0.0%, Volatility: 20.0%
✗ RGTI: Gain 0.0% or volatility 20.0% below thresholds
Profit-taking analysis completed: 0 opportunities found
Smart Analysis completed for user: user2. Generated 1 recommendations
Analyzing user user3 with existing recommendations
Found 15 market screening candidates: ['GIPRW', 'SMXWW', 'PXSAW', 'ASNS', 'SOXS', 'RKT', 'PERF+', 'OPEN', 'BNAI', 'BURU', 'ILLRW', 'CHR', 'EPSM', 'BNAIW', 'PLUG']
Found 15 high-confidence BUY candidates: ['GPUS', 'NVO', 'NVDA', 'GDEVW', 'AQMS', 'AGRI', 'AGRI', 'PALI', 'PALI', 'DIS', 'DIS', 'BNAI', 'RGTI', 'APLT', 'APLT']
Fetching real-time prices for 37 stocks
Real-time price for PALI: $1.6
Real-time price for GIPRW: $0.0981
Real-time price for AGMH: $7.8
Real-time price for BQ: $15.35
Real-time price for BURU: $0.2231
Real-time price for RKT: $17.8
Real-time price for YCBD: $1.16
Real-time price for AGRI: $4.05
Real-time price for AQMS: $6.99
Real-time price for QLGN: $5.23
Real-time price for PSTV: $0.7312
Real-time price for PLUG: $3.81
Real-time price for DFLI: $1.89
Real-time price for GDEVW: $0.044
Real-time price for GOOGL: $245.35
Real-time price for PXSAW: $0.04
Real-time price for NVDA: $187.62
Real-time price for NVO: $59.63
Real-time price for GPUS: $0.54
Real-time price for DIS: $112.47
Real-time price for BNAI: $0.6015
Real-time price for CHR: $0.1609
Real-time price for MBX: $16.69
Real-time price for AAPL: $258.02
Real-time price for ILLRW: $0.0527
Real-time price for RGTI: $40.06
Real-time price for BNAIW: $0.1155
Real-time price for SMXWW: $0.039
Real-time price for ASNS: $0.6247
Real-time price for MSFT: $517.35
Real-time price for SOXS: $4.69
Real-time price for APLT: $1.0
Real-time price for OPEN: $8.11
Real-time price for DVLT: $1.34
Real-time price for EPSM: $26.93
Real-time price for NFLX: $1153.32
Real-time price for BA: $216.3
Successfully fetched 37 real-time prices
Penny stocks allowed for user3 - including GPUS (price: $0.50, market cap: $33477998)
Penny stocks allowed for user3 - including NVO (price: $58.50, market cap: $272718020608)
Penny stocks allowed for user3 - including NVDA (price: $188.90, market cap: $4329385492000)
Penny stocks allowed for user3 - including GDEVW (price: $0.02, market cap: $N/A)
Penny stocks allowed for user3 - including AQMS (price: $7.40, market cap: $10263837)
Penny stocks allowed for user3 - including AGRI (price: $4.06, market cap: $7503996)
Penny stocks allowed for user3 - including PALI (price: $1.42, market cap: $13861111)
Penny stocks allowed for user3 - including DIS (price: $112.33, market cap: $207175925760)
Penny stocks allowed for user3 - including OPEN (price: $8.06, market cap: $6218962432)
Penny stocks allowed for user3 - including BNAI (price: $0.60, market cap: $25858124)
Penny stocks allowed for user3 - including RGTI (price: $35.40, market cap: $11475447808)
Penny stocks allowed for user3 - including APLT (price: $0.74, market cap: $178575040)
Penny stocks allowed for user3 - including GOOGL (price: $245.36, market cap: $2915379970000)
Penny stocks allowed for user3 - including ASNS (price: $0.62, market cap: $9234634)
Penny stocks allowed for user3 - including CHR (price: $0.16, market cap: $1872163)
Penny stocks allowed for user3 - including PSTV (price: $0.69, market cap: $82498744)
Penny stocks allowed for user3 - including NFLX (price: $1143.54, market cap: $510128324608)
Penny stocks allowed for user3 - including MBX (price: $18.16, market cap: $671877248)
Penny stocks allowed for user3 - including BA (price: $216.93, market cap: $162589032448)
Penny stocks allowed for user3 - including DVLT (price: $1.52, market cap: $187308592)
Penny stocks allowed for user3 - including QLGN (price: $5.95, market cap: $9375839)
Penny stocks allowed for user3 - including RKT (price: $17.80, market cap: $37570207744)
Penny stocks allowed for user3 - including DFLI (price: $0.70, market cap: $32321926)
Penny stocks allowed for user3 - including YCBD (price: $1.27, market cap: $12299883)
Penny stocks allowed for user3 - including BQ (price: $11.07, market cap: $27281748)
Penny stocks allowed for user3 - including BURU (price: $0.18, market cap: $19671830)
Penny stocks allowed for user3 - including AAPL (price: $255.84, market cap: $3512722522000)
Penny stocks allowed for user3 - including MSFT (price: $517.14, market cap: $3830758244000)
Penny stocks allowed for user3 - including AGMH (price: $8.46, market cap: $20412814)
Penny stocks allowed for user3 - including BNAIW (price: $0.03, market cap: $N/A)
No sell candidates found
Checking profit-taking opportunities (threshold: 10.00%, volatility: 20.00%)
NVDA: Recent gain: 3.9%, Volatility: 20.0%
✗ NVDA: Gain 3.9% or volatility 20.0% below thresholds
QLGN: Recent gain: 10.6%, Volatility: 30.0%
✓ Profit-taking opportunity for QLGN: 255 shares (26.5%) - $1517.25
APLT: Recent gain: 21.3%, Volatility: 30.0%
✓ Profit-taking opportunity for APLT: 4259 shares (50.0%) - $3151.66
YCBD: Recent gain: 0.0%, Volatility: 30.0%
✗ YCBD: Gain 0.0% or volatility 30.0% below thresholds
PSTV: Recent gain: 0.0%, Volatility: 30.0%
✗ PSTV: Gain 0.0% or volatility 30.0% below thresholds
DFLI: Recent gain: 6.1%, Volatility: 30.0%
✗ DFLI: Gain 6.1% or volatility 30.0% below thresholds
AQMS: Recent gain: 4.8%, Volatility: 30.0%
✗ AQMS: Gain 4.8% or volatility 30.0% below thresholds
BQ: Recent gain: 13.5%, Volatility: 30.0%
✓ Profit-taking opportunity for BQ: 121 shares (33.8%) - $1339.47
MSFT: Recent gain: 0.5%, Volatility: 20.0%
✗ MSFT: Gain 0.5% or volatility 20.0% below thresholds
GOOGL: Recent gain: 0.5%, Volatility: 20.0%
✗ GOOGL: Gain 0.5% or volatility 20.0% below thresholds
BA: Recent gain: 0.0%, Volatility: 20.0%
✗ BA: Gain 0.0% or volatility 20.0% below thresholds
NFLX: Recent gain: 0.0%, Volatility: 20.0%
✗ NFLX: Gain 0.0% or volatility 20.0% below thresholds
DVLT: Recent gain: 39.4%, Volatility: 30.0%
✓ Profit-taking opportunity for DVLT: 2427 shares (50.0%) - $3689.04
MBX: Recent gain: 3.8%, Volatility: 30.0%
✗ MBX: Gain 3.8% or volatility 30.0% below thresholds
PALI: Recent gain: 0.0%, Volatility: 30.0%
✗ PALI: Gain 0.0% or volatility 30.0% below thresholds
GPUS: Recent gain: 11.1%, Volatility: 30.0%
✓ Profit-taking opportunity for GPUS: 1494 shares (27.8%) - $747.00
DIS: Recent gain: 0.0%, Volatility: 20.0%
✗ DIS: Gain 0.0% or volatility 20.0% below thresholds
AGMH: Recent gain: 0.0%, Volatility: 30.0%
✗ AGMH: Gain 0.0% or volatility 30.0% below thresholds
AAPL: Recent gain: 0.0%, Volatility: 20.0%
✗ AAPL: Gain 0.0% or volatility 20.0% below thresholds
RGTI: Recent gain: 0.0%, Volatility: 20.0%
✗ RGTI: Gain 0.0% or volatility 20.0% below thresholds
Profit-taking analysis completed: 5 opportunities found
Smart Analysis completed for user: user3. Generated 10 recommendations
Batch analysis completed for 3 users
Buy all smart recommendations requested by user: user3
Found 5 pending BUY recommendations
Portfolio cash: $13759.37
Total cost: $5476.64
Executing recommendation for NVO: 28 shares
  Cash allocated: 1669.64 (type: <class 'decimal.Decimal'>)
  Current price: 59.63 (type: <class 'decimal.Decimal'>)
  Portfolio cash: 13759.37 (type: <class 'decimal.Decimal'>)
Successfully executed NVO
Executing recommendation for CHR: 6567 shares
  Cash allocated: 1056.63 (type: <class 'decimal.Decimal'>)
  Current price: 0.16 (type: <class 'decimal.Decimal'>)
  Portfolio cash: 12119.73200 (type: <class 'decimal.Decimal'>)
Successfully executed CHR
Executing recommendation for AGRI: 244 shares
  Cash allocated: 988.20 (type: <class 'decimal.Decimal'>)
  Current price: 4.05 (type: <class 'decimal.Decimal'>)
  Portfolio cash: 11067.96128 (type: <class 'decimal.Decimal'>)
Successfully executed AGRI
Executing recommendation for BNAI: 1647 shares
  Cash allocated: 990.67 (type: <class 'decimal.Decimal'>)
  Current price: 0.60 (type: <class 'decimal.Decimal'>)
  Portfolio cash: 10076.32128 (type: <class 'decimal.Decimal'>)
Successfully executed BNAI
Executing recommendation for ASNS: 1235 shares
  Cash allocated: 771.50 (type: <class 'decimal.Decimal'>)
  Current price: 0.62 (type: <class 'decimal.Decimal'>)
  Portfolio cash: 9087.12128 (type: <class 'decimal.Decimal'>)
Successfully executed ASNS
Buy all completed: 5 executed, 0 failed
Returning response: {'success': True, 'executed_trades': [{'symbol': 'NVO', 'shares': 28, 'cost': Decimal('1669.64'), 'trade_id': UUID('09714fad-a5fb-43fd-9559-41d7361724f0')}, {'symbol': 'CHR', 'shares': 6567, 'cost': Decimal('1056.63'), 'trade_id': UUID('f293e237-0c56-4a05-9ac8-e0ab414cb99e')}, {'symbol': 'AGRI', 'shares': 244, 'cost': Decimal('988.20'), 'trade_id': UUID('fef4df2c-586e-4ee9-8a02-d067604e3af2')}, {'symbol': 'BNAI', 'shares': 1647, 'cost': Decimal('990.67'), 'trade_id': UUID('b00ace18-33a9-4d42-b651-f25d4619bfde')}, {'symbol': 'ASNS', 'shares': 1235, 'cost': Decimal('771.50'), 'trade_id': UUID('1966e4e1-abfb-49a9-881b-366addfa7b58')}], 'failed_trades': [], 'total_executed': 5, 'total_failed': 0, 'total_cost': 5476.64}
Buy all smart recommendations requested by user: user4
Found 3 pending BUY recommendations
Portfolio cash: $23105.42
Total cost: $9241.56
Executing recommendation for CHR: 21529 shares
  Cash allocated: 3464.02 (type: <class 'decimal.Decimal'>)
  Current price: 0.16 (type: <class 'decimal.Decimal'>)
  Portfolio cash: 23105.42 (type: <class 'decimal.Decimal'>)
Successfully executed CHR
Executing recommendation for BNAI: 5399 shares
  Cash allocated: 3247.50 (type: <class 'decimal.Decimal'>)
  Current price: 0.60 (type: <class 'decimal.Decimal'>)
  Portfolio cash: 19657.33536 (type: <class 'decimal.Decimal'>)
Successfully executed BNAI
Executing recommendation for ASNS: 4050 shares
  Cash allocated: 2530.04 (type: <class 'decimal.Decimal'>)
  Current price: 0.62 (type: <class 'decimal.Decimal'>)
  Portfolio cash: 16414.69596 (type: <class 'decimal.Decimal'>)
Successfully executed ASNS
Buy all completed: 3 executed, 0 failed
Returning response: {'success': True, 'executed_trades': [{'symbol': 'CHR', 'shares': 21529, 'cost': Decimal('3464.02'), 'trade_id': UUID('a8d66424-53e1-4698-be2d-293d0638f299')}, {'symbol': 'BNAI', 'shares': 5399, 'cost': Decimal('3247.50'), 'trade_id': UUID('aea01a2b-1e63-4591-84b1-ebadcb8c2c96')}, {'symbol': 'ASNS', 'shares': 4050, 'cost': Decimal('2530.04'), 'trade_id': UUID('d36dff45-95e2-41cc-8577-be48943d46d2')}], 'failed_trades': [], 'total_executed': 3, 'total_failed': 0, 'total_cost': 9241.56}
Buy all smart recommendations requested by user: user2
Found 1 pending BUY recommendations
Portfolio cash: $37733.28
Total cost: $7513.38
Executing recommendation for NVO: 126 shares
  Cash allocated: 7513.38 (type: <class 'decimal.Decimal'>)
  Current price: 59.63 (type: <class 'decimal.Decimal'>)
  Portfolio cash: 37733.28 (type: <class 'decimal.Decimal'>)
Successfully executed NVO
Buy all completed: 1 executed, 0 failed
Returning response: {'success': True, 'executed_trades': [{'symbol': 'NVO', 'shares': 126, 'cost': Decimal('7513.38'), 'trade_id': UUID('837eb89f-9c32-459f-9205-6fabed9285fa')}], 'failed_trades': [], 'total_executed': 1, 'total_failed': 0, 'total_cost': 7513.38}
Buy all smart recommendations requested by user: user1
Found 3 pending BUY recommendations
Portfolio cash: $1906.56
Total cost: $380.73
Executing recommendation for CHR: 888 shares
  Cash allocated: 142.88 (type: <class 'decimal.Decimal'>)
  Current price: 0.16 (type: <class 'decimal.Decimal'>)
  Portfolio cash: 1906.56 (type: <class 'decimal.Decimal'>)
Successfully executed CHR
Executing recommendation for BNAI: 222 shares
  Cash allocated: 133.53 (type: <class 'decimal.Decimal'>)
  Current price: 0.60 (type: <class 'decimal.Decimal'>)
  Portfolio cash: 1763.48 (type: <class 'decimal.Decimal'>)
Successfully executed BNAI
Executing recommendation for ASNS: 167 shares
  Cash allocated: 104.32 (type: <class 'decimal.Decimal'>)
  Current price: 0.62 (type: <class 'decimal.Decimal'>)
  Portfolio cash: 1629.28 (type: <class 'decimal.Decimal'>)
Successfully executed ASNS
Buy all completed: 3 executed, 0 failed
Returning response: {'success': True, 'executed_trades': [{'symbol': 'CHR', 'shares': 888, 'cost': Decimal('142.88'), 'trade_id': UUID('71be13c2-e2ca-42a3-9624-0ecbdae67b9b')}, {'symbol': 'BNAI', 'shares': 222, 'cost': Decimal('133.53'), 'trade_id': UUID('d972de9a-09e2-43df-8775-0b2a7b3d3f6e')}, {'symbol': 'ASNS', 'shares': 167, 'cost': Decimal('104.32'), 'trade_id': UUID('d7c0b685-83bd-4673-8c68-86ad287a04c8')}], 'failed_trades': [], 'total_executed': 3, 'total_failed': 0, 'total_cost': 380.73}
Starting batch Smart Analysis for 1 users
Successfully retrieved market movers from Alpha Vantage
Found 15 market screening candidates: ['ILLRW', 'EPSM', 'PERF+', 'DFLI', 'OPEN', 'ASNS', 'SOXS', 'TSLL', 'RKT', 'BNAIW', 'BNAI', 'GIPRW', 'BURU', 'PXSAW', 'PLUG']
Found 15 high-confidence BUY candidates: ['GPUS', 'NVO', 'NVDA', 'GDEVW', 'AQMS', 'AGRI', 'AGRI', 'PALI', 'PALI', 'DIS', 'DIS', 'BNAI', 'RGTI', 'APLT', 'APLT']
Found 38 unique stocks to analyze across all users
Batch analyzing 38 unique stocks
Yahoo Finance validation passed for DVLT
Getting recommendations for DVLT
Price target endpoint failed (403), using recommendation data
Finnhub recommendation for DVLT: BUY
Polygon recommendation for DVLT: HOLD
FMP API error for DVLT: 402 Client Error: Payment Required for url: https://financialmodelingprep.com/stable/analyst-estimates?symbol=DVLT&apikey=ynOKFYxumAVxrcJAGhzuN4ZBjCtQcbR7
Enhanced Yahoo recommendation for DVLT: STRONG_BUY
Generated 3 recommendations for DVLT
Yahoo Finance validation passed for AGMH
Getting recommendations for AGMH
Price target endpoint failed (403), using recommendation data
Finnhub recommendation for AGMH: BUY
Polygon recommendation for AGMH: HOLD
FMP API error for AGMH: 402 Client Error: Payment Required for url: https://financialmodelingprep.com/stable/analyst-estimates?symbol=AGMH&apikey=ynOKFYxumAVxrcJAGhzuN4ZBjCtQcbR7
Enhanced Yahoo recommendation for AGMH: BUY
Generated 3 recommendations for AGMH
Yahoo Finance validation passed for OPEN
Getting recommendations for OPEN
Price target endpoint failed (403), using recommendation data
Finnhub recommendation for OPEN: SELL
Polygon recommendation for OPEN: BUY
FMP API error for OPEN: 402 Client Error: Payment Required for url: https://financialmodelingprep.com/stable/analyst-estimates?symbol=OPEN&apikey=ynOKFYxumAVxrcJAGhzuN4ZBjCtQcbR7
Enhanced Yahoo recommendation for OPEN: SELL
Generated 3 recommendations for OPEN
Yahoo Finance validation passed for GOOGL
Getting recommendations for GOOGL
Price target endpoint failed (403), using recommendation data
Finnhub recommendation for GOOGL: BUY
Polygon recommendation for GOOGL: BUY
FMP API error for GOOGL: 400 Client Error: Bad Request for url: https://financialmodelingprep.com/stable/analyst-estimates?symbol=GOOGL&apikey=ynOKFYxumAVxrcJAGhzuN4ZBjCtQcbR7
Enhanced Yahoo recommendation for GOOGL: BUY
Generated 3 recommendations for GOOGL
Yahoo Finance validation passed for ASNS
Getting recommendations for ASNS
Price target endpoint failed (403), using recommendation data
Finnhub recommendation for ASNS: BUY
Error fetching Polygon data for ASNS: 429 Client Error: Too Many Requests for url: https://api.polygon.io/v2/aggs/ticker/ASNS/range/1/day/2024-01-01/2024-12-31?apikey=MSVhtqDKV9HyMOdla5UunU2EFs53MweY&limit=50
FMP API error for ASNS: 402 Client Error: Payment Required for url: https://financialmodelingprep.com/stable/analyst-estimates?symbol=ASNS&apikey=ynOKFYxumAVxrcJAGhzuN4ZBjCtQcbR7
Enhanced Yahoo recommendation for ASNS: HOLD
Generated 2 recommendations for ASNS
Yahoo Finance validation passed for APLT
Getting recommendations for APLT
Price target endpoint failed (403), using recommendation data
Finnhub recommendation for APLT: BUY
Error fetching Polygon data for APLT: 429 Client Error: Too Many Requests for url: https://api.polygon.io/v2/aggs/ticker/APLT/prev?apikey=MSVhtqDKV9HyMOdla5UunU2EFs53MweY
FMP API error for APLT: 402 Client Error: Payment Required for url: https://financialmodelingprep.com/stable/analyst-estimates?symbol=APLT&apikey=ynOKFYxumAVxrcJAGhzuN4ZBjCtQcbR7
Enhanced Yahoo recommendation for APLT: BUY
Generated 2 recommendations for APLT
Yahoo Finance validation passed for RKT
Getting recommendations for RKT
Price target endpoint failed (403), using recommendation data
Finnhub recommendation for RKT: HOLD
Error fetching Polygon data for RKT: 429 Client Error: Too Many Requests for url: https://api.polygon.io/v2/aggs/ticker/RKT/prev?apikey=MSVhtqDKV9HyMOdla5UunU2EFs53MweY
FMP API error for RKT: 400 Client Error: Bad Request for url: https://financialmodelingprep.com/stable/analyst-estimates?symbol=RKT&apikey=ynOKFYxumAVxrcJAGhzuN4ZBjCtQcbR7
Enhanced Yahoo recommendation for RKT: SELL
Generated 2 recommendations for RKT
Yahoo Finance validation passed for PSTV
Getting recommendations for PSTV
Price target endpoint failed (403), using recommendation data
Finnhub recommendation for PSTV: BUY
Error fetching Polygon data for PSTV: 429 Client Error: Too Many Requests for url: https://api.polygon.io/v2/aggs/ticker/PSTV/prev?apikey=MSVhtqDKV9HyMOdla5UunU2EFs53MweY
FMP API error for PSTV: 402 Client Error: Payment Required for url: https://financialmodelingprep.com/stable/analyst-estimates?symbol=PSTV&apikey=ynOKFYxumAVxrcJAGhzuN4ZBjCtQcbR7
Enhanced Yahoo recommendation for PSTV: BUY
Generated 2 recommendations for PSTV
Yahoo Finance validation passed for DIS
Getting recommendations for DIS
Price target endpoint failed (403), using recommendation data
Finnhub recommendation for DIS: BUY
Error fetching Polygon data for DIS: 429 Client Error: Too Many Requests for url: https://api.polygon.io/v2/aggs/ticker/DIS/prev?apikey=MSVhtqDKV9HyMOdla5UunU2EFs53MweY
FMP API error for DIS: 400 Client Error: Bad Request for url: https://financialmodelingprep.com/stable/analyst-estimates?symbol=DIS&apikey=ynOKFYxumAVxrcJAGhzuN4ZBjCtQcbR7
Enhanced Yahoo recommendation for DIS: BUY
Generated 2 recommendations for DIS
Yahoo Finance validation passed for AQMS
Getting recommendations for AQMS
Price target endpoint failed (403), using recommendation data
Finnhub recommendation for AQMS: BUY
Error fetching Polygon data for AQMS: 429 Client Error: Too Many Requests for url: https://api.polygon.io/v2/aggs/ticker/AQMS/prev?apikey=MSVhtqDKV9HyMOdla5UunU2EFs53MweY
FMP API error for AQMS: 402 Client Error: Payment Required for url: https://financialmodelingprep.com/stable/analyst-estimates?symbol=AQMS&apikey=ynOKFYxumAVxrcJAGhzuN4ZBjCtQcbR7
Enhanced Yahoo recommendation for AQMS: HOLD
Generated 2 recommendations for AQMS
Yahoo Finance validation passed for MSFT
Getting recommendations for MSFT
Price target endpoint failed (403), using recommendation data
Finnhub recommendation for MSFT: BUY
Error fetching Polygon data for MSFT: 429 Client Error: Too Many Requests for url: https://api.polygon.io/v2/aggs/ticker/MSFT/prev?apikey=MSVhtqDKV9HyMOdla5UunU2EFs53MweY
FMP API error for MSFT: 400 Client Error: Bad Request for url: https://financialmodelingprep.com/stable/analyst-estimates?symbol=MSFT&apikey=ynOKFYxumAVxrcJAGhzuN4ZBjCtQcbR7
Enhanced Yahoo recommendation for MSFT: STRONG_BUY
Generated 2 recommendations for MSFT
Yahoo Finance validation passed for YCBD
Getting recommendations for YCBD
Price target endpoint failed (403), using recommendation data
Finnhub recommendation for YCBD: BUY
Polygon recommendation for YCBD: SELL
FMP API error for YCBD: 402 Client Error: Payment Required for url: https://financialmodelingprep.com/stable/analyst-estimates?symbol=YCBD&apikey=ynOKFYxumAVxrcJAGhzuN4ZBjCtQcbR7
Enhanced Yahoo recommendation for YCBD: BUY
Generated 3 recommendations for YCBD
Yahoo Finance validation passed for PLUG
Getting recommendations for PLUG
Price target endpoint failed (403), using recommendation data
Finnhub recommendation for PLUG: HOLD
Polygon recommendation for PLUG: BUY
FMP API error for PLUG: 402 Client Error: Payment Required for url: https://financialmodelingprep.com/stable/analyst-estimates?symbol=PLUG&apikey=ynOKFYxumAVxrcJAGhzuN4ZBjCtQcbR7
Enhanced Yahoo recommendation for PLUG: HOLD
Generated 3 recommendations for PLUG
Yahoo Finance validation passed for GDEVW
Getting recommendations for GDEVW
Price target endpoint failed (403), using recommendation data
Finnhub recommendation for GDEVW: HOLD
Error fetching Polygon data for GDEVW: 429 Client Error: Too Many Requests for url: https://api.polygon.io/v2/aggs/ticker/GDEVW/range/1/day/2024-01-01/2024-12-31?apikey=MSVhtqDKV9HyMOdla5UunU2EFs53MweY&limit=50
FMP API error for GDEVW: 402 Client Error: Payment Required for url: https://financialmodelingprep.com/stable/analyst-estimates?symbol=GDEVW&apikey=ynOKFYxumAVxrcJAGhzuN4ZBjCtQcbR7
Enhanced Yahoo recommendation for GDEVW: BUY
Generated 2 recommendations for GDEVW
Yahoo Finance validation passed for PALI
Getting recommendations for PALI
Price target endpoint failed (403), using recommendation data
Finnhub recommendation for PALI: BUY
Error fetching Polygon data for PALI: 429 Client Error: Too Many Requests for url: https://api.polygon.io/v2/aggs/ticker/PALI/prev?apikey=MSVhtqDKV9HyMOdla5UunU2EFs53MweY
FMP API error for PALI: 402 Client Error: Payment Required for url: https://financialmodelingprep.com/stable/analyst-estimates?symbol=PALI&apikey=ynOKFYxumAVxrcJAGhzuN4ZBjCtQcbR7
Enhanced Yahoo recommendation for PALI: BUY
Generated 2 recommendations for PALI
Yahoo Finance validation passed for EPSM
Getting recommendations for EPSM
Price target endpoint failed (403), using recommendation data
Finnhub recommendation for EPSM: HOLD
Error fetching Polygon data for EPSM: 429 Client Error: Too Many Requests for url: https://api.polygon.io/v2/aggs/ticker/EPSM/prev?apikey=MSVhtqDKV9HyMOdla5UunU2EFs53MweY
FMP API error for EPSM: 402 Client Error: Payment Required for url: https://financialmodelingprep.com/stable/analyst-estimates?symbol=EPSM&apikey=ynOKFYxumAVxrcJAGhzuN4ZBjCtQcbR7
Enhanced Yahoo recommendation for EPSM: SELL
Generated 2 recommendations for EPSM
Yahoo Finance validation passed for MBX
Getting recommendations for MBX
Price target endpoint failed (403), using recommendation data
Finnhub recommendation for MBX: BUY
Error fetching Polygon data for MBX: 429 Client Error: Too Many Requests for url: https://api.polygon.io/v2/aggs/ticker/MBX/prev?apikey=MSVhtqDKV9HyMOdla5UunU2EFs53MweY
FMP API error for MBX: 402 Client Error: Payment Required for url: https://financialmodelingprep.com/stable/analyst-estimates?symbol=MBX&apikey=ynOKFYxumAVxrcJAGhzuN4ZBjCtQcbR7
Enhanced Yahoo recommendation for MBX: BUY
Generated 2 recommendations for MBX
Yahoo Finance validation passed for RGTI
Getting recommendations for RGTI
Price target endpoint failed (403), using recommendation data
Finnhub recommendation for RGTI: BUY
Error fetching Polygon data for RGTI: 429 Client Error: Too Many Requests for url: https://api.polygon.io/v2/aggs/ticker/RGTI/prev?apikey=MSVhtqDKV9HyMOdla5UunU2EFs53MweY
FMP API error for RGTI: 402 Client Error: Payment Required for url: https://financialmodelingprep.com/stable/analyst-estimates?symbol=RGTI&apikey=ynOKFYxumAVxrcJAGhzuN4ZBjCtQcbR7
Enhanced Yahoo recommendation for RGTI: SELL
Generated 2 recommendations for RGTI
Yahoo Finance validation passed for SOXS
Getting recommendations for SOXS
Price target endpoint failed (403), using recommendation data
Finnhub recommendation for SOXS: HOLD
Error fetching Polygon data for SOXS: 429 Client Error: Too Many Requests for url: https://api.polygon.io/v2/aggs/ticker/SOXS/prev?apikey=MSVhtqDKV9HyMOdla5UunU2EFs53MweY
FMP API error for SOXS: 402 Client Error: Payment Required for url: https://financialmodelingprep.com/stable/analyst-estimates?symbol=SOXS&apikey=ynOKFYxumAVxrcJAGhzuN4ZBjCtQcbR7
Enhanced Yahoo recommendation for SOXS: HOLD
Generated 2 recommendations for SOXS
Yahoo Finance validation passed for NFLX
Getting recommendations for NFLX
Price target endpoint failed (403), using recommendation data
Finnhub recommendation for NFLX: BUY
Polygon recommendation for NFLX: BUY
FMP API error for NFLX: 400 Client Error: Bad Request for url: https://financialmodelingprep.com/stable/analyst-estimates?symbol=NFLX&apikey=ynOKFYxumAVxrcJAGhzuN4ZBjCtQcbR7
Enhanced Yahoo recommendation for NFLX: BUY
Generated 3 recommendations for NFLX
Yahoo Finance validation passed for BA
Getting recommendations for BA
Price target endpoint failed (403), using recommendation data
Finnhub recommendation for BA: BUY
Polygon recommendation for BA: BUY
FMP API error for BA: 400 Client Error: Bad Request for url: https://financialmodelingprep.com/stable/analyst-estimates?symbol=BA&apikey=ynOKFYxumAVxrcJAGhzuN4ZBjCtQcbR7
Enhanced Yahoo recommendation for BA: BUY
Generated 3 recommendations for BA
Yahoo Finance validation passed for PXSAW
Getting recommendations for PXSAW
Price target endpoint failed (403), using recommendation data
Finnhub recommendation for PXSAW: HOLD
Error fetching Polygon data for PXSAW: 429 Client Error: Too Many Requests for url: https://api.polygon.io/v2/aggs/ticker/PXSAW/range/1/day/2024-01-01/2024-12-31?apikey=MSVhtqDKV9HyMOdla5UunU2EFs53MweY&limit=50
FMP API error for PXSAW: 402 Client Error: Payment Required for url: https://financialmodelingprep.com/stable/analyst-estimates?symbol=PXSAW&apikey=ynOKFYxumAVxrcJAGhzuN4ZBjCtQcbR7
Enhanced Yahoo recommendation for PXSAW: SELL
Generated 2 recommendations for PXSAW
Yahoo Finance validation passed for QLGN
Getting recommendations for QLGN
Price target endpoint failed (403), using recommendation data
Finnhub recommendation for QLGN: BUY
Error fetching Polygon data for QLGN: 429 Client Error: Too Many Requests for url: https://api.polygon.io/v2/aggs/ticker/QLGN/prev?apikey=MSVhtqDKV9HyMOdla5UunU2EFs53MweY
FMP API error for QLGN: 402 Client Error: Payment Required for url: https://financialmodelingprep.com/stable/analyst-estimates?symbol=QLGN&apikey=ynOKFYxumAVxrcJAGhzuN4ZBjCtQcbR7
Enhanced Yahoo recommendation for QLGN: BUY
Generated 2 recommendations for QLGN
Yahoo Finance validation passed for ILLRW
Getting recommendations for ILLRW
Price target endpoint failed (403), using recommendation data
Finnhub recommendation for ILLRW: HOLD
Error fetching Polygon data for ILLRW: 429 Client Error: Too Many Requests for url: https://api.polygon.io/v2/aggs/ticker/ILLRW/prev?apikey=MSVhtqDKV9HyMOdla5UunU2EFs53MweY
FMP API error for ILLRW: 402 Client Error: Payment Required for url: https://financialmodelingprep.com/stable/analyst-estimates?symbol=ILLRW&apikey=ynOKFYxumAVxrcJAGhzuN4ZBjCtQcbR7
Enhanced Yahoo recommendation for ILLRW: HOLD
Generated 2 recommendations for ILLRW
Yahoo Finance validation passed for AAPL
Getting recommendations for AAPL
Price target endpoint failed (403), using recommendation data
Finnhub recommendation for AAPL: BUY
Error fetching Polygon data for AAPL: 429 Client Error: Too Many Requests for url: https://api.polygon.io/v2/aggs/ticker/AAPL/prev?apikey=MSVhtqDKV9HyMOdla5UunU2EFs53MweY
FMP API error for AAPL: 400 Client Error: Bad Request for url: https://financialmodelingprep.com/stable/analyst-estimates?symbol=AAPL&apikey=ynOKFYxumAVxrcJAGhzuN4ZBjCtQcbR7
Enhanced Yahoo recommendation for AAPL: HOLD
Generated 2 recommendations for AAPL
Failed to get quote for PERF+: No price data available for PERF+
Yahoo Finance validation failed for PERF+: Failed to fetch quote for PERF+: No price data available for PERF+
Skipping PERF+ - not recognized by Yahoo Finance
Yahoo Finance validation passed for BQ
Getting recommendations for BQ
Price target endpoint failed (403), using recommendation data
Finnhub recommendation for BQ: BUY
Error fetching Polygon data for BQ: 429 Client Error: Too Many Requests for url: https://api.polygon.io/v2/aggs/ticker/BQ/prev?apikey=MSVhtqDKV9HyMOdla5UunU2EFs53MweY
FMP API error for BQ: 402 Client Error: Payment Required for url: https://financialmodelingprep.com/stable/analyst-estimates?symbol=BQ&apikey=ynOKFYxumAVxrcJAGhzuN4ZBjCtQcbR7
Enhanced Yahoo recommendation for BQ: SELL
Generated 2 recommendations for BQ
Yahoo Finance validation passed for BNAIW
Getting recommendations for BNAIW
Price target endpoint failed (403), using recommendation data
Finnhub recommendation for BNAIW: HOLD
Error fetching Polygon data for BNAIW: 429 Client Error: Too Many Requests for url: https://api.polygon.io/v2/aggs/ticker/BNAIW/prev?apikey=MSVhtqDKV9HyMOdla5UunU2EFs53MweY
FMP API error for BNAIW: 402 Client Error: Payment Required for url: https://financialmodelingprep.com/stable/analyst-estimates?symbol=BNAIW&apikey=ynOKFYxumAVxrcJAGhzuN4ZBjCtQcbR7
Enhanced Yahoo recommendation for BNAIW: SELL
Generated 2 recommendations for BNAIW
Yahoo Finance validation passed for BURU
Getting recommendations for BURU
Price target endpoint failed (403), using recommendation data
Finnhub recommendation for BURU: HOLD
Error fetching Polygon data for BURU: 429 Client Error: Too Many Requests for url: https://api.polygon.io/v2/aggs/ticker/BURU/prev?apikey=MSVhtqDKV9HyMOdla5UunU2EFs53MweY
FMP API error for BURU: 402 Client Error: Payment Required for url: https://financialmodelingprep.com/stable/analyst-estimates?symbol=BURU&apikey=ynOKFYxumAVxrcJAGhzuN4ZBjCtQcbR7
Enhanced Yahoo recommendation for BURU: BUY
Generated 2 recommendations for BURU
Yahoo Finance validation passed for DFLI
Getting recommendations for DFLI
Price target endpoint failed (403), using recommendation data
Finnhub recommendation for DFLI: BUY
Polygon recommendation for DFLI: SELL
FMP API error for DFLI: 402 Client Error: Payment Required for url: https://financialmodelingprep.com/stable/analyst-estimates?symbol=DFLI&apikey=ynOKFYxumAVxrcJAGhzuN4ZBjCtQcbR7
Enhanced Yahoo recommendation for DFLI: BUY
Generated 3 recommendations for DFLI
Yahoo Finance validation passed for CHR
Getting recommendations for CHR
Price target endpoint failed (403), using recommendation data
Finnhub recommendation for CHR: STRONG_BUY
Polygon recommendation for CHR: SELL
FMP API error for CHR: 402 Client Error: Payment Required for url: https://financialmodelingprep.com/stable/analyst-estimates?symbol=CHR&apikey=ynOKFYxumAVxrcJAGhzuN4ZBjCtQcbR7
Enhanced Yahoo recommendation for CHR: HOLD
Generated 3 recommendations for CHR
Yahoo Finance validation passed for AGRI
Getting recommendations for AGRI
Price target endpoint failed (403), using recommendation data
Finnhub recommendation for AGRI: BUY
Error fetching Polygon data for AGRI: 429 Client Error: Too Many Requests for url: https://api.polygon.io/v2/aggs/ticker/AGRI/range/1/day/2024-01-01/2024-12-31?apikey=MSVhtqDKV9HyMOdla5UunU2EFs53MweY&limit=50
FMP API error for AGRI: 402 Client Error: Payment Required for url: https://financialmodelingprep.com/stable/analyst-estimates?symbol=AGRI&apikey=ynOKFYxumAVxrcJAGhzuN4ZBjCtQcbR7
Enhanced Yahoo recommendation for AGRI: BUY
Generated 2 recommendations for AGRI
Yahoo Finance validation passed for NVO
Getting recommendations for NVO
Price target endpoint failed (403), using recommendation data
Finnhub recommendation for NVO: BUY
Error fetching Polygon data for NVO: 429 Client Error: Too Many Requests for url: https://api.polygon.io/v2/aggs/ticker/NVO/prev?apikey=MSVhtqDKV9HyMOdla5UunU2EFs53MweY
FMP API error for NVO: 402 Client Error: Payment Required for url: https://financialmodelingprep.com/stable/analyst-estimates?symbol=NVO&apikey=ynOKFYxumAVxrcJAGhzuN4ZBjCtQcbR7
Enhanced Yahoo recommendation for NVO: STRONG_BUY
Generated 2 recommendations for NVO
Yahoo Finance validation passed for TSLL
Getting recommendations for TSLL
Price target endpoint failed (403), using recommendation data
Finnhub recommendation for TSLL: HOLD
Error fetching Polygon data for TSLL: 429 Client Error: Too Many Requests for url: https://api.polygon.io/v2/aggs/ticker/TSLL/prev?apikey=MSVhtqDKV9HyMOdla5UunU2EFs53MweY
FMP API error for TSLL: 402 Client Error: Payment Required for url: https://financialmodelingprep.com/stable/analyst-estimates?symbol=TSLL&apikey=ynOKFYxumAVxrcJAGhzuN4ZBjCtQcbR7
Enhanced Yahoo recommendation for TSLL: HOLD
Generated 2 recommendations for TSLL
Yahoo Finance validation passed for NVDA
Getting recommendations for NVDA
Price target endpoint failed (403), using recommendation data
Finnhub recommendation for NVDA: BUY
Error fetching Polygon data for NVDA: 429 Client Error: Too Many Requests for url: https://api.polygon.io/v2/aggs/ticker/NVDA/prev?apikey=MSVhtqDKV9HyMOdla5UunU2EFs53MweY
FMP API error for NVDA: 400 Client Error: Bad Request for url: https://financialmodelingprep.com/stable/analyst-estimates?symbol=NVDA&apikey=ynOKFYxumAVxrcJAGhzuN4ZBjCtQcbR7
Enhanced Yahoo recommendation for NVDA: STRONG_BUY
Generated 2 recommendations for NVDA
Yahoo Finance validation passed for BNAI
Getting recommendations for BNAI
Price target endpoint failed (403), using recommendation data
Finnhub recommendation for BNAI: BUY
Error fetching Polygon data for BNAI: 429 Client Error: Too Many Requests for url: https://api.polygon.io/v2/aggs/ticker/BNAI/prev?apikey=MSVhtqDKV9HyMOdla5UunU2EFs53MweY
FMP API error for BNAI: 402 Client Error: Payment Required for url: https://financialmodelingprep.com/stable/analyst-estimates?symbol=BNAI&apikey=ynOKFYxumAVxrcJAGhzuN4ZBjCtQcbR7
Enhanced Yahoo recommendation for BNAI: HOLD
Generated 2 recommendations for BNAI
Yahoo Finance validation passed for GIPRW
Getting recommendations for GIPRW
Price target endpoint failed (403), using recommendation data
Finnhub recommendation for GIPRW: HOLD
Error fetching Polygon data for GIPRW: 429 Client Error: Too Many Requests for url: https://api.polygon.io/v2/aggs/ticker/GIPRW/prev?apikey=MSVhtqDKV9HyMOdla5UunU2EFs53MweY
FMP API error for GIPRW: 402 Client Error: Payment Required for url: https://financialmodelingprep.com/stable/analyst-estimates?symbol=GIPRW&apikey=ynOKFYxumAVxrcJAGhzuN4ZBjCtQcbR7
Enhanced Yahoo recommendation for GIPRW: SELL
Generated 2 recommendations for GIPRW
Yahoo Finance validation passed for GPUS
Getting recommendations for GPUS
Price target endpoint failed (403), using recommendation data
Finnhub recommendation for GPUS: BUY
Polygon recommendation for GPUS: SELL
FMP API error for GPUS: 402 Client Error: Payment Required for url: https://financialmodelingprep.com/stable/analyst-estimates?symbol=GPUS&apikey=ynOKFYxumAVxrcJAGhzuN4ZBjCtQcbR7
Enhanced Yahoo recommendation for GPUS: HOLD
Generated 3 recommendations for GPUS
Analyzing user user4 with existing recommendations
Found 15 market screening candidates: ['ILLRW', 'EPSM', 'PERF+', 'DFLI', 'OPEN', 'ASNS', 'SOXS', 'TSLL', 'RKT', 'BNAIW', 'BNAI', 'GIPRW', 'BURU', 'PXSAW', 'PLUG']
Found 15 high-confidence BUY candidates: ['GPUS', 'BNAI', 'NVDA', 'NVO', 'AGRI', 'AGRI', 'DFLI', 'DFLI', 'BURU', 'BQ', 'AAPL', 'QLGN', 'QLGN', 'BA', 'BA']
Fetching real-time prices for 35 stocks
Real-time price for DVLT: $1.34
Real-time price for OPEN: $8.11
Real-time price for AGMH: $7.8
Real-time price for GOOGL: $245.35
Real-time price for ASNS: $0.6247
Real-time price for RKT: $17.8
Real-time price for APLT: $1.0
Real-time price for PSTV: $0.7312
Real-time price for DIS: $112.47
Real-time price for YCBD: $1.16
Real-time price for PLUG: $3.8001
Real-time price for MSFT: $517.35
Real-time price for PALI: $1.6
Real-time price for EPSM: $26.93
Real-time price for MBX: $16.69
Real-time price for RGTI: $40.06
Real-time price for SOXS: $4.69
Real-time price for NFLX: $1153.32
Real-time price for BA: $216.3
Real-time price for PXSAW: $0.04
Real-time price for QLGN: $5.23
Real-time price for ILLRW: $0.0527
Real-time price for AAPL: $258.02
Real-time price for BQ: $15.35
Real-time price for BNAIW: $0.1155
Real-time price for BURU: $0.2231
Real-time price for DFLI: $1.89
Real-time price for CHR: $0.1609
Real-time price for AGRI: $4.05
Real-time price for NVDA: $187.62
Real-time price for TSLL: $19.63
Real-time price for NVO: $59.63
Real-time price for BNAI: $0.6015
Real-time price for GIPRW: $0.0981
Real-time price for GPUS: $0.54
Successfully fetched 35 real-time prices
Penny stocks allowed for user4 - including GPUS (price: $0.50, market cap: $33477998)
Penny stocks allowed for user4 - including BNAI (price: $0.60, market cap: $25858124)
Penny stocks allowed for user4 - including NVDA (price: $188.90, market cap: $4329385492000)
Penny stocks allowed for user4 - including NVO (price: $58.50, market cap: $272718020608)
Penny stocks allowed for user4 - including AGRI (price: $4.06, market cap: $7503996)
Penny stocks allowed for user4 - including CHR (price: $0.16, market cap: $1872163)
Penny stocks allowed for user4 - including DFLI (price: $0.70, market cap: $32321926)
Penny stocks allowed for user4 - including BURU (price: $0.18, market cap: $19671830)
Penny stocks allowed for user4 - including BQ (price: $11.07, market cap: $27281748)
Penny stocks allowed for user4 - including AAPL (price: $255.84, market cap: $3512722522000)
Penny stocks allowed for user4 - including QLGN (price: $5.95, market cap: $9375839)
Penny stocks allowed for user4 - including BA (price: $216.93, market cap: $162589032448)
Penny stocks allowed for user4 - including NFLX (price: $1143.54, market cap: $510128324608)
Penny stocks allowed for user4 - including RGTI (price: $35.40, market cap: $11475447808)
Penny stocks allowed for user4 - including MBX (price: $18.16, market cap: $671877248)
Penny stocks allowed for user4 - including PALI (price: $1.42, market cap: $13861111)
Penny stocks allowed for user4 - including YCBD (price: $1.27, market cap: $12299883)
Penny stocks allowed for user4 - including MSFT (price: $517.14, market cap: $3830758244000)
Penny stocks allowed for user4 - including DIS (price: $112.33, market cap: $207175925760)
Penny stocks allowed for user4 - including PSTV (price: $0.69, market cap: $82498744)
Penny stocks allowed for user4 - including APLT (price: $0.74, market cap: $178575040)
Penny stocks allowed for user4 - including ASNS (price: $0.62, market cap: $9234634)
Penny stocks allowed for user4 - including GOOGL (price: $245.36, market cap: $2915379970000)
Penny stocks allowed for user4 - including OPEN (price: $8.06, market cap: $6218962432)
Penny stocks allowed for user4 - including AGMH (price: $8.46, market cap: $20412814)
Penny stocks allowed for user4 - including DVLT (price: $1.52, market cap: $187308592)
No sell candidates found
Checking profit-taking opportunities (threshold: 10.00%, volatility: 20.00%)
MSFT: Recent gain: 0.0%, Volatility: 20.0%
✗ MSFT: Gain 0.0% or volatility 20.0% below thresholds
NFLX: Recent gain: 0.0%, Volatility: 20.0%
✗ NFLX: Gain 0.0% or volatility 20.0% below thresholds
YCBD: Recent gain: 5.0%, Volatility: 30.0%
✗ YCBD: Gain 5.0% or volatility 30.0% below thresholds
MBX: Recent gain: 3.8%, Volatility: 30.0%
✗ MBX: Gain 3.8% or volatility 30.0% below thresholds
PSTV: Recent gain: 1.5%, Volatility: 30.0%
✗ PSTV: Gain 1.5% or volatility 30.0% below thresholds
PALI: Recent gain: 0.0%, Volatility: 30.0%
✗ PALI: Gain 0.0% or volatility 30.0% below thresholds
DVLT: Recent gain: 0.0%, Volatility: 30.0%
✗ DVLT: Gain 0.0% or volatility 30.0% below thresholds
DFLI: Recent gain: 0.0%, Volatility: 30.0%
✗ DFLI: Gain 0.0% or volatility 30.0% below thresholds
RGTI: Recent gain: 0.0%, Volatility: 20.0%
✗ RGTI: Gain 0.0% or volatility 20.0% below thresholds
APLT: Recent gain: 0.0%, Volatility: 30.0%
✗ APLT: Gain 0.0% or volatility 30.0% below thresholds
QLGN: Recent gain: 0.0%, Volatility: 30.0%
✗ QLGN: Gain 0.0% or volatility 30.0% below thresholds
BA: Recent gain: 0.0%, Volatility: 20.0%
✗ BA: Gain 0.0% or volatility 20.0% below thresholds
DIS: Recent gain: 0.0%, Volatility: 20.0%
✗ DIS: Gain 0.0% or volatility 20.0% below thresholds
GOOGL: Recent gain: 0.0%, Volatility: 20.0%
✗ GOOGL: Gain 0.0% or volatility 20.0% below thresholds
AGMH: Recent gain: 0.0%, Volatility: 30.0%
✗ AGMH: Gain 0.0% or volatility 30.0% below thresholds
AAPL: Recent gain: 0.0%, Volatility: 20.0%
✗ AAPL: Gain 0.0% or volatility 20.0% below thresholds
BQ: Recent gain: 0.0%, Volatility: 30.0%
✗ BQ: Gain 0.0% or volatility 30.0% below thresholds
CHR: Recent gain: 0.0%, Volatility: 30.0%
✗ CHR: Gain 0.0% or volatility 30.0% below thresholds
BNAI: Recent gain: 0.0%, Volatility: 30.0%
✗ BNAI: Gain 0.0% or volatility 30.0% below thresholds
ASNS: Recent gain: 0.0%, Volatility: 30.0%
✗ ASNS: Gain 0.0% or volatility 30.0% below thresholds
Profit-taking analysis completed: 0 opportunities found
Smart Analysis completed for user: user4. Generated 4 recommendations
Batch analysis completed for 1 users
Starting batch Smart Analysis for 3 users
Successfully retrieved market movers from Alpha Vantage
Found 15 market screening candidates: ['CHR', 'ASNS', 'PERF+', 'BNAIW', 'RKT', 'SOXS', 'PLUG', 'TSLL', 'BURU', 'OPEN', 'ILLRW', 'BNAI', 'EPSM', 'PXSAW', 'SMXWW']
Found 15 high-confidence BUY candidates: ['GPUS', 'BNAI', 'NVDA', 'NVO', 'AGRI', 'AGRI', 'DFLI', 'DFLI', 'BURU', 'BQ', 'AAPL', 'QLGN', 'QLGN', 'BA', 'BA']
Found 15 market screening candidates: ['CHR', 'ASNS', 'PERF+', 'BNAIW', 'RKT', 'SOXS', 'PLUG', 'TSLL', 'BURU', 'OPEN', 'ILLRW', 'BNAI', 'EPSM', 'PXSAW', 'SMXWW']
Found 15 high-confidence BUY candidates: ['GPUS', 'BNAI', 'NVDA', 'NVO', 'AGRI', 'AGRI', 'DFLI', 'DFLI', 'BURU', 'BQ', 'AAPL', 'QLGN', 'QLGN', 'BA', 'BA']
Found 15 market screening candidates: ['CHR', 'ASNS', 'PERF+', 'BNAIW', 'RKT', 'SOXS', 'PLUG', 'TSLL', 'BURU', 'OPEN', 'ILLRW', 'BNAI', 'EPSM', 'PXSAW', 'SMXWW']
Found 15 high-confidence BUY candidates: ['GPUS', 'BNAI', 'NVDA', 'NVO', 'AGRI', 'AGRI', 'DFLI', 'DFLI', 'BURU', 'BQ', 'AAPL', 'QLGN', 'QLGN', 'BA', 'BA']
Found 41 unique stocks to analyze across all users
Batch analyzing 41 unique stocks
Skipping RKT - recent recommendations exist
Skipping SOXS - recent recommendations exist
Skipping BNAI - recent recommendations exist
Skipping NFLX - recent recommendations exist
Skipping GDEVW - recent recommendations exist
Skipping NVO - recent recommendations exist
Skipping DFLI - recent recommendations exist
Skipping YCBD - recent recommendations exist
Skipping MSFT - recent recommendations exist
Skipping DIS - recent recommendations exist
Skipping BNAIW - recent recommendations exist
Skipping QLGN - recent recommendations exist
Skipping BURU - recent recommendations exist
Skipping ILLRW - recent recommendations exist
Skipping EPSM - recent recommendations exist
Skipping BA - recent recommendations exist
Skipping GPUS - recent recommendations exist
Skipping AGRI - recent recommendations exist
Yahoo Finance validation passed for ONMDW
Getting recommendations for ONMDW
Price target endpoint failed (403), using recommendation data
Finnhub recommendation for ONMDW: HOLD
Polygon recommendation for ONMDW: BUY
FMP API error for ONMDW: 402 Client Error: Payment Required for url: https://financialmodelingprep.com/stable/analyst-estimates?symbol=ONMDW&apikey=ynOKFYxumAVxrcJAGhzuN4ZBjCtQcbR7
Enhanced Yahoo recommendation for ONMDW: SELL
Generated 3 recommendations for ONMDW
Failed to get quote for PERF+: No price data available for PERF+
Yahoo Finance validation failed for PERF+: Failed to fetch quote for PERF+: No price data available for PERF+
Skipping PERF+ - not recognized by Yahoo Finance
Skipping MBX - recent recommendations exist
Skipping RGTI - recent recommendations exist
Skipping PALI - recent recommendations exist
Skipping AAPL - recent recommendations exist
Skipping AGMH - recent recommendations exist
Skipping APLT - recent recommendations exist
Skipping OPEN - recent recommendations exist
Yahoo Finance validation passed for ATCH
Getting recommendations for ATCH
Price target endpoint failed (403), using recommendation data
Finnhub recommendation for ATCH: HOLD
Polygon recommendation for ATCH: SELL
FMP API error for ATCH: 402 Client Error: Payment Required for url: https://financialmodelingprep.com/stable/analyst-estimates?symbol=ATCH&apikey=ynOKFYxumAVxrcJAGhzuN4ZBjCtQcbR7
Enhanced Yahoo recommendation for ATCH: HOLD
Generated 3 recommendations for ATCH
Skipping NVDA - recent recommendations exist
Skipping GOOGL - recent recommendations exist
Skipping CHR - recent recommendations exist
Skipping DVLT - recent recommendations exist
Skipping ASNS - recent recommendations exist
Yahoo Finance validation passed for MRM
Getting recommendations for MRM
Price target endpoint failed (403), using recommendation data
Finnhub recommendation for MRM: HOLD
Error fetching Polygon data for MRM: 429 Client Error: Too Many Requests for url: https://api.polygon.io/v2/aggs/ticker/MRM/range/1/day/2024-01-01/2024-12-31?apikey=MSVhtqDKV9HyMOdla5UunU2EFs53MweY&limit=50
FMP API error for MRM: 402 Client Error: Payment Required for url: https://financialmodelingprep.com/stable/analyst-estimates?symbol=MRM&apikey=ynOKFYxumAVxrcJAGhzuN4ZBjCtQcbR7
Enhanced Yahoo recommendation for MRM: STRONG_BUY
Generated 2 recommendations for MRM
Skipping PSTV - recent recommendations exist
Skipping AQMS - recent recommendations exist
Skipping BQ - recent recommendations exist
Skipping PXSAW - recent recommendations exist
Yahoo Finance validation passed for SMXWW
Getting recommendations for SMXWW
Price target endpoint failed (403), using recommendation data
Finnhub recommendation for SMXWW: HOLD
Error fetching Polygon data for SMXWW: 429 Client Error: Too Many Requests for url: https://api.polygon.io/v2/aggs/ticker/SMXWW/prev?apikey=MSVhtqDKV9HyMOdla5UunU2EFs53MweY
FMP API error for SMXWW: 402 Client Error: Payment Required for url: https://financialmodelingprep.com/stable/analyst-estimates?symbol=SMXWW&apikey=ynOKFYxumAVxrcJAGhzuN4ZBjCtQcbR7
Enhanced Yahoo recommendation for SMXWW: SELL
Generated 2 recommendations for SMXWW
Skipping TSLL - recent recommendations exist
Skipping PLUG - recent recommendations exist
Analyzing user user1 with existing recommendations
Found 15 market screening candidates: ['CHR', 'ASNS', 'PERF+', 'BNAIW', 'RKT', 'SOXS', 'PLUG', 'TSLL', 'BURU', 'OPEN', 'ILLRW', 'BNAI', 'EPSM', 'PXSAW', 'SMXWW']
Found 15 high-confidence BUY candidates: ['GPUS', 'BNAI', 'NVDA', 'NVO', 'AGRI', 'AGRI', 'DFLI', 'DFLI', 'BURU', 'BQ', 'AAPL', 'QLGN', 'QLGN', 'BA', 'BA']
Fetching real-time prices for 39 stocks
Real-time price for RKT: $17.8
Real-time price for SOXS: $4.69
Real-time price for BNAI: $0.6015
Real-time price for NFLX: $1153.32
Real-time price for GDEVW: $0.044
Real-time price for NVO: $59.63
Real-time price for DFLI: $1.89
Real-time price for YCBD: $1.16
Real-time price for MSFT: $517.35
Real-time price for DIS: $112.47
Real-time price for BNAIW: $0.1155
Real-time price for QLGN: $5.23
Real-time price for BURU: $0.2231
Real-time price for ILLRW: $0.0527
Real-time price for EPSM: $26.93
Real-time price for BA: $216.3
Real-time price for AGRI: $4.05
Real-time price for GPUS: $0.54
Real-time price for ONMDW: $0.06
Real-time price for MBX: $16.69
Real-time price for PALI: $1.6
Real-time price for AAPL: $258.02
Real-time price for AGMH: $7.8
Real-time price for APLT: $1.0
Real-time price for OPEN: $8.11
Real-time price for ATCH: $0.4402
Real-time price for NVDA: $187.62
Real-time price for GOOGL: $245.35
Real-time price for CHR: $0.1609
Real-time price for ASNS: $0.6247
Real-time price for DVLT: $1.34
Real-time price for MRM: $2.05
Real-time price for PSTV: $0.7312
Real-time price for AQMS: $6.99
Real-time price for BQ: $15.35
Real-time price for PXSAW: $0.04
Real-time price for SMXWW: $0.039
Real-time price for TSLL: $19.63
Real-time price for PLUG: $3.8001
Successfully fetched 39 real-time prices
Evaluating 5 sell candidates with SellWeight=5 (portfolio=5, risk_profile=5)
MRM: HOLD confidence=0.70, adjusted=0.18 (SellWeight=5)
✗ MRM: Adjusted confidence 0.18 below threshold 0.30
GDEVW: HOLD confidence=0.62, adjusted=0.16 (SellWeight=5)
✗ GDEVW: Adjusted confidence 0.16 below threshold 0.30
ONMDW: HOLD confidence=0.60, adjusted=0.15 (SellWeight=5)
✗ ONMDW: Adjusted confidence 0.15 below threshold 0.30
OPEN: SELL confidence=0.63, adjusted=0.32 (SellWeight=5)
✓ SELL recommendation for OPEN: 24 shares (31.5%) - $194.64
ATCH: HOLD confidence=0.53, adjusted=0.13 (SellWeight=5)
✗ ATCH: Adjusted confidence 0.13 below threshold 0.30
Sell algorithm completed: 1 sell recommendations generated
Checking profit-taking opportunities (threshold: 10.00%, volatility: 20.00%)
GOOGL: Recent gain: 0.0%, Volatility: 20.0%
✗ GOOGL: Gain 0.0% or volatility 20.0% below thresholds
MSFT: Recent gain: 0.0%, Volatility: 20.0%
✗ MSFT: Gain 0.0% or volatility 20.0% below thresholds
NVDA: Recent gain: 6.9%, Volatility: 20.0%
✗ NVDA: Gain 6.9% or volatility 20.0% below thresholds
AGMH: Recent gain: 0.0%, Volatility: 30.0%
✗ AGMH: Gain 0.0% or volatility 30.0% below thresholds
DIS: Recent gain: 0.0%, Volatility: 20.0%
✗ DIS: Gain 0.0% or volatility 20.0% below thresholds
BA: Recent gain: 0.6%, Volatility: 20.0%
✗ BA: Gain 0.6% or volatility 20.0% below thresholds
NFLX: Recent gain: 0.0%, Volatility: 20.0%
✗ NFLX: Gain 0.0% or volatility 20.0% below thresholds
AAPL: Recent gain: 1.3%, Volatility: 20.0%
✗ AAPL: Gain 1.3% or volatility 20.0% below thresholds
QLGN: Recent gain: 7.6%, Volatility: 30.0%
✗ QLGN: Gain 7.6% or volatility 30.0% below thresholds
AGRI: Recent gain: 0.0%, Volatility: 30.0%
✗ AGRI: Gain 0.0% or volatility 30.0% below thresholds
NVO: Recent gain: 0.0%, Volatility: 20.0%
✗ NVO: Gain 0.0% or volatility 20.0% below thresholds
MBX: Recent gain: 0.0%, Volatility: 30.0%
✗ MBX: Gain 0.0% or volatility 30.0% below thresholds
GDEVW: Recent gain: 0.0%, Volatility: 25.0%
✗ GDEVW: Gain 0.0% or volatility 25.0% below thresholds
ONMDW: Recent gain: 66.7%, Volatility: 25.0%
✓ Profit-taking opportunity for ONMDW: 47953 shares (50.0%) - $2397.65
OPEN: Recent gain: 0.0%, Volatility: 25.0%
✗ OPEN: Gain 0.0% or volatility 25.0% below thresholds
ATCH: Recent gain: 30.0%, Volatility: 30.0%
✓ Profit-taking opportunity for ATCH: 1405 shares (50.0%) - $730.60
MRM: Recent gain: 0.0%, Volatility: 30.0%
✗ MRM: Gain 0.0% or volatility 30.0% below thresholds
DFLI: Recent gain: 34.6%, Volatility: 30.0%
✓ Profit-taking opportunity for DFLI: 179 shares (50.0%) - $125.30
APLT: Recent gain: 0.0%, Volatility: 30.0%
✗ APLT: Gain 0.0% or volatility 30.0% below thresholds
DVLT: Recent gain: 39.4%, Volatility: 30.0%
✓ Profit-taking opportunity for DVLT: 84 shares (50.0%) - $127.68
GPUS: Recent gain: 8.7%, Volatility: 30.0%
✗ GPUS: Gain 8.7% or volatility 30.0% below thresholds
AQMS: Recent gain: 1.4%, Volatility: 30.0%
✗ AQMS: Gain 1.4% or volatility 30.0% below thresholds
PSTV: Recent gain: 0.0%, Volatility: 30.0%
✗ PSTV: Gain 0.0% or volatility 30.0% below thresholds
YCBD: Recent gain: 0.0%, Volatility: 30.0%
✗ YCBD: Gain 0.0% or volatility 30.0% below thresholds
BQ: Recent gain: 13.5%, Volatility: 30.0%
✓ Profit-taking opportunity for BQ: 4 shares (33.8%) - $44.28
PALI: Recent gain: 0.0%, Volatility: 30.0%
✗ PALI: Gain 0.0% or volatility 30.0% below thresholds
CHR: Recent gain: 0.0%, Volatility: 30.0%
✗ CHR: Gain 0.0% or volatility 30.0% below thresholds
BNAI: Recent gain: 0.0%, Volatility: 30.0%
✗ BNAI: Gain 0.0% or volatility 30.0% below thresholds
ASNS: Recent gain: 0.0%, Volatility: 30.0%
✗ ASNS: Gain 0.0% or volatility 30.0% below thresholds
Profit-taking analysis completed: 5 opportunities found
Smart Analysis completed for user: user1. Generated 6 recommendations
Analyzing user user2 with existing recommendations
Found 15 market screening candidates: ['CHR', 'ASNS', 'PERF+', 'BNAIW', 'RKT', 'SOXS', 'PLUG', 'TSLL', 'BURU', 'OPEN', 'ILLRW', 'BNAI', 'EPSM', 'PXSAW', 'SMXWW']
Found 15 high-confidence BUY candidates: ['GPUS', 'BNAI', 'NVDA', 'NVO', 'AGRI', 'AGRI', 'DFLI', 'DFLI', 'BURU', 'BQ', 'AAPL', 'QLGN', 'QLGN', 'BA', 'BA']
Fetching real-time prices for 29 stocks
Real-time price for RKT: $17.8
Real-time price for SOXS: $4.69
Real-time price for BNAI: $0.6015
Real-time price for NFLX: $1153.32
Real-time price for NVO: $59.63
Real-time price for DFLI: $1.89
Real-time price for MSFT: $517.35
Real-time price for DIS: $112.47
Real-time price for BNAIW: $0.1155
Real-time price for QLGN: $5.23
Real-time price for BURU: $0.2231
Real-time price for ILLRW: $0.0527
Real-time price for EPSM: $26.93
Real-time price for BA: $216.3
Real-time price for AGRI: $4.05
Real-time price for GPUS: $0.54
Real-time price for MBX: $16.69
Real-time price for AAPL: $258.02
Real-time price for PLUG: $3.8001
Real-time price for OPEN: $8.11
Real-time price for NVDA: $187.62
Real-time price for GOOGL: $245.35
Real-time price for CHR: $0.1609
Real-time price for ASNS: $0.6247
Real-time price for BQ: $15.35
Real-time price for PXSAW: $0.04
Real-time price for SMXWW: $0.039
Real-time price for TSLL: $19.63
Real-time price for RGTI: $40.06
Successfully fetched 29 real-time prices
Filtering out penny stock: AGRI (price: $4.06, min: $5.00)
Filtering out penny stock: DFLI (price: $0.70, min: $5.00)
Filtering out micro-cap stock: BQ (market cap: $27,281,748, min: $1,000,000,000)
Filtering out micro-cap stock: QLGN (market cap: $9,375,839, min: $1,000,000,000)
Filtering out micro-cap stock: MBX (market cap: $671,877,248, min: $1,000,000,000)
No sell candidates found
Checking profit-taking opportunities (threshold: 10.00%, volatility: 20.00%)
AAPL: Recent gain: 0.6%, Volatility: 20.0%
✗ AAPL: Gain 0.6% or volatility 20.0% below thresholds
MBX: Recent gain: 0.0%, Volatility: 30.0%
✗ MBX: Gain 0.0% or volatility 30.0% below thresholds
GOOGL: Recent gain: 0.0%, Volatility: 20.0%
✗ GOOGL: Gain 0.0% or volatility 20.0% below thresholds
NVDA: Recent gain: 4.6%, Volatility: 20.0%
✗ NVDA: Gain 4.6% or volatility 20.0% below thresholds
BA: Recent gain: 0.1%, Volatility: 20.0%
✗ BA: Gain 0.1% or volatility 20.0% below thresholds
DIS: Recent gain: 0.0%, Volatility: 20.0%
✗ DIS: Gain 0.0% or volatility 20.0% below thresholds
NFLX: Recent gain: 0.0%, Volatility: 20.0%
✗ NFLX: Gain 0.0% or volatility 20.0% below thresholds
MSFT: Recent gain: 1.1%, Volatility: 20.0%
✗ MSFT: Gain 1.1% or volatility 20.0% below thresholds
RGTI: Recent gain: 0.0%, Volatility: 20.0%
✗ RGTI: Gain 0.0% or volatility 20.0% below thresholds
NVO: Recent gain: 0.0%, Volatility: 20.0%
✗ NVO: Gain 0.0% or volatility 20.0% below thresholds
Profit-taking analysis completed: 0 opportunities found
Smart Analysis completed for user: user2. Generated 0 recommendations
Analyzing user user3 with existing recommendations
Found 15 market screening candidates: ['CHR', 'ASNS', 'PERF+', 'BNAIW', 'RKT', 'SOXS', 'PLUG', 'TSLL', 'BURU', 'OPEN', 'ILLRW', 'BNAI', 'EPSM', 'PXSAW', 'SMXWW']
Found 15 high-confidence BUY candidates: ['GPUS', 'BNAI', 'NVDA', 'NVO', 'AGRI', 'AGRI', 'DFLI', 'DFLI', 'BURU', 'BQ', 'AAPL', 'QLGN', 'QLGN', 'BA', 'BA']
Fetching real-time prices for 36 stocks
Real-time price for RKT: $17.8
Real-time price for SOXS: $4.69
Real-time price for BNAI: $0.6015
Real-time price for NFLX: $1153.32
Real-time price for NVO: $59.63
Real-time price for DFLI: $1.89
Real-time price for YCBD: $1.16
Real-time price for MSFT: $517.35
Real-time price for DIS: $112.47
Real-time price for BNAIW: $0.1155
Real-time price for QLGN: $5.23
Real-time price for BURU: $0.2231
Real-time price for ILLRW: $0.0527
Real-time price for EPSM: $26.93
Real-time price for BA: $216.3
Real-time price for AGRI: $4.05
Real-time price for GPUS: $0.54
Real-time price for MBX: $16.69
Real-time price for PALI: $1.6
Real-time price for AAPL: $258.02
Real-time price for PLUG: $3.8001
Real-time price for AGMH: $7.8
Real-time price for APLT: $1.0
Real-time price for OPEN: $8.11
Real-time price for NVDA: $187.62
Real-time price for GOOGL: $245.35
Real-time price for CHR: $0.1609
Real-time price for ASNS: $0.6247
Real-time price for DVLT: $1.34
Real-time price for PSTV: $0.7312
Real-time price for AQMS: $6.99
Real-time price for BQ: $15.35
Real-time price for PXSAW: $0.04
Real-time price for SMXWW: $0.039
Real-time price for TSLL: $19.63
Real-time price for RGTI: $40.06
Successfully fetched 36 real-time prices
Penny stocks allowed for user3 - including GPUS (price: $0.50, market cap: $33477998)
Penny stocks allowed for user3 - including BNAI (price: $0.60, market cap: $25858124)
Penny stocks allowed for user3 - including NVDA (price: $188.90, market cap: $4329385492000)
Penny stocks allowed for user3 - including NVO (price: $58.50, market cap: $272718020608)
Penny stocks allowed for user3 - including AGRI (price: $4.06, market cap: $7503996)
Penny stocks allowed for user3 - including CHR (price: $0.16, market cap: $1872163)
Penny stocks allowed for user3 - including DFLI (price: $0.70, market cap: $32321926)
Penny stocks allowed for user3 - including BURU (price: $0.18, market cap: $19671830)
Penny stocks allowed for user3 - including BQ (price: $11.07, market cap: $27281748)
Penny stocks allowed for user3 - including AAPL (price: $255.84, market cap: $3512722522000)
Penny stocks allowed for user3 - including QLGN (price: $5.95, market cap: $9375839)
Penny stocks allowed for user3 - including BA (price: $216.93, market cap: $162589032448)
Penny stocks allowed for user3 - including NFLX (price: $1143.54, market cap: $510128324608)
Penny stocks allowed for user3 - including RGTI (price: $35.40, market cap: $11475447808)
Penny stocks allowed for user3 - including MBX (price: $18.16, market cap: $671877248)
Penny stocks allowed for user3 - including PALI (price: $1.42, market cap: $13861111)
Penny stocks allowed for user3 - including YCBD (price: $1.27, market cap: $12299883)
Penny stocks allowed for user3 - including MSFT (price: $517.14, market cap: $3830758244000)
Penny stocks allowed for user3 - including AQMS (price: $7.40, market cap: $10263837)
Penny stocks allowed for user3 - including DIS (price: $112.33, market cap: $207175925760)
Penny stocks allowed for user3 - including PSTV (price: $0.69, market cap: $82498744)
Penny stocks allowed for user3 - including APLT (price: $0.74, market cap: $178575040)
Penny stocks allowed for user3 - including ASNS (price: $0.62, market cap: $9234634)
Penny stocks allowed for user3 - including GOOGL (price: $245.36, market cap: $2915379970000)
Penny stocks allowed for user3 - including OPEN (price: $8.06, market cap: $6218962432)
Penny stocks allowed for user3 - including AGMH (price: $8.46, market cap: $20412814)
Penny stocks allowed for user3 - including DVLT (price: $1.52, market cap: $187308592)
No sell candidates found
Checking profit-taking opportunities (threshold: 10.00%, volatility: 20.00%)
NVDA: Recent gain: 3.9%, Volatility: 20.0%
✗ NVDA: Gain 3.9% or volatility 20.0% below thresholds
QLGN: Recent gain: 10.6%, Volatility: 30.0%
✓ Profit-taking opportunity for QLGN: 255 shares (26.5%) - $1517.25
APLT: Recent gain: 21.3%, Volatility: 30.0%
✓ Profit-taking opportunity for APLT: 4258 shares (50.0%) - $3150.92
YCBD: Recent gain: 0.0%, Volatility: 30.0%
✗ YCBD: Gain 0.0% or volatility 30.0% below thresholds
PSTV: Recent gain: 0.0%, Volatility: 30.0%
✗ PSTV: Gain 0.0% or volatility 30.0% below thresholds
DFLI: Recent gain: 6.1%, Volatility: 30.0%
✗ DFLI: Gain 6.1% or volatility 30.0% below thresholds
AQMS: Recent gain: 4.8%, Volatility: 30.0%
✗ AQMS: Gain 4.8% or volatility 30.0% below thresholds
BQ: Recent gain: 13.5%, Volatility: 30.0%
✓ Profit-taking opportunity for BQ: 121 shares (33.8%) - $1339.47
MSFT: Recent gain: 0.5%, Volatility: 20.0%
✗ MSFT: Gain 0.5% or volatility 20.0% below thresholds
GOOGL: Recent gain: 0.5%, Volatility: 20.0%
✗ GOOGL: Gain 0.5% or volatility 20.0% below thresholds
BA: Recent gain: 0.0%, Volatility: 20.0%
✗ BA: Gain 0.0% or volatility 20.0% below thresholds
NFLX: Recent gain: 0.0%, Volatility: 20.0%
✗ NFLX: Gain 0.0% or volatility 20.0% below thresholds
DVLT: Recent gain: 39.4%, Volatility: 30.0%
✓ Profit-taking opportunity for DVLT: 2427 shares (50.0%) - $3689.04
MBX: Recent gain: 3.8%, Volatility: 30.0%
✗ MBX: Gain 3.8% or volatility 30.0% below thresholds
PALI: Recent gain: 0.0%, Volatility: 30.0%
✗ PALI: Gain 0.0% or volatility 30.0% below thresholds
GPUS: Recent gain: 11.1%, Volatility: 30.0%
✓ Profit-taking opportunity for GPUS: 1494 shares (27.8%) - $747.00
DIS: Recent gain: 0.0%, Volatility: 20.0%
✗ DIS: Gain 0.0% or volatility 20.0% below thresholds
AGMH: Recent gain: 0.0%, Volatility: 30.0%
✗ AGMH: Gain 0.0% or volatility 30.0% below thresholds
AAPL: Recent gain: 0.0%, Volatility: 20.0%
✗ AAPL: Gain 0.0% or volatility 20.0% below thresholds
RGTI: Recent gain: 0.0%, Volatility: 20.0%
✗ RGTI: Gain 0.0% or volatility 20.0% below thresholds
NVO: Recent gain: 0.0%, Volatility: 20.0%
✗ NVO: Gain 0.0% or volatility 20.0% below thresholds
CHR: Recent gain: 0.0%, Volatility: 30.0%
✗ CHR: Gain 0.0% or volatility 30.0% below thresholds
AGRI: Recent gain: 0.0%, Volatility: 30.0%
✗ AGRI: Gain 0.0% or volatility 30.0% below thresholds
BNAI: Recent gain: 0.0%, Volatility: 30.0%
✗ BNAI: Gain 0.0% or volatility 30.0% below thresholds
ASNS: Recent gain: 0.0%, Volatility: 30.0%
✗ ASNS: Gain 0.0% or volatility 30.0% below thresholds
Profit-taking analysis completed: 5 opportunities found
Smart Analysis completed for user: user3. Generated 5 recommendations
Batch analysis completed for 3 users
Buy all smart recommendations requested by user: user4
Found 4 pending BUY recommendations
Portfolio cash: $13901.18
Total cost: $5486.90
Executing recommendation for NVO: 28 shares
  Cash allocated: 1669.64 (type: <class 'decimal.Decimal'>)
  Current price: 59.63 (type: <class 'decimal.Decimal'>)
  Portfolio cash: 13901.18 (type: <class 'decimal.Decimal'>)
Successfully executed NVO
Executing recommendation for NVDA: 9 shares
  Cash allocated: 1688.58 (type: <class 'decimal.Decimal'>)
  Current price: 187.62 (type: <class 'decimal.Decimal'>)
  Portfolio cash: 12261.54200 (type: <class 'decimal.Decimal'>)
Successfully executed NVDA
Executing recommendation for AGRI: 332 shares
  Cash allocated: 1344.60 (type: <class 'decimal.Decimal'>)
  Current price: 4.05 (type: <class 'decimal.Decimal'>)
  Portfolio cash: 10559.74190 (type: <class 'decimal.Decimal'>)
Successfully executed AGRI
Executing recommendation for GPUS: 1452 shares
  Cash allocated: 784.08 (type: <class 'decimal.Decimal'>)
  Current price: 0.54 (type: <class 'decimal.Decimal'>)
  Portfolio cash: 9210.47398 (type: <class 'decimal.Decimal'>)
Successfully executed GPUS
Buy all completed: 4 executed, 0 failed
Returning response: {'success': True, 'executed_trades': [{'symbol': 'NVO', 'shares': 28, 'cost': Decimal('1669.64'), 'trade_id': UUID('8bb51bdc-2b25-4969-94e8-730bb566dba3')}, {'symbol': 'NVDA', 'shares': 9, 'cost': Decimal('1688.58'), 'trade_id': UUID('82159a66-9357-4e96-8c96-efce950607f1')}, {'symbol': 'AGRI', 'shares': 332, 'cost': Decimal('1344.60'), 'trade_id': UUID('7820e402-674d-4c6a-a86f-ecd53a727baa')}, {'symbol': 'GPUS', 'shares': 1452, 'cost': Decimal('784.08'), 'trade_id': UUID('2cbdbdb1-67b0-44b4-8f45-52bd3e5bbfbe')}], 'failed_trades': [], 'total_executed': 4, 'total_failed': 0, 'total_cost': 5486.9}
Starting batch Smart Analysis for 1 users
Best-buy-only mode: Skipping existing holdings analysis
Successfully retrieved market movers from Alpha Vantage
Found 15 market screening candidates: ['BNAIW', 'DFLI', 'ILLRW', 'BURU', 'EPSM', 'BNAI', 'TSLL', 'CHR', 'PLUG', 'ASNS', 'PXSAW', 'SMXWW', 'OPEN', 'SOXS', 'PERF+']
Best-buy-only mode: Skipping sell candidates analysis
Found 15 high-confidence BUY candidates: ['GPUS', 'BNAI', 'NVDA', 'NVO', 'AGRI', 'AGRI', 'DFLI', 'DFLI', 'BURU', 'BQ', 'AAPL', 'QLGN', 'QLGN', 'BA', 'BA']
Found 23 unique stocks to analyze across all users
Batch analyzing 23 unique stocks
Skipping BA - recent recommendations exist
Skipping BQ - recent recommendations exist
Skipping DFLI - recent recommendations exist
Skipping EPSM - recent recommendations exist
Skipping GPUS - recent recommendations exist
Skipping AGRI - recent recommendations exist
Skipping BNAIW - recent recommendations exist
Skipping NVDA - recent recommendations exist
Skipping PXSAW - recent recommendations exist
Skipping SMXWW - recent recommendations exist
Failed to get quote for PERF+: No price data available for PERF+
Yahoo Finance validation failed for PERF+: Failed to fetch quote for PERF+: No price data available for PERF+
Skipping PERF+ - not recognized by Yahoo Finance
Skipping BNAI - recent recommendations exist
Skipping AAPL - recent recommendations exist
Skipping CHR - recent recommendations exist
Skipping ILLRW - recent recommendations exist
Skipping BURU - recent recommendations exist
Skipping TSLL - recent recommendations exist
Skipping NVO - recent recommendations exist
Skipping PLUG - recent recommendations exist
Skipping ASNS - recent recommendations exist
Skipping SOXS - recent recommendations exist
Skipping OPEN - recent recommendations exist
Skipping QLGN - recent recommendations exist
Analyzing user user1 with existing recommendations
Best-buy-only mode: Skipping existing holdings analysis
Found 15 market screening candidates: ['BNAIW', 'DFLI', 'ILLRW', 'BURU', 'EPSM', 'BNAI', 'TSLL', 'CHR', 'PLUG', 'ASNS', 'PXSAW', 'SMXWW', 'OPEN', 'SOXS', 'PERF+']
Best-buy-only mode: Skipping sell candidates analysis
Found 15 high-confidence BUY candidates: ['GPUS', 'BNAI', 'NVDA', 'NVO', 'AGRI', 'AGRI', 'DFLI', 'DFLI', 'BURU', 'BQ', 'AAPL', 'QLGN', 'QLGN', 'BA', 'BA']
Fetching real-time prices for 22 stocks
Real-time price for BA: $216.3
Real-time price for DFLI: $1.89
Real-time price for BQ: $15.35
Real-time price for EPSM: $26.93
Real-time price for GPUS: $0.54
Real-time price for AGRI: $4.05
Real-time price for BNAIW: $0.1155
Real-time price for NVDA: $187.62
Real-time price for SMXWW: $0.039
Real-time price for PXSAW: $0.04
Real-time price for BNAI: $0.6015
Real-time price for AAPL: $258.02
Real-time price for CHR: $0.1609
Real-time price for ILLRW: $0.0527
Real-time price for BURU: $0.2231
Real-time price for TSLL: $19.63
Real-time price for NVO: $59.63
Real-time price for SOXS: $4.69
Real-time price for PLUG: $3.8001
Real-time price for ASNS: $0.6247
Real-time price for OPEN: $8.11
Real-time price for QLGN: $5.23
Successfully fetched 22 real-time prices
Confidence calculation: Base=0.58, Adjusted=0.58 (Primary: HOLD)
Confidence reduced by 0.12 for HOLD conflict (advisor: Yahoo Finance Enhanced)
Confidence reduced by 0.21 for SELL conflict (advisor: Polygon.io Market Data)
Confidence calculation: Base=0.62, Adjusted=0.28 (Primary: BUY)
Confidence reduced by 0.12 for HOLD conflict (advisor: Yahoo Finance Enhanced)
Confidence calculation: Base=0.62, Adjusted=0.50 (Primary: BUY)
Confidence calculation: Base=0.82, Adjusted=0.82 (Primary: STRONG_BUY)
Confidence calculation: Base=0.50, Adjusted=0.50 (Primary: HOLD)
Confidence calculation: Base=0.82, Adjusted=0.82 (Primary: STRONG_BUY)
Confidence calculation: Base=0.75, Adjusted=0.75 (Primary: BUY)
Confidence reduced by 0.12 for HOLD conflict (advisor: Yahoo Finance Enhanced)
Confidence reduced by 0.21 for SELL conflict (advisor: Polygon.io Market Data)
Confidence calculation: Base=0.67, Adjusted=0.33 (Primary: STRONG_BUY)
Confidence reduced by 0.21 for SELL conflict (advisor: Polygon.io Market Data)
Confidence calculation: Base=0.70, Adjusted=0.49 (Primary: BUY)
Confidence reduced by 0.12 for HOLD conflict (advisor: Finnhub Market Intelligence)
Confidence calculation: Base=0.62, Adjusted=0.50 (Primary: BUY)
Confidence calculation: Base=0.58, Adjusted=0.58 (Primary: HOLD)
Confidence reduced by 0.23 for SELL conflict (advisor: Yahoo Finance Enhanced)
Confidence calculation: Base=0.70, Adjusted=0.47 (Primary: BUY)
Confidence reduced by 0.12 for HOLD conflict (advisor: Yahoo Finance Enhanced)
Confidence calculation: Base=0.62, Adjusted=0.50 (Primary: BUY)
Confidence calculation: Base=0.50, Adjusted=0.50 (Primary: HOLD)
Confidence calculation: Base=0.75, Adjusted=0.75 (Primary: BUY)
Confidence calculation: Base=0.58, Adjusted=0.58 (Primary: HOLD)
Confidence calculation: Base=0.75, Adjusted=0.75 (Primary: BUY)
Confidence calculation: Base=0.50, Adjusted=0.50 (Primary: HOLD)
Confidence calculation: Base=0.58, Adjusted=0.58 (Primary: HOLD)
Confidence calculation: Base=0.55, Adjusted=0.55 (Primary: HOLD)
Confidence reduced by 0.12 for HOLD conflict (advisor: Yahoo Finance Enhanced)
Confidence calculation: Base=0.62, Adjusted=0.50 (Primary: BUY)
Confidence reduced by 0.23 for BUY conflict (advisor: Polygon.io Market Data)
Confidence calculation: Base=0.63, Adjusted=0.41 (Primary: SELL)
Evaluating 1 sell candidates with SellWeight=5 (portfolio=5, risk_profile=5)
OPEN: SELL confidence=0.41, adjusted=0.20 (SellWeight=5)
✗ OPEN: Adjusted confidence 0.20 below threshold 0.30
Sell algorithm completed: 0 sell recommendations generated
Checking profit-taking opportunities (threshold: 10.00%, volatility: 20.00%)
GOOGL: Recent gain: 0.0%, Volatility: 20.0%
✗ GOOGL: Gain 0.0% or volatility 20.0% below thresholds
MSFT: Recent gain: 0.0%, Volatility: 20.0%
✗ MSFT: Gain 0.0% or volatility 20.0% below thresholds
NVDA: Recent gain: 6.9%, Volatility: 20.0%
✗ NVDA: Gain 6.9% or volatility 20.0% below thresholds
AGMH: Recent gain: 0.0%, Volatility: 30.0%
✗ AGMH: Gain 0.0% or volatility 30.0% below thresholds
DIS: Recent gain: 0.0%, Volatility: 20.0%
✗ DIS: Gain 0.0% or volatility 20.0% below thresholds
BA: Recent gain: 0.6%, Volatility: 20.0%
✗ BA: Gain 0.6% or volatility 20.0% below thresholds
NFLX: Recent gain: 0.0%, Volatility: 20.0%
✗ NFLX: Gain 0.0% or volatility 20.0% below thresholds
AAPL: Recent gain: 1.3%, Volatility: 20.0%
✗ AAPL: Gain 1.3% or volatility 20.0% below thresholds
QLGN: Recent gain: 7.6%, Volatility: 30.0%
✗ QLGN: Gain 7.6% or volatility 30.0% below thresholds
AGRI: Recent gain: 0.0%, Volatility: 30.0%
✗ AGRI: Gain 0.0% or volatility 30.0% below thresholds
NVO: Recent gain: 0.0%, Volatility: 20.0%
✗ NVO: Gain 0.0% or volatility 20.0% below thresholds
MBX: Recent gain: 0.0%, Volatility: 30.0%
✗ MBX: Gain 0.0% or volatility 30.0% below thresholds
GDEVW: Recent gain: 0.0%, Volatility: 25.0%
✗ GDEVW: Gain 0.0% or volatility 25.0% below thresholds
ONMDW: Recent gain: 66.7%, Volatility: 25.0%
✓ Profit-taking opportunity for ONMDW: 47953 shares (50.0%) - $2397.65
OPEN: Recent gain: 0.0%, Volatility: 25.0%
✗ OPEN: Gain 0.0% or volatility 25.0% below thresholds
ATCH: Recent gain: 30.0%, Volatility: 30.0%
✓ Profit-taking opportunity for ATCH: 1405 shares (50.0%) - $730.60
MRM: Recent gain: 0.0%, Volatility: 30.0%
✗ MRM: Gain 0.0% or volatility 30.0% below thresholds
DFLI: Recent gain: 34.6%, Volatility: 30.0%
✓ Profit-taking opportunity for DFLI: 179 shares (50.0%) - $125.30
APLT: Recent gain: 0.0%, Volatility: 30.0%
✗ APLT: Gain 0.0% or volatility 30.0% below thresholds
DVLT: Recent gain: 39.4%, Volatility: 30.0%
✓ Profit-taking opportunity for DVLT: 84 shares (50.0%) - $127.68
GPUS: Recent gain: 8.7%, Volatility: 30.0%
✗ GPUS: Gain 8.7% or volatility 30.0% below thresholds
AQMS: Recent gain: 1.4%, Volatility: 30.0%
✗ AQMS: Gain 1.4% or volatility 30.0% below thresholds
PSTV: Recent gain: 0.0%, Volatility: 30.0%
✗ PSTV: Gain 0.0% or volatility 30.0% below thresholds
YCBD: Recent gain: 0.0%, Volatility: 30.0%
✗ YCBD: Gain 0.0% or volatility 30.0% below thresholds
BQ: Recent gain: 13.5%, Volatility: 30.0%
✓ Profit-taking opportunity for BQ: 4 shares (33.8%) - $44.28
PALI: Recent gain: 0.0%, Volatility: 30.0%
✗ PALI: Gain 0.0% or volatility 30.0% below thresholds
CHR: Recent gain: 0.0%, Volatility: 30.0%
✗ CHR: Gain 0.0% or volatility 30.0% below thresholds
BNAI: Recent gain: 0.0%, Volatility: 30.0%
✗ BNAI: Gain 0.0% or volatility 30.0% below thresholds
ASNS: Recent gain: 0.0%, Volatility: 30.0%
✗ ASNS: Gain 0.0% or volatility 30.0% below thresholds
Profit-taking analysis completed: 5 opportunities found
Smart Analysis completed for user: user1. Generated 5 recommendations
Batch analysis completed for 1 users
Starting batch Smart Analysis for 1 users
Successfully retrieved market movers from Alpha Vantage
Found 15 market screening candidates: ['ONMDW', 'SOXS', 'SPRB', 'ABVEW', 'BURU', 'AMD', 'ILLRW', 'SLDPW', 'ONMD', 'ARBK', 'SVREW', 'DVLT', 'SOPA', 'MYSEW', 'PLUG']
Found 15 high-confidence BUY candidates: ['GPUS', 'BNAI', 'NVDA', 'NVO', 'AGRI', 'AGRI', 'DFLI', 'DFLI', 'BURU', 'BQ', 'AAPL', 'QLGN', 'QLGN', 'BA', 'BA']
Found 38 unique stocks to analyze across all users
Batch analyzing 38 unique stocks
Yahoo Finance validation passed for QLGN
Getting recommendations for QLGN
Price target endpoint failed (403), using recommendation data
Finnhub recommendation for QLGN: BUY
Polygon recommendation for QLGN: HOLD
FMP API error for QLGN: 402 Client Error: Payment Required for url: https://financialmodelingprep.com/stable/analyst-estimates?symbol=QLGN&apikey=ynOKFYxumAVxrcJAGhzuN4ZBjCtQcbR7
Enhanced Yahoo recommendation for QLGN: BUY
Generated 3 recommendations for QLGN
Yahoo Finance validation passed for BURU
Getting recommendations for BURU
Price target endpoint failed (403), using recommendation data
Finnhub recommendation for BURU: HOLD
Polygon recommendation for BURU: SELL
FMP API error for BURU: 402 Client Error: Payment Required for url: https://financialmodelingprep.com/stable/analyst-estimates?symbol=BURU&apikey=ynOKFYxumAVxrcJAGhzuN4ZBjCtQcbR7
Enhanced Yahoo recommendation for BURU: BUY
Generated 3 recommendations for BURU
Yahoo Finance validation passed for APLT
Getting recommendations for APLT
Price target endpoint failed (403), using recommendation data
Finnhub recommendation for APLT: BUY
Error fetching Polygon data for APLT: 429 Client Error: Too Many Requests for url: https://api.polygon.io/v2/aggs/ticker/APLT/range/1/day/2024-01-01/2024-12-31?apikey=MSVhtqDKV9HyMOdla5UunU2EFs53MweY&limit=50
FMP API error for APLT: 402 Client Error: Payment Required for url: https://financialmodelingprep.com/stable/analyst-estimates?symbol=APLT&apikey=ynOKFYxumAVxrcJAGhzuN4ZBjCtQcbR7
Enhanced Yahoo recommendation for APLT: BUY
Generated 2 recommendations for APLT
Yahoo Finance validation passed for GOOGL
Getting recommendations for GOOGL
Price target endpoint failed (403), using recommendation data
Finnhub recommendation for GOOGL: BUY
Error fetching Polygon data for GOOGL: 429 Client Error: Too Many Requests for url: https://api.polygon.io/v2/aggs/ticker/GOOGL/prev?apikey=MSVhtqDKV9HyMOdla5UunU2EFs53MweY
FMP API error for GOOGL: 400 Client Error: Bad Request for url: https://financialmodelingprep.com/stable/analyst-estimates?symbol=GOOGL&apikey=ynOKFYxumAVxrcJAGhzuN4ZBjCtQcbR7
Enhanced Yahoo recommendation for GOOGL: BUY
Generated 2 recommendations for GOOGL
Yahoo Finance validation passed for YCBD
Getting recommendations for YCBD
Price target endpoint failed (403), using recommendation data
Finnhub recommendation for YCBD: BUY
Polygon recommendation for YCBD: SELL
FMP API error for YCBD: 402 Client Error: Payment Required for url: https://financialmodelingprep.com/stable/analyst-estimates?symbol=YCBD&apikey=ynOKFYxumAVxrcJAGhzuN4ZBjCtQcbR7
Enhanced Yahoo recommendation for YCBD: BUY
Generated 3 recommendations for YCBD
Yahoo Finance validation passed for NFLX
Getting recommendations for NFLX
Price target endpoint failed (403), using recommendation data
Finnhub recommendation for NFLX: BUY
Polygon recommendation for NFLX: BUY
FMP API error for NFLX: 400 Client Error: Bad Request for url: https://financialmodelingprep.com/stable/analyst-estimates?symbol=NFLX&apikey=ynOKFYxumAVxrcJAGhzuN4ZBjCtQcbR7
Enhanced Yahoo recommendation for NFLX: BUY
Generated 3 recommendations for NFLX
Yahoo Finance validation passed for SVREW
Getting recommendations for SVREW
Price target endpoint failed (403), using recommendation data
Finnhub recommendation for SVREW: HOLD
Error fetching Polygon data for SVREW: 429 Client Error: Too Many Requests for url: https://api.polygon.io/v2/aggs/ticker/SVREW/range/1/day/2024-01-01/2024-12-31?apikey=MSVhtqDKV9HyMOdla5UunU2EFs53MweY&limit=50
FMP API error for SVREW: 402 Client Error: Payment Required for url: https://financialmodelingprep.com/stable/analyst-estimates?symbol=SVREW&apikey=ynOKFYxumAVxrcJAGhzuN4ZBjCtQcbR7
Enhanced Yahoo recommendation for SVREW: HOLD
Generated 2 recommendations for SVREW
Yahoo Finance validation passed for BA
Getting recommendations for BA
Price target endpoint failed (403), using recommendation data
Finnhub recommendation for BA: BUY
Error fetching Polygon data for BA: 429 Client Error: Too Many Requests for url: https://api.polygon.io/v2/aggs/ticker/BA/prev?apikey=MSVhtqDKV9HyMOdla5UunU2EFs53MweY
FMP API error for BA: 400 Client Error: Bad Request for url: https://financialmodelingprep.com/stable/analyst-estimates?symbol=BA&apikey=ynOKFYxumAVxrcJAGhzuN4ZBjCtQcbR7
Enhanced Yahoo recommendation for BA: BUY
Generated 2 recommendations for BA
Yahoo Finance validation passed for RGTI
Getting recommendations for RGTI
Price target endpoint failed (403), using recommendation data
Finnhub recommendation for RGTI: BUY
Error fetching Polygon data for RGTI: 429 Client Error: Too Many Requests for url: https://api.polygon.io/v2/aggs/ticker/RGTI/prev?apikey=MSVhtqDKV9HyMOdla5UunU2EFs53MweY
FMP API error for RGTI: 402 Client Error: Payment Required for url: https://financialmodelingprep.com/stable/analyst-estimates?symbol=RGTI&apikey=ynOKFYxumAVxrcJAGhzuN4ZBjCtQcbR7
Enhanced Yahoo recommendation for RGTI: SELL
Generated 2 recommendations for RGTI
Yahoo Finance validation passed for MSFT
Getting recommendations for MSFT
Price target endpoint failed (403), using recommendation data
Finnhub recommendation for MSFT: BUY
Error fetching Polygon data for MSFT: 429 Client Error: Too Many Requests for url: https://api.polygon.io/v2/aggs/ticker/MSFT/prev?apikey=MSVhtqDKV9HyMOdla5UunU2EFs53MweY
FMP API error for MSFT: 400 Client Error: Bad Request for url: https://financialmodelingprep.com/stable/analyst-estimates?symbol=MSFT&apikey=ynOKFYxumAVxrcJAGhzuN4ZBjCtQcbR7
Enhanced Yahoo recommendation for MSFT: STRONG_BUY
Generated 2 recommendations for MSFT
Yahoo Finance validation passed for NVO
Getting recommendations for NVO
Price target endpoint failed (403), using recommendation data
Finnhub recommendation for NVO: BUY
Error fetching Polygon data for NVO: 429 Client Error: Too Many Requests for url: https://api.polygon.io/v2/aggs/ticker/NVO/prev?apikey=MSVhtqDKV9HyMOdla5UunU2EFs53MweY
FMP API error for NVO: 402 Client Error: Payment Required for url: https://financialmodelingprep.com/stable/analyst-estimates?symbol=NVO&apikey=ynOKFYxumAVxrcJAGhzuN4ZBjCtQcbR7
Enhanced Yahoo recommendation for NVO: STRONG_BUY
Generated 2 recommendations for NVO
Yahoo Finance validation passed for AMD
Yahoo Finance validation passed for AMD
Updated quote for AMD: $203.71
Successfully created and updated stock: AMD
Getting recommendations for AMD
Price target endpoint failed (403), using recommendation data
Finnhub recommendation for AMD: BUY
Error fetching Polygon data for AMD: 429 Client Error: Too Many Requests for url: https://api.polygon.io/v2/aggs/ticker/AMD/prev?apikey=MSVhtqDKV9HyMOdla5UunU2EFs53MweY
FMP API error for AMD: 400 Client Error: Bad Request for url: https://financialmodelingprep.com/stable/analyst-estimates?symbol=AMD&apikey=ynOKFYxumAVxrcJAGhzuN4ZBjCtQcbR7
Enhanced Yahoo recommendation for AMD: HOLD
Generated 2 recommendations for AMD
Yahoo Finance validation passed for ILLRW
Getting recommendations for ILLRW
Price target endpoint failed (403), using recommendation data
Finnhub recommendation for ILLRW: HOLD
Polygon recommendation for ILLRW: SELL
FMP API error for ILLRW: 402 Client Error: Payment Required for url: https://financialmodelingprep.com/stable/analyst-estimates?symbol=ILLRW&apikey=ynOKFYxumAVxrcJAGhzuN4ZBjCtQcbR7
Enhanced Yahoo recommendation for ILLRW: HOLD
Generated 3 recommendations for ILLRW
Yahoo Finance validation passed for ONMD
Yahoo Finance validation passed for ONMD
Updated quote for ONMD: $2.56
Successfully created and updated stock: ONMD
Getting recommendations for ONMD
Price target endpoint failed (403), using recommendation data
Finnhub recommendation for ONMD: HOLD
Polygon recommendation for ONMD: BUY
FMP API error for ONMD: 402 Client Error: Payment Required for url: https://financialmodelingprep.com/stable/analyst-estimates?symbol=ONMD&apikey=ynOKFYxumAVxrcJAGhzuN4ZBjCtQcbR7
Enhanced Yahoo recommendation for ONMD: SELL
Generated 3 recommendations for ONMD
Yahoo Finance validation passed for ARBK
Yahoo Finance validation passed for ARBK
Updated quote for ARBK: $0.8155
Successfully created and updated stock: ARBK
Getting recommendations for ARBK
Price target endpoint failed (403), using recommendation data
Finnhub recommendation for ARBK: SELL
Error fetching Polygon data for ARBK: 429 Client Error: Too Many Requests for url: https://api.polygon.io/v2/aggs/ticker/ARBK/range/1/day/2024-01-01/2024-12-31?apikey=MSVhtqDKV9HyMOdla5UunU2EFs53MweY&limit=50
FMP API error for ARBK: 402 Client Error: Payment Required for url: https://financialmodelingprep.com/stable/analyst-estimates?symbol=ARBK&apikey=ynOKFYxumAVxrcJAGhzuN4ZBjCtQcbR7
Enhanced Yahoo recommendation for ARBK: SELL
Generated 2 recommendations for ARBK
Yahoo Finance validation passed for NVDA
Getting recommendations for NVDA
Price target endpoint failed (403), using recommendation data
Finnhub recommendation for NVDA: BUY
Error fetching Polygon data for NVDA: 429 Client Error: Too Many Requests for url: https://api.polygon.io/v2/aggs/ticker/NVDA/prev?apikey=MSVhtqDKV9HyMOdla5UunU2EFs53MweY
FMP API error for NVDA: 400 Client Error: Bad Request for url: https://financialmodelingprep.com/stable/analyst-estimates?symbol=NVDA&apikey=ynOKFYxumAVxrcJAGhzuN4ZBjCtQcbR7
Enhanced Yahoo recommendation for NVDA: BUY
Generated 2 recommendations for NVDA
Yahoo Finance validation passed for AGMH
Getting recommendations for AGMH
Price target endpoint failed (403), using recommendation data
Finnhub recommendation for AGMH: BUY
Error fetching Polygon data for AGMH: 429 Client Error: Too Many Requests for url: https://api.polygon.io/v2/aggs/ticker/AGMH/prev?apikey=MSVhtqDKV9HyMOdla5UunU2EFs53MweY
FMP API error for AGMH: 402 Client Error: Payment Required for url: https://financialmodelingprep.com/stable/analyst-estimates?symbol=AGMH&apikey=ynOKFYxumAVxrcJAGhzuN4ZBjCtQcbR7
Enhanced Yahoo recommendation for AGMH: BUY
Generated 2 recommendations for AGMH
Yahoo Finance validation passed for SOXS
Getting recommendations for SOXS
Price target endpoint failed (403), using recommendation data
Finnhub recommendation for SOXS: HOLD
Error fetching Polygon data for SOXS: 429 Client Error: Too Many Requests for url: https://api.polygon.io/v2/aggs/ticker/SOXS/prev?apikey=MSVhtqDKV9HyMOdla5UunU2EFs53MweY
FMP API error for SOXS: 402 Client Error: Payment Required for url: https://financialmodelingprep.com/stable/analyst-estimates?symbol=SOXS&apikey=ynOKFYxumAVxrcJAGhzuN4ZBjCtQcbR7
Enhanced Yahoo recommendation for SOXS: HOLD
Generated 2 recommendations for SOXS
Yahoo Finance validation passed for CHR
Getting recommendations for CHR
Price target endpoint failed (403), using recommendation data
Finnhub recommendation for CHR: STRONG_BUY
Error fetching Polygon data for CHR: 429 Client Error: Too Many Requests for url: https://api.polygon.io/v2/aggs/ticker/CHR/prev?apikey=MSVhtqDKV9HyMOdla5UunU2EFs53MweY
FMP API error for CHR: 402 Client Error: Payment Required for url: https://financialmodelingprep.com/stable/analyst-estimates?symbol=CHR&apikey=ynOKFYxumAVxrcJAGhzuN4ZBjCtQcbR7
Enhanced Yahoo recommendation for CHR: HOLD
Generated 2 recommendations for CHR
Yahoo Finance validation passed for PALI
Getting recommendations for PALI
Price target endpoint failed (403), using recommendation data
Finnhub recommendation for PALI: BUY
Error fetching Polygon data for PALI: 429 Client Error: Too Many Requests for url: https://api.polygon.io/v2/aggs/ticker/PALI/prev?apikey=MSVhtqDKV9HyMOdla5UunU2EFs53MweY
FMP API error for PALI: 402 Client Error: Payment Required for url: https://financialmodelingprep.com/stable/analyst-estimates?symbol=PALI&apikey=ynOKFYxumAVxrcJAGhzuN4ZBjCtQcbR7
Enhanced Yahoo recommendation for PALI: BUY
Generated 2 recommendations for PALI
Yahoo Finance validation passed for BQ
Getting recommendations for BQ
Price target endpoint failed (403), using recommendation data
Finnhub recommendation for BQ: BUY
Error fetching Polygon data for BQ: 429 Client Error: Too Many Requests for url: https://api.polygon.io/v2/aggs/ticker/BQ/prev?apikey=MSVhtqDKV9HyMOdla5UunU2EFs53MweY
FMP API error for BQ: 402 Client Error: Payment Required for url: https://financialmodelingprep.com/stable/analyst-estimates?symbol=BQ&apikey=ynOKFYxumAVxrcJAGhzuN4ZBjCtQcbR7
Enhanced Yahoo recommendation for BQ: SELL
Generated 2 recommendations for BQ
Yahoo Finance validation passed for ABVEW
Yahoo Finance validation passed for ABVEW
Updated quote for ABVEW: $0.74
Successfully created and updated stock: ABVEW
Getting recommendations for ABVEW
Price target endpoint failed (403), using recommendation data
Finnhub recommendation for ABVEW: HOLD
Polygon recommendation for ABVEW: BUY
FMP API error for ABVEW: 402 Client Error: Payment Required for url: https://financialmodelingprep.com/stable/analyst-estimates?symbol=ABVEW&apikey=ynOKFYxumAVxrcJAGhzuN4ZBjCtQcbR7
Enhanced Yahoo recommendation for ABVEW: SELL
Generated 3 recommendations for ABVEW
Yahoo Finance validation passed for MBX
Getting recommendations for MBX
Price target endpoint failed (403), using recommendation data
Finnhub recommendation for MBX: BUY
Polygon recommendation for MBX: HOLD
FMP API error for MBX: 402 Client Error: Payment Required for url: https://financialmodelingprep.com/stable/analyst-estimates?symbol=MBX&apikey=ynOKFYxumAVxrcJAGhzuN4ZBjCtQcbR7
Enhanced Yahoo recommendation for MBX: BUY
Generated 3 recommendations for MBX
Yahoo Finance validation passed for ASNS
Getting recommendations for ASNS
Price target endpoint failed (403), using recommendation data
Finnhub recommendation for ASNS: BUY
Error fetching Polygon data for ASNS: 429 Client Error: Too Many Requests for url: https://api.polygon.io/v2/aggs/ticker/ASNS/range/1/day/2024-01-01/2024-12-31?apikey=MSVhtqDKV9HyMOdla5UunU2EFs53MweY&limit=50
FMP API error for ASNS: 402 Client Error: Payment Required for url: https://financialmodelingprep.com/stable/analyst-estimates?symbol=ASNS&apikey=ynOKFYxumAVxrcJAGhzuN4ZBjCtQcbR7
Enhanced Yahoo recommendation for ASNS: HOLD
Generated 2 recommendations for ASNS
Yahoo Finance validation passed for DVLT
Getting recommendations for DVLT
Price target endpoint failed (403), using recommendation data
Finnhub recommendation for DVLT: BUY
Error fetching Polygon data for DVLT: 429 Client Error: Too Many Requests for url: https://api.polygon.io/v2/aggs/ticker/DVLT/prev?apikey=MSVhtqDKV9HyMOdla5UunU2EFs53MweY
FMP API error for DVLT: 402 Client Error: Payment Required for url: https://financialmodelingprep.com/stable/analyst-estimates?symbol=DVLT&apikey=ynOKFYxumAVxrcJAGhzuN4ZBjCtQcbR7
Enhanced Yahoo recommendation for DVLT: STRONG_BUY
Generated 2 recommendations for DVLT
Yahoo Finance validation passed for SLDPW
Yahoo Finance validation passed for SLDPW
Updated quote for SLDPW: $0.8281
Successfully created and updated stock: SLDPW
Getting recommendations for SLDPW
Price target endpoint failed (403), using recommendation data
Finnhub recommendation for SLDPW: HOLD
Error fetching Polygon data for SLDPW: 429 Client Error: Too Many Requests for url: https://api.polygon.io/v2/aggs/ticker/SLDPW/prev?apikey=MSVhtqDKV9HyMOdla5UunU2EFs53MweY
FMP API error for SLDPW: 402 Client Error: Payment Required for url: https://financialmodelingprep.com/stable/analyst-estimates?symbol=SLDPW&apikey=ynOKFYxumAVxrcJAGhzuN4ZBjCtQcbR7
Enhanced Yahoo recommendation for SLDPW: HOLD
Generated 2 recommendations for SLDPW
Yahoo Finance validation passed for DIS
Getting recommendations for DIS
Price target endpoint failed (403), using recommendation data
Finnhub recommendation for DIS: BUY
Error fetching Polygon data for DIS: 429 Client Error: Too Many Requests for url: https://api.polygon.io/v2/aggs/ticker/DIS/prev?apikey=MSVhtqDKV9HyMOdla5UunU2EFs53MweY
FMP API error for DIS: 400 Client Error: Bad Request for url: https://financialmodelingprep.com/stable/analyst-estimates?symbol=DIS&apikey=ynOKFYxumAVxrcJAGhzuN4ZBjCtQcbR7
Enhanced Yahoo recommendation for DIS: BUY
Generated 2 recommendations for DIS
Yahoo Finance validation passed for SOPA
Yahoo Finance validation passed for SOPA
Updated quote for SOPA: $5.3
Successfully created and updated stock: SOPA
Getting recommendations for SOPA
Price target endpoint failed (403), using recommendation data
Finnhub recommendation for SOPA: BUY
Error fetching Polygon data for SOPA: 429 Client Error: Too Many Requests for url: https://api.polygon.io/v2/aggs/ticker/SOPA/prev?apikey=MSVhtqDKV9HyMOdla5UunU2EFs53MweY
FMP API error for SOPA: 402 Client Error: Payment Required for url: https://financialmodelingprep.com/stable/analyst-estimates?symbol=SOPA&apikey=ynOKFYxumAVxrcJAGhzuN4ZBjCtQcbR7
Enhanced Yahoo recommendation for SOPA: BUY
Generated 2 recommendations for SOPA
Yahoo Finance validation passed for PLUG
Getting recommendations for PLUG
Price target endpoint failed (403), using recommendation data
Finnhub recommendation for PLUG: HOLD
Error fetching Polygon data for PLUG: 429 Client Error: Too Many Requests for url: https://api.polygon.io/v2/aggs/ticker/PLUG/prev?apikey=MSVhtqDKV9HyMOdla5UunU2EFs53MweY
FMP API error for PLUG: 402 Client Error: Payment Required for url: https://financialmodelingprep.com/stable/analyst-estimates?symbol=PLUG&apikey=ynOKFYxumAVxrcJAGhzuN4ZBjCtQcbR7
Enhanced Yahoo recommendation for PLUG: HOLD
Generated 2 recommendations for PLUG
Yahoo Finance validation passed for AGRI
Getting recommendations for AGRI
Price target endpoint failed (403), using recommendation data
Finnhub recommendation for AGRI: BUY
Polygon recommendation for AGRI: SELL
FMP API error for AGRI: 402 Client Error: Payment Required for url: https://financialmodelingprep.com/stable/analyst-estimates?symbol=AGRI&apikey=ynOKFYxumAVxrcJAGhzuN4ZBjCtQcbR7
Enhanced Yahoo recommendation for AGRI: BUY
Generated 3 recommendations for AGRI
Yahoo Finance validation passed for ONMDW
Getting recommendations for ONMDW
Price target endpoint failed (403), using recommendation data
Finnhub recommendation for ONMDW: HOLD
Polygon recommendation for ONMDW: BUY
FMP API error for ONMDW: 402 Client Error: Payment Required for url: https://financialmodelingprep.com/stable/analyst-estimates?symbol=ONMDW&apikey=ynOKFYxumAVxrcJAGhzuN4ZBjCtQcbR7
Enhanced Yahoo recommendation for ONMDW: SELL
Generated 3 recommendations for ONMDW
Yahoo Finance validation passed for PSTV
Getting recommendations for PSTV
Price target endpoint failed (403), using recommendation data
Finnhub recommendation for PSTV: BUY
Error fetching Polygon data for PSTV: 429 Client Error: Too Many Requests for url: https://api.polygon.io/v2/aggs/ticker/PSTV/range/1/day/2024-01-01/2024-12-31?apikey=MSVhtqDKV9HyMOdla5UunU2EFs53MweY&limit=50
FMP API error for PSTV: 402 Client Error: Payment Required for url: https://financialmodelingprep.com/stable/analyst-estimates?symbol=PSTV&apikey=ynOKFYxumAVxrcJAGhzuN4ZBjCtQcbR7
Enhanced Yahoo recommendation for PSTV: BUY
Generated 2 recommendations for PSTV
Yahoo Finance validation passed for SPRB
Yahoo Finance validation passed for SPRB
Updated quote for SPRB: $130.4
Could not update stock info for SPRB: [<class 'decimal.InvalidOperation'>]
Getting recommendations for SPRB
Price target endpoint failed (403), using recommendation data
Finnhub API error for SPRB: NOT NULL constraint failed: soulstrader_aiadvisorrecommendation.price_at_recommendation
Error fetching Polygon data for SPRB: 429 Client Error: Too Many Requests for url: https://api.polygon.io/v2/aggs/ticker/SPRB/prev?apikey=MSVhtqDKV9HyMOdla5UunU2EFs53MweY
FMP API error for SPRB: 402 Client Error: Payment Required for url: https://financialmodelingprep.com/stable/analyst-estimates?symbol=SPRB&apikey=ynOKFYxumAVxrcJAGhzuN4ZBjCtQcbR7
Enhanced Yahoo error for SPRB: NOT NULL constraint failed: soulstrader_aiadvisorrecommendation.price_at_recommendation
No recommendations generated for SPRB
Yahoo Finance validation passed for GPUS
Getting recommendations for GPUS
Price target endpoint failed (403), using recommendation data
Finnhub recommendation for GPUS: BUY
Error fetching Polygon data for GPUS: 429 Client Error: Too Many Requests for url: https://api.polygon.io/v2/aggs/ticker/GPUS/prev?apikey=MSVhtqDKV9HyMOdla5UunU2EFs53MweY
FMP API error for GPUS: 402 Client Error: Payment Required for url: https://financialmodelingprep.com/stable/analyst-estimates?symbol=GPUS&apikey=ynOKFYxumAVxrcJAGhzuN4ZBjCtQcbR7
Enhanced Yahoo recommendation for GPUS: HOLD
Generated 2 recommendations for GPUS
Yahoo Finance validation passed for AAPL
Getting recommendations for AAPL
Price target endpoint failed (403), using recommendation data
Finnhub recommendation for AAPL: BUY
Error fetching Polygon data for AAPL: 429 Client Error: Too Many Requests for url: https://api.polygon.io/v2/aggs/ticker/AAPL/prev?apikey=MSVhtqDKV9HyMOdla5UunU2EFs53MweY
FMP API error for AAPL: 400 Client Error: Bad Request for url: https://financialmodelingprep.com/stable/analyst-estimates?symbol=AAPL&apikey=ynOKFYxumAVxrcJAGhzuN4ZBjCtQcbR7
Enhanced Yahoo recommendation for AAPL: HOLD
Generated 2 recommendations for AAPL
Yahoo Finance validation passed for DFLI
Getting recommendations for DFLI
Price target endpoint failed (403), using recommendation data
Finnhub recommendation for DFLI: BUY
Error fetching Polygon data for DFLI: 429 Client Error: Too Many Requests for url: https://api.polygon.io/v2/aggs/ticker/DFLI/prev?apikey=MSVhtqDKV9HyMOdla5UunU2EFs53MweY
FMP API error for DFLI: 402 Client Error: Payment Required for url: https://financialmodelingprep.com/stable/analyst-estimates?symbol=DFLI&apikey=ynOKFYxumAVxrcJAGhzuN4ZBjCtQcbR7
Enhanced Yahoo recommendation for DFLI: BUY
Generated 2 recommendations for DFLI
Yahoo Finance validation passed for BNAI
Getting recommendations for BNAI
Price target endpoint failed (403), using recommendation data
Finnhub recommendation for BNAI: BUY
Error fetching Polygon data for BNAI: 429 Client Error: Too Many Requests for url: https://api.polygon.io/v2/aggs/ticker/BNAI/prev?apikey=MSVhtqDKV9HyMOdla5UunU2EFs53MweY
FMP API error for BNAI: 402 Client Error: Payment Required for url: https://financialmodelingprep.com/stable/analyst-estimates?symbol=BNAI&apikey=ynOKFYxumAVxrcJAGhzuN4ZBjCtQcbR7
Enhanced Yahoo recommendation for BNAI: HOLD
Generated 2 recommendations for BNAI
Yahoo Finance validation passed for MYSEW
Yahoo Finance validation passed for MYSEW
Updated quote for MYSEW: $0.1578
Successfully created and updated stock: MYSEW
Getting recommendations for MYSEW
Price target endpoint failed (403), using recommendation data
Finnhub recommendation for MYSEW: HOLD
Polygon recommendation for MYSEW: HOLD
FMP API error for MYSEW: 402 Client Error: Payment Required for url: https://financialmodelingprep.com/stable/analyst-estimates?symbol=MYSEW&apikey=ynOKFYxumAVxrcJAGhzuN4ZBjCtQcbR7
Enhanced Yahoo recommendation for MYSEW: SELL
Generated 3 recommendations for MYSEW
Analyzing user user4 with existing recommendations
Found 15 market screening candidates: ['ONMDW', 'SOXS', 'SPRB', 'ABVEW', 'BURU', 'AMD', 'ILLRW', 'SLDPW', 'ONMD', 'ARBK', 'SVREW', 'DVLT', 'SOPA', 'MYSEW', 'PLUG']
Found 15 high-confidence BUY candidates: ['BNAI', 'DFLI', 'DFLI', 'AAPL', 'GPUS', 'PSTV', 'PSTV', 'AGRI', 'AGRI', 'SOPA', 'SOPA', 'DIS', 'DIS', 'DVLT', 'ASNS']
Fetching real-time prices for 37 stocks
Real-time price for QLGN: $5.03
Real-time price for APLT: $1.02
Real-time price for GOOGL: $250.43
Real-time price for BURU: $0.255
Real-time price for YCBD: $1.3
Real-time price for NFLX: $1163.31
Real-time price for SVREW: $0.0332
Real-time price for BA: $219.73
Real-time price for RGTI: $41.71
Real-time price for MSFT: $528.57
Real-time price for NVO: $59.65
Real-time price for AMD: $203.71
Real-time price for ILLRW: $0.0533
Real-time price for ONMD: $2.56
Real-time price for ARBK: $0.8155
Real-time price for NVDA: $185.54
Real-time price for AGMH: $7.85
Real-time price for SOXS: $4.27
Real-time price for CHR: $0.1671
Real-time price for ABVEW: $0.74
Real-time price for BQ: $16.0
Real-time price for PALI: $1.905
Real-time price for MBX: $16.26
Real-time price for ASNS: $0.6544
Real-time price for DVLT: $2.08
Real-time price for SLDPW: $0.8281
Real-time price for DIS: $112.75
Real-time price for SOPA: $5.3
Real-time price for PLUG: $4.13
Real-time price for AGRI: $4.24
Real-time price for ONMDW: $0.1511
Real-time price for PSTV: $0.8895
Real-time price for GPUS: $0.62
Real-time price for BNAI: $0.5041
Real-time price for DFLI: $1.42
Real-time price for MYSEW: $0.1578
Real-time price for AAPL: $256.69
Successfully fetched 37 real-time prices
Confidence calculation: Base=0.55, Adjusted=0.55 (Primary: HOLD)
Confidence reduced by 0.12 for HOLD conflict (advisor: Yahoo Finance Enhanced)
Confidence calculation: Base=0.62, Adjusted=0.50 (Primary: BUY)
Confidence calculation: Base=0.75, Adjusted=0.75 (Primary: BUY)
Penny stocks allowed for user4 - including DFLI (price: $0.70, market cap: $32321926)
Confidence reduced by 0.12 for HOLD conflict (advisor: Yahoo Finance Enhanced)
Confidence calculation: Base=0.62, Adjusted=0.50 (Primary: BUY)
Confidence reduced by 0.12 for HOLD conflict (advisor: Yahoo Finance Enhanced)
Confidence calculation: Base=0.62, Adjusted=0.50 (Primary: BUY)
Confidence calculation: Base=0.75, Adjusted=0.75 (Primary: BUY)
Penny stocks allowed for user4 - including PSTV (price: $0.69, market cap: $82498744)
Confidence reduced by 0.23 for SELL conflict (advisor: Yahoo Finance Enhanced)
Confidence reduced by 0.12 for HOLD conflict (advisor: Finnhub Market Intelligence)
Confidence calculation: Base=0.60, Adjusted=0.25 (Primary: BUY)
Confidence reduced by 0.21 for SELL conflict (advisor: Polygon.io Market Data)
Confidence calculation: Base=0.70, Adjusted=0.49 (Primary: BUY)
Confidence calculation: Base=0.50, Adjusted=0.50 (Primary: HOLD)
Confidence calculation: Base=0.75, Adjusted=0.75 (Primary: BUY)
Penny stocks allowed for user4 - including SOPA (price: $5.30, market cap: $32359284)
Confidence calculation: Base=0.75, Adjusted=0.75 (Primary: BUY)
Penny stocks allowed for user4 - including DIS (price: $112.33, market cap: $207175925760)
Confidence calculation: Base=0.50, Adjusted=0.50 (Primary: HOLD)
Confidence calculation: Base=0.82, Adjusted=0.82 (Primary: STRONG_BUY)
Penny stocks allowed for user4 - including DVLT (price: $1.52, market cap: $187308592)
Confidence reduced by 0.12 for HOLD conflict (advisor: Yahoo Finance Enhanced)
Confidence calculation: Base=0.62, Adjusted=0.50 (Primary: BUY)
Confidence reduced by 0.12 for HOLD conflict (advisor: Polygon.io Market Data)
Confidence calculation: Base=0.67, Adjusted=0.54 (Primary: BUY)
Confidence reduced by 0.23 for SELL conflict (advisor: Yahoo Finance Enhanced)
Confidence reduced by 0.12 for HOLD conflict (advisor: Finnhub Market Intelligence)
Confidence calculation: Base=0.60, Adjusted=0.25 (Primary: BUY)
Confidence reduced by 0.23 for SELL conflict (advisor: Yahoo Finance Enhanced)
Confidence calculation: Base=0.70, Adjusted=0.47 (Primary: BUY)
Confidence calculation: Base=0.75, Adjusted=0.75 (Primary: BUY)
Penny stocks allowed for user4 - including PALI (price: $1.42, market cap: $13861111)
Confidence reduced by 0.12 for HOLD conflict (advisor: Yahoo Finance Enhanced)
Confidence calculation: Base=0.70, Adjusted=0.58 (Primary: STRONG_BUY)
Confidence calculation: Base=0.50, Adjusted=0.50 (Primary: HOLD)
Confidence calculation: Base=0.75, Adjusted=0.75 (Primary: BUY)
Penny stocks allowed for user4 - including AGMH (price: $8.46, market cap: $20412814)
Confidence calculation: Base=0.75, Adjusted=0.75 (Primary: BUY)
Penny stocks allowed for user4 - including NVDA (price: $188.90, market cap: $4329385492000)
Confidence calculation: Base=0.62, Adjusted=0.62 (Primary: SELL)
Penny stocks allowed for user4 - including ARBK (price: $0.82, market cap: $58769708)
Confidence reduced by 0.23 for SELL conflict (advisor: Yahoo Finance Enhanced)
Confidence reduced by 0.12 for HOLD conflict (advisor: Finnhub Market Intelligence)
Confidence calculation: Base=0.60, Adjusted=0.25 (Primary: BUY)
Confidence calculation: Base=0.53, Adjusted=0.53 (Primary: HOLD)
Confidence reduced by 0.12 for HOLD conflict (advisor: Yahoo Finance Enhanced)
Confidence calculation: Base=0.62, Adjusted=0.50 (Primary: BUY)
Confidence calculation: Base=0.82, Adjusted=0.82 (Primary: STRONG_BUY)
Penny stocks allowed for user4 - including NVO (price: $58.50, market cap: $272718020608)
Confidence calculation: Base=0.82, Adjusted=0.82 (Primary: STRONG_BUY)
Penny stocks allowed for user4 - including MSFT (price: $517.14, market cap: $3830758244000)
Confidence reduced by 0.23 for SELL conflict (advisor: Yahoo Finance Enhanced)
Confidence calculation: Base=0.70, Adjusted=0.47 (Primary: BUY)
Confidence calculation: Base=0.75, Adjusted=0.75 (Primary: BUY)
Penny stocks allowed for user4 - including BA (price: $216.93, market cap: $162589032448)
Confidence calculation: Base=0.50, Adjusted=0.50 (Primary: HOLD)
Confidence calculation: Base=0.75, Adjusted=0.75 (Primary: BUY)
Penny stocks allowed for user4 - including NFLX (price: $1143.54, market cap: $510128324608)
Confidence reduced by 0.21 for SELL conflict (advisor: Polygon.io Market Data)
Confidence calculation: Base=0.70, Adjusted=0.49 (Primary: BUY)
Confidence calculation: Base=0.75, Adjusted=0.75 (Primary: BUY)
Penny stocks allowed for user4 - including GOOGL (price: $245.36, market cap: $2915379970000)
Confidence calculation: Base=0.75, Adjusted=0.75 (Primary: BUY)
Penny stocks allowed for user4 - including APLT (price: $0.74, market cap: $178575040)
Confidence reduced by 0.21 for SELL conflict (advisor: Polygon.io Market Data)
Confidence reduced by 0.12 for HOLD conflict (advisor: Finnhub Market Intelligence)
Confidence calculation: Base=0.62, Adjusted=0.28 (Primary: BUY)
Confidence reduced by 0.12 for HOLD conflict (advisor: Polygon.io Market Data)
Confidence calculation: Base=0.67, Adjusted=0.54 (Primary: BUY)
No sell candidates found
Checking profit-taking opportunities (threshold: 10.00%, volatility: 20.00%)
MSFT: Recent gain: 0.0%, Volatility: 20.0%
✗ MSFT: Gain 0.0% or volatility 20.0% below thresholds
NFLX: Recent gain: 0.0%, Volatility: 20.0%
✗ NFLX: Gain 0.0% or volatility 20.0% below thresholds
YCBD: Recent gain: 5.0%, Volatility: 30.0%
✗ YCBD: Gain 5.0% or volatility 30.0% below thresholds
MBX: Recent gain: 3.8%, Volatility: 30.0%
✗ MBX: Gain 3.8% or volatility 30.0% below thresholds
PSTV: Recent gain: 1.5%, Volatility: 30.0%
✗ PSTV: Gain 1.5% or volatility 30.0% below thresholds
PALI: Recent gain: 0.0%, Volatility: 30.0%
✗ PALI: Gain 0.0% or volatility 30.0% below thresholds
DVLT: Recent gain: 0.0%, Volatility: 30.0%
✗ DVLT: Gain 0.0% or volatility 30.0% below thresholds
DFLI: Recent gain: 0.0%, Volatility: 30.0%
✗ DFLI: Gain 0.0% or volatility 30.0% below thresholds
RGTI: Recent gain: 0.0%, Volatility: 20.0%
✗ RGTI: Gain 0.0% or volatility 20.0% below thresholds
APLT: Recent gain: 0.0%, Volatility: 30.0%
✗ APLT: Gain 0.0% or volatility 30.0% below thresholds
QLGN: Recent gain: 0.0%, Volatility: 30.0%
✗ QLGN: Gain 0.0% or volatility 30.0% below thresholds
BA: Recent gain: 0.0%, Volatility: 20.0%
✗ BA: Gain 0.0% or volatility 20.0% below thresholds
DIS: Recent gain: 0.0%, Volatility: 20.0%
✗ DIS: Gain 0.0% or volatility 20.0% below thresholds
GOOGL: Recent gain: 0.0%, Volatility: 20.0%
✗ GOOGL: Gain 0.0% or volatility 20.0% below thresholds
AGMH: Recent gain: 0.0%, Volatility: 30.0%
✗ AGMH: Gain 0.0% or volatility 30.0% below thresholds
AAPL: Recent gain: 0.0%, Volatility: 20.0%
✗ AAPL: Gain 0.0% or volatility 20.0% below thresholds
BQ: Recent gain: 0.0%, Volatility: 30.0%
✗ BQ: Gain 0.0% or volatility 30.0% below thresholds
CHR: Recent gain: 0.0%, Volatility: 30.0%
✗ CHR: Gain 0.0% or volatility 30.0% below thresholds
BNAI: Recent gain: 0.0%, Volatility: 30.0%
✗ BNAI: Gain 0.0% or volatility 30.0% below thresholds
ASNS: Recent gain: 0.0%, Volatility: 30.0%
✗ ASNS: Gain 0.0% or volatility 30.0% below thresholds
NVO: Recent gain: 0.0%, Volatility: 20.0%
✗ NVO: Gain 0.0% or volatility 20.0% below thresholds
NVDA: Recent gain: 0.0%, Volatility: 20.0%
✗ NVDA: Gain 0.0% or volatility 20.0% below thresholds
AGRI: Recent gain: 0.0%, Volatility: 30.0%
✗ AGRI: Gain 0.0% or volatility 30.0% below thresholds
GPUS: Recent gain: 0.0%, Volatility: 30.0%
✗ GPUS: Gain 0.0% or volatility 30.0% below thresholds
Profit-taking analysis completed: 0 opportunities found
Smart Analysis completed for user: user4. Generated 1 recommendations
Batch analysis completed for 1 users
Buy all smart recommendations requested by user: user4
Found 1 pending BUY recommendations
Portfolio cash: $8483.47
Total cost: $3392.00
Executing recommendation for SOPA: 640 shares
  Cash allocated: 3392.00 (type: <class 'decimal.Decimal'>)
  Current price: 5.30 (type: <class 'decimal.Decimal'>)
  Portfolio cash: 8483.47 (type: <class 'decimal.Decimal'>)
Successfully executed SOPA
Buy all completed: 1 executed, 0 failed
Returning response: {'success': True, 'executed_trades': [{'symbol': 'SOPA', 'shares': 640, 'cost': Decimal('3392.00'), 'trade_id': UUID('b08caa48-7b7a-4e29-9900-444487ffa574')}], 'failed_trades': [], 'total_executed': 1, 'total_failed': 0, 'total_cost': 3392.0}
Starting batch Smart Analysis for 1 users
Successfully retrieved market movers from Alpha Vantage
Found 15 market screening candidates: ['EMO^', 'TGE+', 'COCHW', 'TMQ', 'GLTO', 'ZNB', 'COCH', 'YYAI', 'OPEN', 'PLUG', 'DVLT', 'DNN', 'SOXS', 'RVSNW', 'BURU']
Found 15 high-confidence BUY candidates: ['BNAI', 'DFLI', 'DFLI', 'AAPL', 'GPUS', 'PSTV', 'PSTV', 'AGRI', 'AGRI', 'SOPA', 'SOPA', 'DIS', 'DIS', 'DVLT', 'ASNS']
Found 39 unique stocks to analyze across all users
Batch analyzing 39 unique stocks
Failed to get quote for EMO^: No price data available for EMO^
Yahoo Finance validation failed for EMO^: Failed to fetch quote for EMO^: No price data available for EMO^
Skipping EMO^ - not recognized by Yahoo Finance
Yahoo Finance validation passed for RGTI
Getting recommendations for RGTI
Price target endpoint failed (403), using recommendation data
Finnhub recommendation for RGTI: BUY
Polygon recommendation for RGTI: BUY
FMP API error for RGTI: 402 Client Error: Payment Required for url: https://financialmodelingprep.com/stable/analyst-estimates?symbol=RGTI&apikey=ynOKFYxumAVxrcJAGhzuN4ZBjCtQcbR7
Enhanced Yahoo recommendation for RGTI: SELL
Generated 3 recommendations for RGTI
Yahoo Finance validation passed for PALI
Getting recommendations for PALI
Price target endpoint failed (403), using recommendation data
Finnhub recommendation for PALI: BUY
Polygon recommendation for PALI: SELL
FMP API error for PALI: 402 Client Error: Payment Required for url: https://financialmodelingprep.com/stable/analyst-estimates?symbol=PALI&apikey=ynOKFYxumAVxrcJAGhzuN4ZBjCtQcbR7
Enhanced Yahoo recommendation for PALI: BUY
Generated 3 recommendations for PALI
Yahoo Finance validation passed for YCBD
Getting recommendations for YCBD
Price target endpoint failed (403), using recommendation data
Finnhub recommendation for YCBD: BUY
Error fetching Polygon data for YCBD: 429 Client Error: Too Many Requests for url: https://api.polygon.io/v2/aggs/ticker/YCBD/range/1/day/2024-01-01/2024-12-31?apikey=MSVhtqDKV9HyMOdla5UunU2EFs53MweY&limit=50
FMP API error for YCBD: 402 Client Error: Payment Required for url: https://financialmodelingprep.com/stable/analyst-estimates?symbol=YCBD&apikey=ynOKFYxumAVxrcJAGhzuN4ZBjCtQcbR7
Enhanced Yahoo recommendation for YCBD: BUY
Generated 2 recommendations for YCBD
Yahoo Finance validation passed for AGMH
Getting recommendations for AGMH
Price target endpoint failed (403), using recommendation data
Finnhub recommendation for AGMH: BUY
Error fetching Polygon data for AGMH: 429 Client Error: Too Many Requests for url: https://api.polygon.io/v2/aggs/ticker/AGMH/prev?apikey=MSVhtqDKV9HyMOdla5UunU2EFs53MweY
FMP API error for AGMH: 402 Client Error: Payment Required for url: https://financialmodelingprep.com/stable/analyst-estimates?symbol=AGMH&apikey=ynOKFYxumAVxrcJAGhzuN4ZBjCtQcbR7
Enhanced Yahoo recommendation for AGMH: BUY
Generated 2 recommendations for AGMH
Yahoo Finance validation passed for DFLI
Getting recommendations for DFLI
Price target endpoint failed (403), using recommendation data
Finnhub recommendation for DFLI: BUY
Error fetching Polygon data for DFLI: 429 Client Error: Too Many Requests for url: https://api.polygon.io/v2/aggs/ticker/DFLI/prev?apikey=MSVhtqDKV9HyMOdla5UunU2EFs53MweY
FMP API error for DFLI: 402 Client Error: Payment Required for url: https://financialmodelingprep.com/stable/analyst-estimates?symbol=DFLI&apikey=ynOKFYxumAVxrcJAGhzuN4ZBjCtQcbR7
Enhanced Yahoo recommendation for DFLI: BUY
Generated 2 recommendations for DFLI
Yahoo Finance validation passed for MSFT
Getting recommendations for MSFT
Price target endpoint failed (403), using recommendation data
Finnhub recommendation for MSFT: BUY
Error fetching Polygon data for MSFT: 429 Client Error: Too Many Requests for url: https://api.polygon.io/v2/aggs/ticker/MSFT/prev?apikey=MSVhtqDKV9HyMOdla5UunU2EFs53MweY
FMP API error for MSFT: 400 Client Error: Bad Request for url: https://financialmodelingprep.com/stable/analyst-estimates?symbol=MSFT&apikey=ynOKFYxumAVxrcJAGhzuN4ZBjCtQcbR7
Enhanced Yahoo recommendation for MSFT: STRONG_BUY
Generated 2 recommendations for MSFT
Yahoo Finance validation passed for TMQ
Yahoo Finance validation passed for TMQ
Updated quote for TMQ: $6.5
Successfully created and updated stock: TMQ
Getting recommendations for TMQ
Price target endpoint failed (403), using recommendation data
Finnhub recommendation for TMQ: HOLD
Polygon recommendation for TMQ: BUY
FMP API error for TMQ: 402 Client Error: Payment Required for url: https://financialmodelingprep.com/stable/analyst-estimates?symbol=TMQ&apikey=ynOKFYxumAVxrcJAGhzuN4ZBjCtQcbR7
Enhanced Yahoo recommendation for TMQ: HOLD
Generated 3 recommendations for TMQ
Yahoo Finance validation passed for GOOGL
Getting recommendations for GOOGL
Price target endpoint failed (403), using recommendation data
Finnhub recommendation for GOOGL: BUY
Polygon recommendation for GOOGL: BUY
FMP API error for GOOGL: 400 Client Error: Bad Request for url: https://financialmodelingprep.com/stable/analyst-estimates?symbol=GOOGL&apikey=ynOKFYxumAVxrcJAGhzuN4ZBjCtQcbR7
Enhanced Yahoo recommendation for GOOGL: BUY
Generated 3 recommendations for GOOGL
Yahoo Finance validation passed for GLTO
Yahoo Finance validation passed for GLTO
Updated quote for GLTO: $17.92
Successfully created and updated stock: GLTO
Getting recommendations for GLTO
Price target endpoint failed (403), using recommendation data
Finnhub recommendation for GLTO: SELL
Error fetching Polygon data for GLTO: 429 Client Error: Too Many Requests for url: https://api.polygon.io/v2/aggs/ticker/GLTO/range/1/day/2024-01-01/2024-12-31?apikey=MSVhtqDKV9HyMOdla5UunU2EFs53MweY&limit=50
FMP API error for GLTO: 402 Client Error: Payment Required for url: https://financialmodelingprep.com/stable/analyst-estimates?symbol=GLTO&apikey=ynOKFYxumAVxrcJAGhzuN4ZBjCtQcbR7
Enhanced Yahoo recommendation for GLTO: HOLD
Generated 2 recommendations for GLTO
Yahoo Finance validation passed for COCH
Yahoo Finance validation passed for COCH
Updated quote for COCH: $1.59
Successfully created and updated stock: COCH
Getting recommendations for COCH
Price target endpoint failed (403), using recommendation data
Finnhub recommendation for COCH: BUY
Error fetching Polygon data for COCH: 429 Client Error: Too Many Requests for url: https://api.polygon.io/v2/aggs/ticker/COCH/prev?apikey=MSVhtqDKV9HyMOdla5UunU2EFs53MweY
FMP API error for COCH: 402 Client Error: Payment Required for url: https://financialmodelingprep.com/stable/analyst-estimates?symbol=COCH&apikey=ynOKFYxumAVxrcJAGhzuN4ZBjCtQcbR7
Enhanced Yahoo recommendation for COCH: BUY
Generated 2 recommendations for COCH
Yahoo Finance validation passed for PLUG
Getting recommendations for PLUG
Price target endpoint failed (403), using recommendation data
Finnhub recommendation for PLUG: HOLD
Error fetching Polygon data for PLUG: 429 Client Error: Too Many Requests for url: https://api.polygon.io/v2/aggs/ticker/PLUG/prev?apikey=MSVhtqDKV9HyMOdla5UunU2EFs53MweY
FMP API error for PLUG: 402 Client Error: Payment Required for url: https://financialmodelingprep.com/stable/analyst-estimates?symbol=PLUG&apikey=ynOKFYxumAVxrcJAGhzuN4ZBjCtQcbR7
Enhanced Yahoo recommendation for PLUG: HOLD
Generated 2 recommendations for PLUG
Yahoo Finance validation passed for DVLT
Getting recommendations for DVLT
Price target endpoint failed (403), using recommendation data
Finnhub recommendation for DVLT: BUY
Error fetching Polygon data for DVLT: 429 Client Error: Too Many Requests for url: https://api.polygon.io/v2/aggs/ticker/DVLT/prev?apikey=MSVhtqDKV9HyMOdla5UunU2EFs53MweY
FMP API error for DVLT: 402 Client Error: Payment Required for url: https://financialmodelingprep.com/stable/analyst-estimates?symbol=DVLT&apikey=ynOKFYxumAVxrcJAGhzuN4ZBjCtQcbR7
Enhanced Yahoo recommendation for DVLT: STRONG_BUY
Generated 2 recommendations for DVLT
Yahoo Finance validation passed for NVO
Getting recommendations for NVO
Price target endpoint failed (403), using recommendation data
Finnhub recommendation for NVO: BUY
Error fetching Polygon data for NVO: 429 Client Error: Too Many Requests for url: https://api.polygon.io/v2/aggs/ticker/NVO/prev?apikey=MSVhtqDKV9HyMOdla5UunU2EFs53MweY
FMP API error for NVO: 402 Client Error: Payment Required for url: https://financialmodelingprep.com/stable/analyst-estimates?symbol=NVO&apikey=ynOKFYxumAVxrcJAGhzuN4ZBjCtQcbR7
Enhanced Yahoo recommendation for NVO: BUY
Generated 2 recommendations for NVO
Yahoo Finance validation passed for BNAI
Getting recommendations for BNAI
Price target endpoint failed (403), using recommendation data
Finnhub recommendation for BNAI: BUY
Error fetching Polygon data for BNAI: 429 Client Error: Too Many Requests for url: https://api.polygon.io/v2/aggs/ticker/BNAI/prev?apikey=MSVhtqDKV9HyMOdla5UunU2EFs53MweY
FMP API error for BNAI: 402 Client Error: Payment Required for url: https://financialmodelingprep.com/stable/analyst-estimates?symbol=BNAI&apikey=ynOKFYxumAVxrcJAGhzuN4ZBjCtQcbR7
Enhanced Yahoo recommendation for BNAI: HOLD
Generated 2 recommendations for BNAI
Yahoo Finance validation passed for SOPA
Getting recommendations for SOPA
Price target endpoint failed (403), using recommendation data
Finnhub recommendation for SOPA: BUY
Polygon recommendation for SOPA: BUY
FMP API error for SOPA: 402 Client Error: Payment Required for url: https://financialmodelingprep.com/stable/analyst-estimates?symbol=SOPA&apikey=ynOKFYxumAVxrcJAGhzuN4ZBjCtQcbR7
Enhanced Yahoo recommendation for SOPA: BUY
Generated 3 recommendations for SOPA
Yahoo Finance validation passed for PSTV
Getting recommendations for PSTV
Price target endpoint failed (403), using recommendation data
Finnhub recommendation for PSTV: BUY
Polygon recommendation for PSTV: HOLD
FMP API error for PSTV: 402 Client Error: Payment Required for url: https://financialmodelingprep.com/stable/analyst-estimates?symbol=PSTV&apikey=ynOKFYxumAVxrcJAGhzuN4ZBjCtQcbR7
Enhanced Yahoo recommendation for PSTV: BUY
Generated 3 recommendations for PSTV
Yahoo Finance validation passed for BA
Getting recommendations for BA
Price target endpoint failed (403), using recommendation data
Finnhub recommendation for BA: BUY
Error fetching Polygon data for BA: 429 Client Error: Too Many Requests for url: https://api.polygon.io/v2/aggs/ticker/BA/range/1/day/2024-01-01/2024-12-31?apikey=MSVhtqDKV9HyMOdla5UunU2EFs53MweY&limit=50
FMP API error for BA: 400 Client Error: Bad Request for url: https://financialmodelingprep.com/stable/analyst-estimates?symbol=BA&apikey=ynOKFYxumAVxrcJAGhzuN4ZBjCtQcbR7
Enhanced Yahoo recommendation for BA: BUY
Generated 2 recommendations for BA
Yahoo Finance validation passed for NFLX
Getting recommendations for NFLX
Price target endpoint failed (403), using recommendation data
Finnhub recommendation for NFLX: BUY
Error fetching Polygon data for NFLX: 429 Client Error: Too Many Requests for url: https://api.polygon.io/v2/aggs/ticker/NFLX/prev?apikey=MSVhtqDKV9HyMOdla5UunU2EFs53MweY
FMP API error for NFLX: 400 Client Error: Bad Request for url: https://financialmodelingprep.com/stable/analyst-estimates?symbol=NFLX&apikey=ynOKFYxumAVxrcJAGhzuN4ZBjCtQcbR7
Enhanced Yahoo recommendation for NFLX: BUY
Generated 2 recommendations for NFLX
Yahoo Finance validation passed for QLGN
Getting recommendations for QLGN
Price target endpoint failed (403), using recommendation data
Finnhub recommendation for QLGN: BUY
Error fetching Polygon data for QLGN: 429 Client Error: Too Many Requests for url: https://api.polygon.io/v2/aggs/ticker/QLGN/prev?apikey=MSVhtqDKV9HyMOdla5UunU2EFs53MweY
FMP API error for QLGN: 402 Client Error: Payment Required for url: https://financialmodelingprep.com/stable/analyst-estimates?symbol=QLGN&apikey=ynOKFYxumAVxrcJAGhzuN4ZBjCtQcbR7
Enhanced Yahoo recommendation for QLGN: BUY
Generated 2 recommendations for QLGN
Failed to get quote for TGE+: No price data available for TGE+
Yahoo Finance validation failed for TGE+: Failed to fetch quote for TGE+: No price data available for TGE+
Skipping TGE+ - not recognized by Yahoo Finance
Yahoo Finance validation passed for COCHW
Yahoo Finance validation passed for COCHW
Updated quote for COCHW: $0.085
Successfully created and updated stock: COCHW
Getting recommendations for COCHW
Price target endpoint failed (403), using recommendation data
Finnhub recommendation for COCHW: HOLD
Error fetching Polygon data for COCHW: 429 Client Error: Too Many Requests for url: https://api.polygon.io/v2/aggs/ticker/COCHW/prev?apikey=MSVhtqDKV9HyMOdla5UunU2EFs53MweY
FMP API error for COCHW: 402 Client Error: Payment Required for url: https://financialmodelingprep.com/stable/analyst-estimates?symbol=COCHW&apikey=ynOKFYxumAVxrcJAGhzuN4ZBjCtQcbR7
Enhanced Yahoo recommendation for COCHW: HOLD
Generated 2 recommendations for COCHW
Yahoo Finance validation passed for YYAI
Yahoo Finance validation passed for YYAI
Updated quote for YYAI: $0.18
Successfully created and updated stock: YYAI
Getting recommendations for YYAI
Price target endpoint failed (403), using recommendation data
Finnhub recommendation for YYAI: HOLD
Error fetching Polygon data for YYAI: 429 Client Error: Too Many Requests for url: https://api.polygon.io/v2/aggs/ticker/YYAI/prev?apikey=MSVhtqDKV9HyMOdla5UunU2EFs53MweY
FMP API error for YYAI: 402 Client Error: Payment Required for url: https://financialmodelingprep.com/stable/analyst-estimates?symbol=YYAI&apikey=ynOKFYxumAVxrcJAGhzuN4ZBjCtQcbR7
Enhanced Yahoo recommendation for YYAI: HOLD
Generated 2 recommendations for YYAI
Yahoo Finance validation passed for ZNB
Yahoo Finance validation passed for ZNB
Updated quote for ZNB: $3.4
Successfully created and updated stock: ZNB
Getting recommendations for ZNB
Price target endpoint failed (403), using recommendation data
Finnhub recommendation for ZNB: HOLD
Error fetching Polygon data for ZNB: 429 Client Error: Too Many Requests for url: https://api.polygon.io/v2/aggs/ticker/ZNB/prev?apikey=MSVhtqDKV9HyMOdla5UunU2EFs53MweY
FMP API error for ZNB: 402 Client Error: Payment Required for url: https://financialmodelingprep.com/stable/analyst-estimates?symbol=ZNB&apikey=ynOKFYxumAVxrcJAGhzuN4ZBjCtQcbR7
Enhanced Yahoo recommendation for ZNB: HOLD
Generated 2 recommendations for ZNB
Yahoo Finance validation passed for DIS
Getting recommendations for DIS
Price target endpoint failed (403), using recommendation data
Finnhub recommendation for DIS: BUY
Polygon recommendation for DIS: BUY
FMP API error for DIS: 400 Client Error: Bad Request for url: https://financialmodelingprep.com/stable/analyst-estimates?symbol=DIS&apikey=ynOKFYxumAVxrcJAGhzuN4ZBjCtQcbR7
Enhanced Yahoo recommendation for DIS: BUY
Generated 3 recommendations for DIS
Yahoo Finance validation passed for BURU
Getting recommendations for BURU
Price target endpoint failed (403), using recommendation data
Finnhub recommendation for BURU: HOLD
Polygon recommendation for BURU: SELL
FMP API error for BURU: 402 Client Error: Payment Required for url: https://financialmodelingprep.com/stable/analyst-estimates?symbol=BURU&apikey=ynOKFYxumAVxrcJAGhzuN4ZBjCtQcbR7
Enhanced Yahoo recommendation for BURU: BUY
Generated 3 recommendations for BURU
Yahoo Finance validation passed for MBX
Getting recommendations for MBX
Price target endpoint failed (403), using recommendation data
Finnhub recommendation for MBX: BUY
Error fetching Polygon data for MBX: 429 Client Error: Too Many Requests for url: https://api.polygon.io/v2/aggs/ticker/MBX/range/1/day/2024-01-01/2024-12-31?apikey=MSVhtqDKV9HyMOdla5UunU2EFs53MweY&limit=50
FMP API error for MBX: 402 Client Error: Payment Required for url: https://financialmodelingprep.com/stable/analyst-estimates?symbol=MBX&apikey=ynOKFYxumAVxrcJAGhzuN4ZBjCtQcbR7
Enhanced Yahoo recommendation for MBX: BUY
Generated 2 recommendations for MBX
Yahoo Finance validation passed for DNN
Yahoo Finance validation passed for DNN
Updated quote for DNN: $2.85
Successfully created and updated stock: DNN
Getting recommendations for DNN
Price target endpoint failed (403), using recommendation data
Finnhub recommendation for DNN: BUY
Error fetching Polygon data for DNN: 429 Client Error: Too Many Requests for url: https://api.polygon.io/v2/aggs/ticker/DNN/prev?apikey=MSVhtqDKV9HyMOdla5UunU2EFs53MweY
FMP API error for DNN: 402 Client Error: Payment Required for url: https://financialmodelingprep.com/stable/analyst-estimates?symbol=DNN&apikey=ynOKFYxumAVxrcJAGhzuN4ZBjCtQcbR7
Enhanced Yahoo recommendation for DNN: HOLD
Generated 2 recommendations for DNN
Yahoo Finance validation passed for ASNS
Getting recommendations for ASNS
Price target endpoint failed (403), using recommendation data
Finnhub recommendation for ASNS: BUY
Error fetching Polygon data for ASNS: 429 Client Error: Too Many Requests for url: https://api.polygon.io/v2/aggs/ticker/ASNS/prev?apikey=MSVhtqDKV9HyMOdla5UunU2EFs53MweY
FMP API error for ASNS: 402 Client Error: Payment Required for url: https://financialmodelingprep.com/stable/analyst-estimates?symbol=ASNS&apikey=ynOKFYxumAVxrcJAGhzuN4ZBjCtQcbR7
Enhanced Yahoo recommendation for ASNS: HOLD
Generated 2 recommendations for ASNS
Yahoo Finance validation passed for CHR
Getting recommendations for CHR
Price target endpoint failed (403), using recommendation data
Finnhub recommendation for CHR: STRONG_BUY
Error fetching Polygon data for CHR: 429 Client Error: Too Many Requests for url: https://api.polygon.io/v2/aggs/ticker/CHR/prev?apikey=MSVhtqDKV9HyMOdla5UunU2EFs53MweY
FMP API error for CHR: 402 Client Error: Payment Required for url: https://financialmodelingprep.com/stable/analyst-estimates?symbol=CHR&apikey=ynOKFYxumAVxrcJAGhzuN4ZBjCtQcbR7
Enhanced Yahoo recommendation for CHR: HOLD
Generated 2 recommendations for CHR
Yahoo Finance validation passed for OPEN
Getting recommendations for OPEN
Price target endpoint failed (403), using recommendation data
Finnhub recommendation for OPEN: SELL
Error fetching Polygon data for OPEN: 429 Client Error: Too Many Requests for url: https://api.polygon.io/v2/aggs/ticker/OPEN/prev?apikey=MSVhtqDKV9HyMOdla5UunU2EFs53MweY
FMP API error for OPEN: 402 Client Error: Payment Required for url: https://financialmodelingprep.com/stable/analyst-estimates?symbol=OPEN&apikey=ynOKFYxumAVxrcJAGhzuN4ZBjCtQcbR7
Enhanced Yahoo recommendation for OPEN: SELL
Generated 2 recommendations for OPEN
Yahoo Finance validation passed for APLT
Getting recommendations for APLT
Price target endpoint failed (403), using recommendation data
Finnhub recommendation for APLT: BUY
Error fetching Polygon data for APLT: 429 Client Error: Too Many Requests for url: https://api.polygon.io/v2/aggs/ticker/APLT/prev?apikey=MSVhtqDKV9HyMOdla5UunU2EFs53MweY
FMP API error for APLT: 402 Client Error: Payment Required for url: https://financialmodelingprep.com/stable/analyst-estimates?symbol=APLT&apikey=ynOKFYxumAVxrcJAGhzuN4ZBjCtQcbR7
Enhanced Yahoo recommendation for APLT: BUY
Generated 2 recommendations for APLT
Yahoo Finance validation passed for SOXS
Getting recommendations for SOXS
Price target endpoint failed (403), using recommendation data
Finnhub recommendation for SOXS: HOLD
Polygon recommendation for SOXS: SELL
FMP API error for SOXS: 402 Client Error: Payment Required for url: https://financialmodelingprep.com/stable/analyst-estimates?symbol=SOXS&apikey=ynOKFYxumAVxrcJAGhzuN4ZBjCtQcbR7
Enhanced Yahoo recommendation for SOXS: HOLD
Generated 3 recommendations for SOXS
Yahoo Finance validation passed for RVSNW
Getting recommendations for RVSNW
Price target endpoint failed (403), using recommendation data
Finnhub recommendation for RVSNW: HOLD
Polygon recommendation for RVSNW: BUY
FMP API error for RVSNW: 402 Client Error: Payment Required for url: https://financialmodelingprep.com/stable/analyst-estimates?symbol=RVSNW&apikey=ynOKFYxumAVxrcJAGhzuN4ZBjCtQcbR7
Enhanced Yahoo recommendation for RVSNW: SELL
Generated 3 recommendations for RVSNW
Yahoo Finance validation passed for NVDA
Getting recommendations for NVDA
Price target endpoint failed (403), using recommendation data
Finnhub recommendation for NVDA: BUY
Error fetching Polygon data for NVDA: 429 Client Error: Too Many Requests for url: https://api.polygon.io/v2/aggs/ticker/NVDA/range/1/day/2024-01-01/2024-12-31?apikey=MSVhtqDKV9HyMOdla5UunU2EFs53MweY&limit=50
FMP API error for NVDA: 400 Client Error: Bad Request for url: https://financialmodelingprep.com/stable/analyst-estimates?symbol=NVDA&apikey=ynOKFYxumAVxrcJAGhzuN4ZBjCtQcbR7
Enhanced Yahoo recommendation for NVDA: BUY
Generated 2 recommendations for NVDA
Yahoo Finance validation passed for BQ
Getting recommendations for BQ
Price target endpoint failed (403), using recommendation data
Finnhub recommendation for BQ: BUY
Error fetching Polygon data for BQ: 429 Client Error: Too Many Requests for url: https://api.polygon.io/v2/aggs/ticker/BQ/prev?apikey=MSVhtqDKV9HyMOdla5UunU2EFs53MweY
FMP API error for BQ: 402 Client Error: Payment Required for url: https://financialmodelingprep.com/stable/analyst-estimates?symbol=BQ&apikey=ynOKFYxumAVxrcJAGhzuN4ZBjCtQcbR7
Enhanced Yahoo recommendation for BQ: SELL
Generated 2 recommendations for BQ
Yahoo Finance validation passed for AGRI
Getting recommendations for AGRI
Price target endpoint failed (403), using recommendation data
Finnhub recommendation for AGRI: BUY
Error fetching Polygon data for AGRI: 429 Client Error: Too Many Requests for url: https://api.polygon.io/v2/aggs/ticker/AGRI/prev?apikey=MSVhtqDKV9HyMOdla5UunU2EFs53MweY
FMP API error for AGRI: 402 Client Error: Payment Required for url: https://financialmodelingprep.com/stable/analyst-estimates?symbol=AGRI&apikey=ynOKFYxumAVxrcJAGhzuN4ZBjCtQcbR7
Enhanced Yahoo recommendation for AGRI: BUY
Generated 2 recommendations for AGRI
Yahoo Finance validation passed for AAPL
Getting recommendations for AAPL
Price target endpoint failed (403), using recommendation data
Finnhub recommendation for AAPL: BUY
Error fetching Polygon data for AAPL: 429 Client Error: Too Many Requests for url: https://api.polygon.io/v2/aggs/ticker/AAPL/prev?apikey=MSVhtqDKV9HyMOdla5UunU2EFs53MweY
FMP API error for AAPL: 400 Client Error: Bad Request for url: https://financialmodelingprep.com/stable/analyst-estimates?symbol=AAPL&apikey=ynOKFYxumAVxrcJAGhzuN4ZBjCtQcbR7
Enhanced Yahoo recommendation for AAPL: BUY
Generated 2 recommendations for AAPL
Yahoo Finance validation passed for GPUS
Getting recommendations for GPUS
Price target endpoint failed (403), using recommendation data
Finnhub recommendation for GPUS: BUY
Error fetching Polygon data for GPUS: 429 Client Error: Too Many Requests for url: https://api.polygon.io/v2/aggs/ticker/GPUS/prev?apikey=MSVhtqDKV9HyMOdla5UunU2EFs53MweY
FMP API error for GPUS: 402 Client Error: Payment Required for url: https://financialmodelingprep.com/stable/analyst-estimates?symbol=GPUS&apikey=ynOKFYxumAVxrcJAGhzuN4ZBjCtQcbR7
Enhanced Yahoo recommendation for GPUS: HOLD
Generated 2 recommendations for GPUS
Analyzing user user4 with existing recommendations
Found 15 market screening candidates: ['EMO^', 'TGE+', 'COCHW', 'TMQ', 'GLTO', 'ZNB', 'COCH', 'YYAI', 'OPEN', 'PLUG', 'DVLT', 'DNN', 'SOXS', 'RVSNW', 'BURU']
Found 15 high-confidence BUY candidates: ['GPUS', 'AAPL', 'AAPL', 'AGRI', 'AGRI', 'BQ', 'NVDA', 'NVDA', 'APLT', 'APLT', 'ASNS', 'DNN', 'MBX', 'MBX', 'BURU']
Fetching real-time prices for 37 stocks
Real-time price for RGTI: $43.91
Real-time price for PALI: $1.68
Real-time price for YCBD: $1.48
Real-time price for AGMH: $6.8
Real-time price for DFLI: $1.44
Real-time price for MSFT: $523.98
Real-time price for TMQ: $6.5
Real-time price for GLTO: $17.92
Real-time price for COCH: $1.59
Real-time price for GOOGL: $245.76
Real-time price for PLUG: $3.87
Real-time price for DVLT: $2.53
Real-time price for NVO: $59.02
Real-time price for BNAI: $0.691
Real-time price for SOPA: $4.57
Real-time price for PSTV: $0.8211
Real-time price for BA: $221.82
Real-time price for NFLX: $1191.06
Real-time price for QLGN: $5.03
Real-time price for COCHW: $0.085
Real-time price for YYAI: $0.18
Real-time price for ZNB: $3.4
Real-time price for DIS: $112.53
Real-time price for BURU: $0.475
Real-time price for MBX: $15.8
Real-time price for DNN: $2.85
Real-time price for ASNS: $0.6685
Real-time price for CHR: $0.161
Real-time price for OPEN: $9.29
Real-time price for APLT: $1.07
Real-time price for SOXS: $4.55
Real-time price for RVSNW: $0.185
Real-time price for NVDA: $185.04
Real-time price for BQ: $11.55
Real-time price for AGRI: $3.78
Real-time price for AAPL: $256.48
Real-time price for GPUS: $0.63
Successfully fetched 37 real-time prices
Confidence reduced by 0.12 for HOLD conflict (advisor: Yahoo Finance Enhanced)
Confidence calculation: Base=0.62, Adjusted=0.50 (Primary: BUY)
Confidence calculation: Base=0.75, Adjusted=0.75 (Primary: BUY)
Penny stocks allowed for user4 - including AAPL (price: $255.84, market cap: $3512722522000)
Confidence calculation: Base=0.75, Adjusted=0.75 (Primary: BUY)
Penny stocks allowed for user4 - including AGRI (price: $4.06, market cap: $7503996)
Confidence reduced by 0.23 for SELL conflict (advisor: Yahoo Finance Enhanced)
Confidence calculation: Base=0.70, Adjusted=0.47 (Primary: BUY)
Confidence calculation: Base=0.75, Adjusted=0.75 (Primary: BUY)
Penny stocks allowed for user4 - including NVDA (price: $188.90, market cap: $4329385492000)
Confidence reduced by 0.23 for SELL conflict (advisor: Yahoo Finance Enhanced)
Confidence reduced by 0.12 for HOLD conflict (advisor: Finnhub Market Intelligence)
Confidence calculation: Base=0.60, Adjusted=0.25 (Primary: BUY)
Confidence calculation: Base=0.53, Adjusted=0.53 (Primary: HOLD)
Confidence calculation: Base=0.75, Adjusted=0.75 (Primary: BUY)
Penny stocks allowed for user4 - including APLT (price: $0.74, market cap: $178575040)
Confidence calculation: Base=0.62, Adjusted=0.62 (Primary: SELL)
Penny stocks allowed for user4 - including OPEN (price: $8.06, market cap: $6218962432)
Confidence reduced by 0.12 for HOLD conflict (advisor: Yahoo Finance Enhanced)
Confidence calculation: Base=0.70, Adjusted=0.58 (Primary: STRONG_BUY)
Confidence reduced by 0.12 for HOLD conflict (advisor: Yahoo Finance Enhanced)
Confidence calculation: Base=0.62, Adjusted=0.50 (Primary: BUY)
Confidence reduced by 0.12 for HOLD conflict (advisor: Yahoo Finance Enhanced)
Confidence calculation: Base=0.62, Adjusted=0.50 (Primary: BUY)
Confidence calculation: Base=0.75, Adjusted=0.75 (Primary: BUY)
Penny stocks allowed for user4 - including MBX (price: $18.16, market cap: $671877248)
Confidence reduced by 0.21 for SELL conflict (advisor: Polygon.io Market Data)
Confidence reduced by 0.12 for HOLD conflict (advisor: Finnhub Market Intelligence)
Confidence calculation: Base=0.62, Adjusted=0.28 (Primary: BUY)
Confidence calculation: Base=0.75, Adjusted=0.75 (Primary: BUY)
Penny stocks allowed for user4 - including DIS (price: $112.33, market cap: $207175925760)
Confidence calculation: Base=0.50, Adjusted=0.50 (Primary: HOLD)
Confidence calculation: Base=0.50, Adjusted=0.50 (Primary: HOLD)
Confidence calculation: Base=0.50, Adjusted=0.50 (Primary: HOLD)
Confidence calculation: Base=0.75, Adjusted=0.75 (Primary: BUY)
Penny stocks allowed for user4 - including QLGN (price: $5.95, market cap: $9375839)
Confidence calculation: Base=0.75, Adjusted=0.75 (Primary: BUY)
Penny stocks allowed for user4 - including NFLX (price: $1143.54, market cap: $510128324608)
Confidence calculation: Base=0.75, Adjusted=0.75 (Primary: BUY)
Penny stocks allowed for user4 - including BA (price: $216.93, market cap: $162589032448)
Confidence reduced by 0.12 for HOLD conflict (advisor: Polygon.io Market Data)
Confidence calculation: Base=0.67, Adjusted=0.54 (Primary: BUY)
Confidence calculation: Base=0.72, Adjusted=0.72 (Primary: BUY)
Penny stocks allowed for user4 - including SOPA (price: $5.30, market cap: $32359284)
Confidence reduced by 0.12 for HOLD conflict (advisor: Yahoo Finance Enhanced)
Confidence calculation: Base=0.62, Adjusted=0.50 (Primary: BUY)
Confidence calculation: Base=0.75, Adjusted=0.75 (Primary: BUY)
Penny stocks allowed for user4 - including NVO (price: $58.50, market cap: $272718020608)
Confidence calculation: Base=0.82, Adjusted=0.82 (Primary: STRONG_BUY)
Penny stocks allowed for user4 - including DVLT (price: $1.52, market cap: $187308592)
Confidence calculation: Base=0.50, Adjusted=0.50 (Primary: HOLD)
Confidence calculation: Base=0.75, Adjusted=0.75 (Primary: BUY)
Penny stocks allowed for user4 - including COCH (price: $1.59, market cap: $37857864)
Confidence calculation: Base=0.55, Adjusted=0.55 (Primary: HOLD)
Confidence calculation: Base=0.75, Adjusted=0.75 (Primary: BUY)
Penny stocks allowed for user4 - including GOOGL (price: $245.36, market cap: $2915379970000)
Confidence calculation: Base=0.55, Adjusted=0.55 (Primary: HOLD)
Confidence calculation: Base=0.82, Adjusted=0.82 (Primary: STRONG_BUY)
Penny stocks allowed for user4 - including MSFT (price: $517.14, market cap: $3830758244000)
Confidence calculation: Base=0.75, Adjusted=0.75 (Primary: BUY)
Penny stocks allowed for user4 - including DFLI (price: $0.70, market cap: $32321926)
Confidence calculation: Base=0.75, Adjusted=0.75 (Primary: BUY)
Penny stocks allowed for user4 - including AGMH (price: $8.46, market cap: $20412814)
Confidence calculation: Base=0.75, Adjusted=0.75 (Primary: BUY)
Penny stocks allowed for user4 - including YCBD (price: $1.27, market cap: $12299883)
Confidence reduced by 0.21 for SELL conflict (advisor: Polygon.io Market Data)
Confidence calculation: Base=0.70, Adjusted=0.49 (Primary: BUY)
Confidence reduced by 0.23 for SELL conflict (advisor: Yahoo Finance Enhanced)
Confidence calculation: Base=0.68, Adjusted=0.46 (Primary: BUY)
No sell candidates found
Checking profit-taking opportunities (threshold: 10.00%, volatility: 20.00%)
MSFT: Recent gain: 0.0%, Volatility: 20.0%
✗ MSFT: Gain 0.0% or volatility 20.0% below thresholds
NFLX: Recent gain: 0.0%, Volatility: 20.0%
✗ NFLX: Gain 0.0% or volatility 20.0% below thresholds
YCBD: Recent gain: 5.0%, Volatility: 30.0%
✗ YCBD: Gain 5.0% or volatility 30.0% below thresholds
MBX: Recent gain: 3.8%, Volatility: 30.0%
✗ MBX: Gain 3.8% or volatility 30.0% below thresholds
PSTV: Recent gain: 1.5%, Volatility: 30.0%
✗ PSTV: Gain 1.5% or volatility 30.0% below thresholds
PALI: Recent gain: 0.0%, Volatility: 30.0%
✗ PALI: Gain 0.0% or volatility 30.0% below thresholds
DVLT: Recent gain: 0.0%, Volatility: 30.0%
✗ DVLT: Gain 0.0% or volatility 30.0% below thresholds
DFLI: Recent gain: 0.0%, Volatility: 30.0%
✗ DFLI: Gain 0.0% or volatility 30.0% below thresholds
RGTI: Recent gain: 0.0%, Volatility: 20.0%
✗ RGTI: Gain 0.0% or volatility 20.0% below thresholds
APLT: Recent gain: 0.0%, Volatility: 30.0%
✗ APLT: Gain 0.0% or volatility 30.0% below thresholds
QLGN: Recent gain: 0.0%, Volatility: 30.0%
✗ QLGN: Gain 0.0% or volatility 30.0% below thresholds
BA: Recent gain: 0.0%, Volatility: 20.0%
✗ BA: Gain 0.0% or volatility 20.0% below thresholds
DIS: Recent gain: 0.0%, Volatility: 20.0%
✗ DIS: Gain 0.0% or volatility 20.0% below thresholds
GOOGL: Recent gain: 0.0%, Volatility: 20.0%
✗ GOOGL: Gain 0.0% or volatility 20.0% below thresholds
AGMH: Recent gain: 0.0%, Volatility: 30.0%
✗ AGMH: Gain 0.0% or volatility 30.0% below thresholds
AAPL: Recent gain: 0.0%, Volatility: 20.0%
✗ AAPL: Gain 0.0% or volatility 20.0% below thresholds
BQ: Recent gain: 0.0%, Volatility: 30.0%
✗ BQ: Gain 0.0% or volatility 30.0% below thresholds
CHR: Recent gain: 0.0%, Volatility: 30.0%
✗ CHR: Gain 0.0% or volatility 30.0% below thresholds
BNAI: Recent gain: 0.0%, Volatility: 30.0%
✗ BNAI: Gain 0.0% or volatility 30.0% below thresholds
ASNS: Recent gain: 0.0%, Volatility: 30.0%
✗ ASNS: Gain 0.0% or volatility 30.0% below thresholds
NVO: Recent gain: 0.0%, Volatility: 20.0%
✗ NVO: Gain 0.0% or volatility 20.0% below thresholds
NVDA: Recent gain: 0.0%, Volatility: 20.0%
✗ NVDA: Gain 0.0% or volatility 20.0% below thresholds
AGRI: Recent gain: 0.0%, Volatility: 30.0%
✗ AGRI: Gain 0.0% or volatility 30.0% below thresholds
GPUS: Recent gain: 0.0%, Volatility: 30.0%
✗ GPUS: Gain 0.0% or volatility 30.0% below thresholds
SOPA: Recent gain: 0.0%, Volatility: 30.0%
✗ SOPA: Gain 0.0% or volatility 30.0% below thresholds
Profit-taking analysis completed: 0 opportunities found
Smart Analysis completed for user: user4. Generated 1 recommendations
Batch analysis completed for 1 users
Starting batch Smart Analysis for 3 users
Successfully retrieved market movers from Alpha Vantage
Found 15 market screening candidates: ['ZNB', 'EMO^', 'COCHW', 'TMQ', 'DNN', 'SOXS', 'YYAI', 'PCSA', 'GLTO', 'BURU', 'CISS', 'COCH', 'DVLT', 'OPEN', 'TSLL']
Found 15 high-confidence BUY candidates: ['GPUS', 'AAPL', 'AAPL', 'AGRI', 'AGRI', 'BQ', 'NVDA', 'NVDA', 'APLT', 'APLT', 'ASNS', 'DNN', 'MBX', 'MBX', 'BURU']
Found 15 market screening candidates: ['ZNB', 'EMO^', 'COCHW', 'TMQ', 'DNN', 'SOXS', 'YYAI', 'PCSA', 'GLTO', 'BURU', 'CISS', 'COCH', 'DVLT', 'OPEN', 'TSLL']
Found 15 high-confidence BUY candidates: ['GPUS', 'AAPL', 'AAPL', 'AGRI', 'AGRI', 'BQ', 'NVDA', 'NVDA', 'APLT', 'APLT', 'ASNS', 'DNN', 'MBX', 'MBX', 'BURU']
Found 15 market screening candidates: ['ZNB', 'EMO^', 'COCHW', 'TMQ', 'DNN', 'SOXS', 'YYAI', 'PCSA', 'GLTO', 'BURU', 'CISS', 'COCH', 'DVLT', 'OPEN', 'TSLL']
Found 15 high-confidence BUY candidates: ['GPUS', 'AAPL', 'AAPL', 'AGRI', 'AGRI', 'BQ', 'NVDA', 'NVDA', 'APLT', 'APLT', 'ASNS', 'DNN', 'MBX', 'MBX', 'BURU']
Found 43 unique stocks to analyze across all users
Batch analyzing 43 unique stocks
Skipping NVO - recent recommendations exist
Skipping ZNB - recent recommendations exist
Skipping NFLX - recent recommendations exist
Skipping APLT - recent recommendations exist
Skipping NVDA - recent recommendations exist
Skipping YCBD - recent recommendations exist
Skipping QLGN - recent recommendations exist
Yahoo Finance validation passed for PCSA
Yahoo Finance validation passed for PCSA
Updated quote for PCSA: $0.36
Successfully created and updated stock: PCSA
Getting recommendations for PCSA
Price target endpoint failed (403), using recommendation data
Finnhub recommendation for PCSA: BUY
Polygon recommendation for PCSA: SELL
FMP API error for PCSA: 402 Client Error: Payment Required for url: https://financialmodelingprep.com/stable/analyst-estimates?symbol=PCSA&apikey=ynOKFYxumAVxrcJAGhzuN4ZBjCtQcbR7
Enhanced Yahoo recommendation for PCSA: BUY
Generated 3 recommendations for PCSA
Yahoo Finance validation passed for CISS
Yahoo Finance validation passed for CISS
Updated quote for CISS: $4.07
Successfully created and updated stock: CISS
Getting recommendations for CISS
Price target endpoint failed (403), using recommendation data
Finnhub recommendation for CISS: HOLD
Polygon recommendation for CISS: SELL
FMP API error for CISS: 402 Client Error: Payment Required for url: https://financialmodelingprep.com/stable/analyst-estimates?symbol=CISS&apikey=ynOKFYxumAVxrcJAGhzuN4ZBjCtQcbR7
Enhanced Yahoo recommendation for CISS: BUY
Generated 3 recommendations for CISS
Skipping AGMH - recent recommendations exist
Skipping BQ - recent recommendations exist
Yahoo Finance validation passed for GDEVW
Getting recommendations for GDEVW
Price target endpoint failed (403), using recommendation data
Finnhub recommendation for GDEVW: HOLD
Error fetching Polygon data for GDEVW: 429 Client Error: Too Many Requests for url: https://api.polygon.io/v2/aggs/ticker/GDEVW/range/1/day/2024-01-01/2024-12-31?apikey=MSVhtqDKV9HyMOdla5UunU2EFs53MweY&limit=50
FMP API error for GDEVW: 402 Client Error: Payment Required for url: https://financialmodelingprep.com/stable/analyst-estimates?symbol=GDEVW&apikey=ynOKFYxumAVxrcJAGhzuN4ZBjCtQcbR7
Enhanced Yahoo recommendation for GDEVW: BUY
Generated 2 recommendations for GDEVW
Yahoo Finance validation passed for ONMDW
Getting recommendations for ONMDW
Price target endpoint failed (403), using recommendation data
Finnhub recommendation for ONMDW: HOLD
Error fetching Polygon data for ONMDW: 429 Client Error: Too Many Requests for url: https://api.polygon.io/v2/aggs/ticker/ONMDW/prev?apikey=MSVhtqDKV9HyMOdla5UunU2EFs53MweY
FMP API error for ONMDW: 402 Client Error: Payment Required for url: https://financialmodelingprep.com/stable/analyst-estimates?symbol=ONMDW&apikey=ynOKFYxumAVxrcJAGhzuN4ZBjCtQcbR7
Enhanced Yahoo recommendation for ONMDW: SELL
Generated 2 recommendations for ONMDW
Skipping DFLI - recent recommendations exist
Skipping COCHW - recent recommendations exist
Skipping MSFT - recent recommendations exist
Skipping COCH - recent recommendations exist
Skipping DVLT - recent recommendations exist
Skipping OPEN - recent recommendations exist
Skipping CHR - recent recommendations exist
Yahoo Finance validation passed for TSLL
Getting recommendations for TSLL
Price target endpoint failed (403), using recommendation data
Finnhub recommendation for TSLL: HOLD
Error fetching Polygon data for TSLL: 429 Client Error: Too Many Requests for url: https://api.polygon.io/v2/aggs/ticker/TSLL/prev?apikey=MSVhtqDKV9HyMOdla5UunU2EFs53MweY
FMP API error for TSLL: 402 Client Error: Payment Required for url: https://financialmodelingprep.com/stable/analyst-estimates?symbol=TSLL&apikey=ynOKFYxumAVxrcJAGhzuN4ZBjCtQcbR7
Enhanced Yahoo recommendation for TSLL: HOLD
Generated 2 recommendations for TSLL
Skipping DIS - recent recommendations exist
Skipping AAPL - recent recommendations exist
Skipping BNAI - recent recommendations exist
Skipping AGRI - recent recommendations exist
Skipping PALI - recent recommendations exist
Failed to get quote for EMO^: No price data available for EMO^
Yahoo Finance validation failed for EMO^: Failed to fetch quote for EMO^: No price data available for EMO^
Skipping EMO^ - not recognized by Yahoo Finance
Skipping BURU - recent recommendations exist
Skipping MBX - recent recommendations exist
Skipping GOOGL - recent recommendations exist
Skipping BA - recent recommendations exist
Skipping TMQ - recent recommendations exist
Skipping DNN - recent recommendations exist
Skipping SOXS - recent recommendations exist
Skipping ASNS - recent recommendations exist
Skipping YYAI - recent recommendations exist
Skipping PSTV - recent recommendations exist
Skipping GLTO - recent recommendations exist
Skipping RGTI - recent recommendations exist
Skipping GPUS - recent recommendations exist
Yahoo Finance validation passed for ATCH
Getting recommendations for ATCH
Price target endpoint failed (403), using recommendation data
Finnhub recommendation for ATCH: HOLD
Polygon recommendation for ATCH: SELL
FMP API error for ATCH: 402 Client Error: Payment Required for url: https://financialmodelingprep.com/stable/analyst-estimates?symbol=ATCH&apikey=ynOKFYxumAVxrcJAGhzuN4ZBjCtQcbR7
Enhanced Yahoo recommendation for ATCH: HOLD
Generated 3 recommendations for ATCH
Yahoo Finance validation passed for MRM
Getting recommendations for MRM
Price target endpoint failed (403), using recommendation data
Finnhub recommendation for MRM: HOLD
Polygon recommendation for MRM: HOLD
FMP API error for MRM: 402 Client Error: Payment Required for url: https://financialmodelingprep.com/stable/analyst-estimates?symbol=MRM&apikey=ynOKFYxumAVxrcJAGhzuN4ZBjCtQcbR7
Enhanced Yahoo recommendation for MRM: STRONG_BUY
Generated 3 recommendations for MRM
Yahoo Finance validation passed for AQMS
Getting recommendations for AQMS
Price target endpoint failed (403), using recommendation data
Finnhub recommendation for AQMS: BUY
Error fetching Polygon data for AQMS: 429 Client Error: Too Many Requests for url: https://api.polygon.io/v2/aggs/ticker/AQMS/range/1/day/2024-01-01/2024-12-31?apikey=MSVhtqDKV9HyMOdla5UunU2EFs53MweY&limit=50
FMP API error for AQMS: 402 Client Error: Payment Required for url: https://financialmodelingprep.com/stable/analyst-estimates?symbol=AQMS&apikey=ynOKFYxumAVxrcJAGhzuN4ZBjCtQcbR7
Enhanced Yahoo recommendation for AQMS: HOLD
Generated 2 recommendations for AQMS
Analyzing user user1 with existing recommendations
Found 15 market screening candidates: ['ZNB', 'EMO^', 'COCHW', 'TMQ', 'DNN', 'SOXS', 'YYAI', 'PCSA', 'GLTO', 'BURU', 'CISS', 'COCH', 'DVLT', 'OPEN', 'TSLL']
Found 15 high-confidence BUY candidates: ['AQMS', 'GDEVW', 'CISS', 'PCSA', 'PCSA', 'GPUS', 'AAPL', 'AAPL', 'AGRI', 'AGRI', 'BQ', 'NVDA', 'NVDA', 'APLT', 'APLT']
Fetching real-time prices for 41 stocks
Real-time price for ZNB: $3.4
Real-time price for NVO: $59.02
Real-time price for NFLX: $1191.06
Real-time price for APLT: $1.07
Real-time price for NVDA: $185.04
Real-time price for PCSA: $0.36
Real-time price for QLGN: $5.03
Real-time price for YCBD: $1.48
Real-time price for CISS: $4.07
Real-time price for BQ: $11.55
Real-time price for AGMH: $6.8
Real-time price for GDEVW: $0.0358
Real-time price for ONMDW: $0.129
Real-time price for DFLI: $1.44
Real-time price for COCHW: $0.085
Real-time price for MSFT: $523.98
Real-time price for COCH: $1.59
Real-time price for DVLT: $2.53
Real-time price for OPEN: $9.29
Real-time price for CHR: $0.161
Real-time price for TSLL: $19.83
Real-time price for DIS: $112.53
Real-time price for AAPL: $256.48
Real-time price for BNAI: $0.691
Real-time price for AGRI: $3.78
Real-time price for PALI: $1.68
Real-time price for BURU: $0.475
Real-time price for MBX: $15.8
Real-time price for GOOGL: $245.76
Real-time price for BA: $221.82
Real-time price for DNN: $2.85
Real-time price for TMQ: $6.5
Real-time price for SOXS: $4.55
Real-time price for ASNS: $0.6685
Real-time price for YYAI: $0.18
Real-time price for PSTV: $0.8211
Real-time price for GLTO: $17.92
Real-time price for GPUS: $0.63
Real-time price for ATCH: $0.3954
Real-time price for MRM: $1.91
Real-time price for AQMS: $5.96
Successfully fetched 41 real-time prices
Confidence reduced by 0.12 for HOLD conflict (advisor: Yahoo Finance Enhanced)
Confidence calculation: Base=0.62, Adjusted=0.50 (Primary: BUY)
Confidence calculation: Base=0.63, Adjusted=0.63 (Primary: HOLD)
Confidence calculation: Base=0.53, Adjusted=0.53 (Primary: HOLD)
Confidence calculation: Base=0.50, Adjusted=0.50 (Primary: HOLD)
Confidence calculation: Base=0.58, Adjusted=0.58 (Primary: HOLD)
Confidence reduced by 0.12 for HOLD conflict (advisor: Finnhub Market Intelligence)
Confidence calculation: Base=0.62, Adjusted=0.50 (Primary: BUY)
Confidence reduced by 0.21 for SELL conflict (advisor: Polygon.io Market Data)
Confidence reduced by 0.12 for HOLD conflict (advisor: Finnhub Market Intelligence)
Confidence calculation: Base=0.62, Adjusted=0.28 (Primary: BUY)
Confidence reduced by 0.21 for SELL conflict (advisor: Polygon.io Market Data)
Confidence calculation: Base=0.70, Adjusted=0.49 (Primary: BUY)
Confidence reduced by 0.12 for HOLD conflict (advisor: Yahoo Finance Enhanced)
Confidence calculation: Base=0.62, Adjusted=0.50 (Primary: BUY)
Confidence calculation: Base=0.75, Adjusted=0.75 (Primary: BUY)
Confidence calculation: Base=0.75, Adjusted=0.75 (Primary: BUY)
Confidence reduced by 0.23 for SELL conflict (advisor: Yahoo Finance Enhanced)
Confidence calculation: Base=0.70, Adjusted=0.47 (Primary: BUY)
Confidence calculation: Base=0.75, Adjusted=0.75 (Primary: BUY)
Confidence calculation: Base=0.53, Adjusted=0.53 (Primary: HOLD)
Confidence calculation: Base=0.75, Adjusted=0.75 (Primary: BUY)
Confidence calculation: Base=0.62, Adjusted=0.62 (Primary: SELL)
Confidence reduced by 0.12 for HOLD conflict (advisor: Yahoo Finance Enhanced)
Confidence calculation: Base=0.70, Adjusted=0.58 (Primary: STRONG_BUY)
Confidence reduced by 0.12 for HOLD conflict (advisor: Yahoo Finance Enhanced)
Confidence calculation: Base=0.62, Adjusted=0.50 (Primary: BUY)
Confidence reduced by 0.12 for HOLD conflict (advisor: Yahoo Finance Enhanced)
Confidence calculation: Base=0.62, Adjusted=0.50 (Primary: BUY)
Confidence calculation: Base=0.75, Adjusted=0.75 (Primary: BUY)
Confidence reduced by 0.21 for SELL conflict (advisor: Polygon.io Market Data)
Confidence reduced by 0.12 for HOLD conflict (advisor: Finnhub Market Intelligence)
Confidence calculation: Base=0.62, Adjusted=0.28 (Primary: BUY)
Confidence calculation: Base=0.75, Adjusted=0.75 (Primary: BUY)
Confidence calculation: Base=0.50, Adjusted=0.50 (Primary: HOLD)
Confidence calculation: Base=0.50, Adjusted=0.50 (Primary: HOLD)
Confidence calculation: Base=0.50, Adjusted=0.50 (Primary: HOLD)
Confidence calculation: Base=0.75, Adjusted=0.75 (Primary: BUY)
Confidence calculation: Base=0.75, Adjusted=0.75 (Primary: BUY)
Confidence calculation: Base=0.75, Adjusted=0.75 (Primary: BUY)
Confidence reduced by 0.12 for HOLD conflict (advisor: Polygon.io Market Data)
Confidence calculation: Base=0.67, Adjusted=0.54 (Primary: BUY)
Confidence reduced by 0.12 for HOLD conflict (advisor: Yahoo Finance Enhanced)
Confidence calculation: Base=0.62, Adjusted=0.50 (Primary: BUY)
Confidence calculation: Base=0.75, Adjusted=0.75 (Primary: BUY)
Confidence calculation: Base=0.82, Adjusted=0.82 (Primary: STRONG_BUY)
Confidence calculation: Base=0.75, Adjusted=0.75 (Primary: BUY)
Confidence calculation: Base=0.55, Adjusted=0.55 (Primary: HOLD)
Confidence calculation: Base=0.75, Adjusted=0.75 (Primary: BUY)
Confidence calculation: Base=0.55, Adjusted=0.55 (Primary: HOLD)
Confidence calculation: Base=0.82, Adjusted=0.82 (Primary: STRONG_BUY)
Confidence calculation: Base=0.75, Adjusted=0.75 (Primary: BUY)
Confidence calculation: Base=0.75, Adjusted=0.75 (Primary: BUY)
Confidence calculation: Base=0.75, Adjusted=0.75 (Primary: BUY)
Confidence reduced by 0.21 for SELL conflict (advisor: Polygon.io Market Data)
Confidence calculation: Base=0.70, Adjusted=0.49 (Primary: BUY)
Evaluating 5 sell candidates with SellWeight=5 (portfolio=5, risk_profile=5)
MRM: HOLD confidence=0.63, adjusted=0.16 (SellWeight=5)
✗ MRM: Adjusted confidence 0.16 below threshold 0.30
GDEVW: HOLD confidence=0.50, adjusted=0.12 (SellWeight=5)
✗ GDEVW: Adjusted confidence 0.12 below threshold 0.30
ATCH: HOLD confidence=0.53, adjusted=0.13 (SellWeight=5)
✗ ATCH: Adjusted confidence 0.13 below threshold 0.30
ONMDW: HOLD confidence=0.58, adjusted=0.14 (SellWeight=5)
✗ ONMDW: Adjusted confidence 0.14 below threshold 0.30
OPEN: SELL confidence=0.62, adjusted=0.31 (SellWeight=5)
✓ SELL recommendation for OPEN: 24 shares (31.0%) - $222.96
Sell algorithm completed: 1 sell recommendations generated
Checking profit-taking opportunities (threshold: 10.00%, volatility: 20.00%)
GOOGL: Recent gain: 0.0%, Volatility: 20.0%
✗ GOOGL: Gain 0.0% or volatility 20.0% below thresholds
MSFT: Recent gain: 0.0%, Volatility: 20.0%
✗ MSFT: Gain 0.0% or volatility 20.0% below thresholds
NVDA: Recent gain: 6.9%, Volatility: 20.0%
✗ NVDA: Gain 6.9% or volatility 20.0% below thresholds
AGMH: Recent gain: 0.0%, Volatility: 30.0%
✗ AGMH: Gain 0.0% or volatility 30.0% below thresholds
DIS: Recent gain: 0.0%, Volatility: 20.0%
✗ DIS: Gain 0.0% or volatility 20.0% below thresholds
BA: Recent gain: 0.6%, Volatility: 20.0%
✗ BA: Gain 0.6% or volatility 20.0% below thresholds
NFLX: Recent gain: 0.0%, Volatility: 20.0%
✗ NFLX: Gain 0.0% or volatility 20.0% below thresholds
AAPL: Recent gain: 1.3%, Volatility: 20.0%
✗ AAPL: Gain 1.3% or volatility 20.0% below thresholds
QLGN: Recent gain: 7.6%, Volatility: 30.0%
✗ QLGN: Gain 7.6% or volatility 30.0% below thresholds
AGRI: Recent gain: 0.0%, Volatility: 30.0%
✗ AGRI: Gain 0.0% or volatility 30.0% below thresholds
NVO: Recent gain: 0.0%, Volatility: 20.0%
✗ NVO: Gain 0.0% or volatility 20.0% below thresholds
MBX: Recent gain: 0.0%, Volatility: 30.0%
✗ MBX: Gain 0.0% or volatility 30.0% below thresholds
GDEVW: Recent gain: 0.0%, Volatility: 25.0%
✗ GDEVW: Gain 0.0% or volatility 25.0% below thresholds
ONMDW: Recent gain: 66.7%, Volatility: 25.0%
✓ Profit-taking opportunity for ONMDW: 47953 shares (50.0%) - $2397.65
OPEN: Recent gain: 0.0%, Volatility: 25.0%
✗ OPEN: Gain 0.0% or volatility 25.0% below thresholds
ATCH: Recent gain: 30.0%, Volatility: 30.0%
✓ Profit-taking opportunity for ATCH: 1405 shares (50.0%) - $730.60
MRM: Recent gain: 0.0%, Volatility: 30.0%
✗ MRM: Gain 0.0% or volatility 30.0% below thresholds
DFLI: Recent gain: 34.6%, Volatility: 30.0%
✓ Profit-taking opportunity for DFLI: 179 shares (50.0%) - $125.30
APLT: Recent gain: 0.0%, Volatility: 30.0%
✗ APLT: Gain 0.0% or volatility 30.0% below thresholds
DVLT: Recent gain: 39.4%, Volatility: 30.0%
✓ Profit-taking opportunity for DVLT: 84 shares (50.0%) - $127.68
GPUS: Recent gain: 8.7%, Volatility: 30.0%
✗ GPUS: Gain 8.7% or volatility 30.0% below thresholds
AQMS: Recent gain: 1.4%, Volatility: 30.0%
✗ AQMS: Gain 1.4% or volatility 30.0% below thresholds
PSTV: Recent gain: 0.0%, Volatility: 30.0%
✗ PSTV: Gain 0.0% or volatility 30.0% below thresholds
YCBD: Recent gain: 0.0%, Volatility: 30.0%
✗ YCBD: Gain 0.0% or volatility 30.0% below thresholds
BQ: Recent gain: 13.5%, Volatility: 30.0%
✓ Profit-taking opportunity for BQ: 4 shares (33.8%) - $44.28
PALI: Recent gain: 0.0%, Volatility: 30.0%
✗ PALI: Gain 0.0% or volatility 30.0% below thresholds
CHR: Recent gain: 0.0%, Volatility: 30.0%
✗ CHR: Gain 0.0% or volatility 30.0% below thresholds
BNAI: Recent gain: 0.0%, Volatility: 30.0%
✗ BNAI: Gain 0.0% or volatility 30.0% below thresholds
ASNS: Recent gain: 0.0%, Volatility: 30.0%
✗ ASNS: Gain 0.0% or volatility 30.0% below thresholds
Profit-taking analysis completed: 5 opportunities found
Smart Analysis completed for user: user1. Generated 9 recommendations
Analyzing user user2 with existing recommendations
Found 15 market screening candidates: ['ZNB', 'EMO^', 'COCHW', 'TMQ', 'DNN', 'SOXS', 'YYAI', 'PCSA', 'GLTO', 'BURU', 'CISS', 'COCH', 'DVLT', 'OPEN', 'TSLL']
Found 15 high-confidence BUY candidates: ['AQMS', 'GDEVW', 'CISS', 'PCSA', 'PCSA', 'GPUS', 'AAPL', 'AAPL', 'AGRI', 'AGRI', 'BQ', 'NVDA', 'NVDA', 'APLT', 'APLT']
Fetching real-time prices for 30 stocks
Real-time price for ZNB: $3.4
Real-time price for NVO: $59.02
Real-time price for NFLX: $1191.06
Real-time price for APLT: $1.07
Real-time price for NVDA: $185.04
Real-time price for PCSA: $0.36
Real-time price for CISS: $4.07
Real-time price for BQ: $11.55
Real-time price for GDEVW: $0.0358
Real-time price for COCHW: $0.085
Real-time price for MSFT: $523.98
Real-time price for COCH: $1.59
Real-time price for DVLT: $2.53
Real-time price for OPEN: $9.29
Real-time price for TSLL: $19.83
Real-time price for DIS: $112.53
Real-time price for AAPL: $256.48
Real-time price for AGRI: $3.78
Real-time price for BURU: $0.475
Real-time price for MBX: $15.8
Real-time price for GOOGL: $245.76
Real-time price for BA: $221.82
Real-time price for DNN: $2.85
Real-time price for TMQ: $6.5
Real-time price for SOXS: $4.55
Real-time price for YYAI: $0.18
Real-time price for GLTO: $17.92
Real-time price for RGTI: $43.91
Real-time price for GPUS: $0.63
Real-time price for AQMS: $5.96
Successfully fetched 30 real-time prices
Confidence reduced by 0.12 for HOLD conflict (advisor: Yahoo Finance Enhanced)
Confidence calculation: Base=0.62, Adjusted=0.50 (Primary: BUY)
Confidence calculation: Base=0.50, Adjusted=0.50 (Primary: HOLD)
Confidence reduced by 0.12 for HOLD conflict (advisor: Finnhub Market Intelligence)
Confidence calculation: Base=0.62, Adjusted=0.50 (Primary: BUY)
Confidence reduced by 0.21 for SELL conflict (advisor: Polygon.io Market Data)
Confidence reduced by 0.12 for HOLD conflict (advisor: Finnhub Market Intelligence)
Confidence calculation: Base=0.62, Adjusted=0.28 (Primary: BUY)
Confidence reduced by 0.21 for SELL conflict (advisor: Polygon.io Market Data)
Confidence calculation: Base=0.70, Adjusted=0.49 (Primary: BUY)
Confidence reduced by 0.12 for HOLD conflict (advisor: Yahoo Finance Enhanced)
Confidence calculation: Base=0.62, Adjusted=0.50 (Primary: BUY)
Confidence calculation: Base=0.75, Adjusted=0.75 (Primary: BUY)
Confidence calculation: Base=0.75, Adjusted=0.75 (Primary: BUY)
Filtering out penny stock: AGRI (price: $4.06, min: $5.00)
Confidence reduced by 0.23 for SELL conflict (advisor: Yahoo Finance Enhanced)
Confidence calculation: Base=0.70, Adjusted=0.47 (Primary: BUY)
Confidence calculation: Base=0.75, Adjusted=0.75 (Primary: BUY)
Confidence calculation: Base=0.53, Adjusted=0.53 (Primary: HOLD)
Confidence calculation: Base=0.75, Adjusted=0.75 (Primary: BUY)
Filtering out penny stock: APLT (price: $0.74, min: $5.00)
Confidence calculation: Base=0.62, Adjusted=0.62 (Primary: SELL)
Confidence reduced by 0.12 for HOLD conflict (advisor: Yahoo Finance Enhanced)
Confidence calculation: Base=0.62, Adjusted=0.50 (Primary: BUY)
Confidence calculation: Base=0.75, Adjusted=0.75 (Primary: BUY)
Filtering out micro-cap stock: MBX (market cap: $671,877,248, min: $1,000,000,000)
Confidence reduced by 0.21 for SELL conflict (advisor: Polygon.io Market Data)
Confidence reduced by 0.12 for HOLD conflict (advisor: Finnhub Market Intelligence)
Confidence calculation: Base=0.62, Adjusted=0.28 (Primary: BUY)
Confidence calculation: Base=0.75, Adjusted=0.75 (Primary: BUY)
Confidence calculation: Base=0.50, Adjusted=0.50 (Primary: HOLD)
Confidence calculation: Base=0.50, Adjusted=0.50 (Primary: HOLD)
Confidence calculation: Base=0.50, Adjusted=0.50 (Primary: HOLD)
Confidence calculation: Base=0.75, Adjusted=0.75 (Primary: BUY)
Confidence calculation: Base=0.75, Adjusted=0.75 (Primary: BUY)
Confidence calculation: Base=0.75, Adjusted=0.75 (Primary: BUY)
Confidence calculation: Base=0.82, Adjusted=0.82 (Primary: STRONG_BUY)
Filtering out penny stock: DVLT (price: $1.52, min: $5.00)
Confidence calculation: Base=0.75, Adjusted=0.75 (Primary: BUY)
Filtering out penny stock: COCH (price: $1.59, min: $5.00)
Confidence calculation: Base=0.55, Adjusted=0.55 (Primary: HOLD)
Confidence calculation: Base=0.75, Adjusted=0.75 (Primary: BUY)
Confidence calculation: Base=0.55, Adjusted=0.55 (Primary: HOLD)
Confidence calculation: Base=0.82, Adjusted=0.82 (Primary: STRONG_BUY)
Confidence reduced by 0.23 for SELL conflict (advisor: Yahoo Finance Enhanced)
Confidence calculation: Base=0.68, Adjusted=0.46 (Primary: BUY)
No sell candidates found
Checking profit-taking opportunities (threshold: 10.00%, volatility: 20.00%)
AAPL: Recent gain: 0.6%, Volatility: 20.0%
✗ AAPL: Gain 0.6% or volatility 20.0% below thresholds
MBX: Recent gain: 0.0%, Volatility: 30.0%
✗ MBX: Gain 0.0% or volatility 30.0% below thresholds
GOOGL: Recent gain: 0.0%, Volatility: 20.0%
✗ GOOGL: Gain 0.0% or volatility 20.0% below thresholds
NVDA: Recent gain: 4.6%, Volatility: 20.0%
✗ NVDA: Gain 4.6% or volatility 20.0% below thresholds
BA: Recent gain: 0.1%, Volatility: 20.0%
✗ BA: Gain 0.1% or volatility 20.0% below thresholds
DIS: Recent gain: 0.0%, Volatility: 20.0%
✗ DIS: Gain 0.0% or volatility 20.0% below thresholds
NFLX: Recent gain: 0.0%, Volatility: 20.0%
✗ NFLX: Gain 0.0% or volatility 20.0% below thresholds
MSFT: Recent gain: 1.1%, Volatility: 20.0%
✗ MSFT: Gain 1.1% or volatility 20.0% below thresholds
RGTI: Recent gain: 0.0%, Volatility: 20.0%
✗ RGTI: Gain 0.0% or volatility 20.0% below thresholds
NVO: Recent gain: 0.0%, Volatility: 20.0%
✗ NVO: Gain 0.0% or volatility 20.0% below thresholds
Profit-taking analysis completed: 0 opportunities found
Smart Analysis completed for user: user2. Generated 1 recommendations
Analyzing user user3 with existing recommendations
Found 15 market screening candidates: ['ZNB', 'EMO^', 'COCHW', 'TMQ', 'DNN', 'SOXS', 'YYAI', 'PCSA', 'GLTO', 'BURU', 'CISS', 'COCH', 'DVLT', 'OPEN', 'TSLL']
Found 15 high-confidence BUY candidates: ['AQMS', 'GDEVW', 'CISS', 'PCSA', 'PCSA', 'GPUS', 'AAPL', 'AAPL', 'AGRI', 'AGRI', 'BQ', 'NVDA', 'NVDA', 'APLT', 'APLT']
Fetching real-time prices for 38 stocks
Real-time price for ZNB: $3.4
Real-time price for NVO: $59.02
Real-time price for NFLX: $1191.06
Real-time price for APLT: $1.07
Real-time price for NVDA: $185.04
Real-time price for PCSA: $0.36
Real-time price for YCBD: $1.48
Real-time price for CISS: $4.07
Real-time price for BQ: $11.55
Real-time price for AGMH: $6.8
Real-time price for GDEVW: $0.0358
Real-time price for DFLI: $1.44
Real-time price for COCHW: $0.085
Real-time price for MSFT: $523.98
Real-time price for COCH: $1.59
Real-time price for DVLT: $2.53
Real-time price for OPEN: $9.29
Real-time price for CHR: $0.161
Real-time price for TSLL: $19.83
Real-time price for DIS: $112.53
Real-time price for AAPL: $256.48
Real-time price for BNAI: $0.691
Real-time price for AGRI: $3.78
Real-time price for PALI: $1.68
Real-time price for BURU: $0.475
Real-time price for MBX: $15.8
Real-time price for GOOGL: $245.76
Real-time price for BA: $221.82
Real-time price for DNN: $2.85
Real-time price for TMQ: $6.5
Real-time price for SOXS: $4.55
Real-time price for ASNS: $0.6685
Real-time price for YYAI: $0.18
Real-time price for PSTV: $0.8211
Real-time price for GLTO: $17.92
Real-time price for RGTI: $43.91
Real-time price for GPUS: $0.63
Real-time price for AQMS: $5.96
Successfully fetched 38 real-time prices
Confidence reduced by 0.12 for HOLD conflict (advisor: Yahoo Finance Enhanced)
Confidence calculation: Base=0.62, Adjusted=0.50 (Primary: BUY)
Confidence calculation: Base=0.50, Adjusted=0.50 (Primary: HOLD)
Confidence reduced by 0.12 for HOLD conflict (advisor: Finnhub Market Intelligence)
Confidence calculation: Base=0.62, Adjusted=0.50 (Primary: BUY)
Confidence reduced by 0.21 for SELL conflict (advisor: Polygon.io Market Data)
Confidence reduced by 0.12 for HOLD conflict (advisor: Finnhub Market Intelligence)
Confidence calculation: Base=0.62, Adjusted=0.28 (Primary: BUY)
Confidence reduced by 0.21 for SELL conflict (advisor: Polygon.io Market Data)
Confidence calculation: Base=0.70, Adjusted=0.49 (Primary: BUY)
Confidence reduced by 0.12 for HOLD conflict (advisor: Yahoo Finance Enhanced)
Confidence calculation: Base=0.62, Adjusted=0.50 (Primary: BUY)
Confidence calculation: Base=0.75, Adjusted=0.75 (Primary: BUY)
Penny stocks allowed for user3 - including AAPL (price: $255.84, market cap: $3512722522000)
Confidence calculation: Base=0.75, Adjusted=0.75 (Primary: BUY)
Penny stocks allowed for user3 - including AGRI (price: $4.06, market cap: $7503996)
Confidence reduced by 0.23 for SELL conflict (advisor: Yahoo Finance Enhanced)
Confidence calculation: Base=0.70, Adjusted=0.47 (Primary: BUY)
Confidence calculation: Base=0.75, Adjusted=0.75 (Primary: BUY)
Penny stocks allowed for user3 - including NVDA (price: $188.90, market cap: $4329385492000)
Confidence calculation: Base=0.53, Adjusted=0.53 (Primary: HOLD)
Confidence calculation: Base=0.75, Adjusted=0.75 (Primary: BUY)
Penny stocks allowed for user3 - including APLT (price: $0.74, market cap: $178575040)
Confidence calculation: Base=0.62, Adjusted=0.62 (Primary: SELL)
Penny stocks allowed for user3 - including OPEN (price: $8.06, market cap: $6218962432)
Confidence reduced by 0.12 for HOLD conflict (advisor: Yahoo Finance Enhanced)
Confidence calculation: Base=0.70, Adjusted=0.58 (Primary: STRONG_BUY)
Confidence reduced by 0.12 for HOLD conflict (advisor: Yahoo Finance Enhanced)
Confidence calculation: Base=0.62, Adjusted=0.50 (Primary: BUY)
Confidence reduced by 0.12 for HOLD conflict (advisor: Yahoo Finance Enhanced)
Confidence calculation: Base=0.62, Adjusted=0.50 (Primary: BUY)
Confidence calculation: Base=0.75, Adjusted=0.75 (Primary: BUY)
Penny stocks allowed for user3 - including MBX (price: $18.16, market cap: $671877248)
Confidence reduced by 0.21 for SELL conflict (advisor: Polygon.io Market Data)
Confidence reduced by 0.12 for HOLD conflict (advisor: Finnhub Market Intelligence)
Confidence calculation: Base=0.62, Adjusted=0.28 (Primary: BUY)
Confidence calculation: Base=0.75, Adjusted=0.75 (Primary: BUY)
Penny stocks allowed for user3 - including DIS (price: $112.33, market cap: $207175925760)
Confidence calculation: Base=0.50, Adjusted=0.50 (Primary: HOLD)
Confidence calculation: Base=0.50, Adjusted=0.50 (Primary: HOLD)
Confidence calculation: Base=0.50, Adjusted=0.50 (Primary: HOLD)
Confidence calculation: Base=0.75, Adjusted=0.75 (Primary: BUY)
Penny stocks allowed for user3 - including NFLX (price: $1143.54, market cap: $510128324608)
Confidence calculation: Base=0.75, Adjusted=0.75 (Primary: BUY)
Penny stocks allowed for user3 - including BA (price: $216.93, market cap: $162589032448)
Confidence reduced by 0.12 for HOLD conflict (advisor: Polygon.io Market Data)
Confidence calculation: Base=0.67, Adjusted=0.54 (Primary: BUY)
Confidence reduced by 0.12 for HOLD conflict (advisor: Yahoo Finance Enhanced)
Confidence calculation: Base=0.62, Adjusted=0.50 (Primary: BUY)
Confidence calculation: Base=0.75, Adjusted=0.75 (Primary: BUY)
Penny stocks allowed for user3 - including NVO (price: $58.50, market cap: $272718020608)
Confidence calculation: Base=0.82, Adjusted=0.82 (Primary: STRONG_BUY)
Penny stocks allowed for user3 - including DVLT (price: $1.52, market cap: $187308592)
Confidence calculation: Base=0.75, Adjusted=0.75 (Primary: BUY)
Penny stocks allowed for user3 - including COCH (price: $1.59, market cap: $37857864)
Confidence calculation: Base=0.55, Adjusted=0.55 (Primary: HOLD)
Confidence calculation: Base=0.75, Adjusted=0.75 (Primary: BUY)
Penny stocks allowed for user3 - including GOOGL (price: $245.36, market cap: $2915379970000)
Confidence calculation: Base=0.55, Adjusted=0.55 (Primary: HOLD)
Confidence calculation: Base=0.82, Adjusted=0.82 (Primary: STRONG_BUY)
Penny stocks allowed for user3 - including MSFT (price: $517.14, market cap: $3830758244000)
Confidence calculation: Base=0.75, Adjusted=0.75 (Primary: BUY)
Penny stocks allowed for user3 - including DFLI (price: $0.70, market cap: $32321926)
Confidence calculation: Base=0.75, Adjusted=0.75 (Primary: BUY)
Penny stocks allowed for user3 - including AGMH (price: $8.46, market cap: $20412814)
Confidence calculation: Base=0.75, Adjusted=0.75 (Primary: BUY)
Penny stocks allowed for user3 - including YCBD (price: $1.27, market cap: $12299883)
Confidence reduced by 0.21 for SELL conflict (advisor: Polygon.io Market Data)
Confidence calculation: Base=0.70, Adjusted=0.49 (Primary: BUY)
Confidence reduced by 0.23 for SELL conflict (advisor: Yahoo Finance Enhanced)
Confidence calculation: Base=0.68, Adjusted=0.46 (Primary: BUY)
No sell candidates found
Checking profit-taking opportunities (threshold: 10.00%, volatility: 20.00%)
NVDA: Recent gain: 3.9%, Volatility: 20.0%
✗ NVDA: Gain 3.9% or volatility 20.0% below thresholds
YCBD: Recent gain: 0.0%, Volatility: 30.0%
✗ YCBD: Gain 0.0% or volatility 30.0% below thresholds
PSTV: Recent gain: 0.0%, Volatility: 30.0%
✗ PSTV: Gain 0.0% or volatility 30.0% below thresholds
DFLI: Recent gain: 6.1%, Volatility: 30.0%
✗ DFLI: Gain 6.1% or volatility 30.0% below thresholds
AQMS: Recent gain: 4.8%, Volatility: 30.0%
✗ AQMS: Gain 4.8% or volatility 30.0% below thresholds
MSFT: Recent gain: 0.5%, Volatility: 20.0%
✗ MSFT: Gain 0.5% or volatility 20.0% below thresholds
GOOGL: Recent gain: 0.5%, Volatility: 20.0%
✗ GOOGL: Gain 0.5% or volatility 20.0% below thresholds
BA: Recent gain: 0.0%, Volatility: 20.0%
✗ BA: Gain 0.0% or volatility 20.0% below thresholds
NFLX: Recent gain: 0.0%, Volatility: 20.0%
✗ NFLX: Gain 0.0% or volatility 20.0% below thresholds
MBX: Recent gain: 3.8%, Volatility: 30.0%
✗ MBX: Gain 3.8% or volatility 30.0% below thresholds
PALI: Recent gain: 0.0%, Volatility: 30.0%
✗ PALI: Gain 0.0% or volatility 30.0% below thresholds
DIS: Recent gain: 0.0%, Volatility: 20.0%
✗ DIS: Gain 0.0% or volatility 20.0% below thresholds
AGMH: Recent gain: 0.0%, Volatility: 30.0%
✗ AGMH: Gain 0.0% or volatility 30.0% below thresholds
AAPL: Recent gain: 0.0%, Volatility: 20.0%
✗ AAPL: Gain 0.0% or volatility 20.0% below thresholds
RGTI: Recent gain: 0.0%, Volatility: 20.0%
✗ RGTI: Gain 0.0% or volatility 20.0% below thresholds
NVO: Recent gain: 0.0%, Volatility: 20.0%
✗ NVO: Gain 0.0% or volatility 20.0% below thresholds
CHR: Recent gain: 0.0%, Volatility: 30.0%
✗ CHR: Gain 0.0% or volatility 30.0% below thresholds
AGRI: Recent gain: 0.0%, Volatility: 30.0%
✗ AGRI: Gain 0.0% or volatility 30.0% below thresholds
BNAI: Recent gain: 0.0%, Volatility: 30.0%
✗ BNAI: Gain 0.0% or volatility 30.0% below thresholds
ASNS: Recent gain: 0.0%, Volatility: 30.0%
✗ ASNS: Gain 0.0% or volatility 30.0% below thresholds
Profit-taking analysis completed: 0 opportunities found
Smart Analysis completed for user: user3. Generated 3 recommendations
Batch analysis completed for 3 users
Buy all smart recommendations requested by user: user3
Found 3 pending BUY recommendations
Portfolio cash: $34352.95
Total cost: $13739.64
Executing recommendation for DVLT: 2112 shares
  Cash allocated: 5343.36 (type: <class 'decimal.Decimal'>)
  Current price: 2.53 (type: <class 'decimal.Decimal'>)
  Portfolio cash: 34352.95 (type: <class 'decimal.Decimal'>)
Successfully executed DVLT
Executing recommendation for COCH: 2640 shares
  Cash allocated: 4197.60 (type: <class 'decimal.Decimal'>)
  Current price: 1.59 (type: <class 'decimal.Decimal'>)
  Portfolio cash: 31139.49976 (type: <class 'decimal.Decimal'>)
Successfully executed COCH
Executing recommendation for APLT: 3924 shares
  Cash allocated: 4198.68 (type: <class 'decimal.Decimal'>)
  Current price: 1.07 (type: <class 'decimal.Decimal'>)
  Portfolio cash: 26937.70216 (type: <class 'decimal.Decimal'>)
Successfully executed APLT
Buy all completed: 3 executed, 0 failed
Returning response: {'success': True, 'executed_trades': [{'symbol': 'DVLT', 'shares': 2112, 'cost': Decimal('5343.36'), 'trade_id': UUID('3180144e-ef99-4919-aa96-2ff964f5b08c')}, {'symbol': 'COCH', 'shares': 2640, 'cost': Decimal('4197.60'), 'trade_id': UUID('661f7ac9-37d1-4add-8524-83b0a7d42b1e')}, {'symbol': 'APLT', 'shares': 3924, 'cost': Decimal('4198.68'), 'trade_id': UUID('847c7847-4cea-4215-ae77-0ffb0e9e140e')}], 'failed_trades': [], 'total_executed': 3, 'total_failed': 0, 'total_cost': 13739.64}
Updated quote for NVDA: $185.04
Updated quote for YCBD: $1.48
Updated quote for PSTV: $0.8211
Updated quote for DFLI: $1.44
Updated quote for AQMS: $5.96
Updated quote for MSFT: $523.98
Updated quote for GOOGL: $245.76
Updated quote for BA: $221.82
Updated quote for NFLX: $1191.06
Updated quote for MBX: $15.8
Updated quote for PALI: $1.68
Updated quote for DIS: $112.53
Updated quote for AGMH: $6.8
Updated quote for AAPL: $256.48
Updated quote for RGTI: $43.91
Updated quote for NVO: $59.02
Updated quote for CHR: $0.161
Updated quote for AGRI: $3.78
Updated quote for BNAI: $0.691
Updated quote for ASNS: $0.6685
Updated quote for DVLT: $2.53
Updated quote for COCH: $1.59
Updated quote for APLT: $1.07
Updated quote for CJET: $0.1462
Updated quote for ARQQW: $1.1599
Updated quote for QLGN: $5.03
Updated quote for GDEVW: $0.0358
Updated quote for ONMDW: $0.129
Updated quote for OPEN: $9.29
Updated quote for ATCH: $0.3954
Updated quote for MRM: $1.91
Updated quote for GPUS: $0.63
Updated quote for BQ: $11.55
Updated quote for SOPA: $4.57
Starting batch Smart Analysis for 1 users
Successfully retrieved market movers from Alpha Vantage
Found 15 market screening candidates: ['BURU', 'PLUG', 'AMD', 'PXSAW', 'FGIWW', 'SOXS', 'ADAP', 'ATON', 'ACXP', 'BIAFW', 'XBIO', 'OPEN', 'YYAI', 'BULL', 'SCWO']
Found 15 high-confidence BUY candidates: ['AQMS', 'GDEVW', 'CISS', 'PCSA', 'PCSA', 'GPUS', 'AAPL', 'AAPL', 'AGRI', 'AGRI', 'BQ', 'NVDA', 'NVDA', 'APLT', 'APLT']
Found 43 unique stocks to analyze across all users
Batch analyzing 43 unique stocks
Yahoo Finance validation passed for APLT
Getting recommendations for APLT
Price target endpoint failed (403), using recommendation data
Finnhub recommendation for APLT: BUY
Polygon recommendation for APLT: HOLD
FMP API error for APLT: 402 Client Error: Payment Required for url: https://financialmodelingprep.com/stable/analyst-estimates?symbol=APLT&apikey=ynOKFYxumAVxrcJAGhzuN4ZBjCtQcbR7
Enhanced Yahoo recommendation for APLT: BUY
Generated 3 recommendations for APLT
Yahoo Finance validation passed for COCH
Getting recommendations for COCH
Price target endpoint failed (403), using recommendation data
Finnhub recommendation for COCH: BUY
Polygon recommendation for COCH: SELL
FMP API error for COCH: 402 Client Error: Payment Required for url: https://financialmodelingprep.com/stable/analyst-estimates?symbol=COCH&apikey=ynOKFYxumAVxrcJAGhzuN4ZBjCtQcbR7
Enhanced Yahoo recommendation for COCH: HOLD
Generated 3 recommendations for COCH
Yahoo Finance validation passed for PLUG
Getting recommendations for PLUG
Price target endpoint failed (403), using recommendation data
Finnhub recommendation for PLUG: HOLD
Error fetching Polygon data for PLUG: 429 Client Error: Too Many Requests for url: https://api.polygon.io/v2/aggs/ticker/PLUG/range/1/day/2024-01-01/2024-12-31?apikey=MSVhtqDKV9HyMOdla5UunU2EFs53MweY&limit=50
FMP API error for PLUG: 402 Client Error: Payment Required for url: https://financialmodelingprep.com/stable/analyst-estimates?symbol=PLUG&apikey=ynOKFYxumAVxrcJAGhzuN4ZBjCtQcbR7
Enhanced Yahoo recommendation for PLUG: HOLD
Generated 2 recommendations for PLUG
Yahoo Finance validation passed for BURU
Getting recommendations for BURU
Price target endpoint failed (403), using recommendation data
Finnhub recommendation for BURU: HOLD
Error fetching Polygon data for BURU: 429 Client Error: Too Many Requests for url: https://api.polygon.io/v2/aggs/ticker/BURU/prev?apikey=MSVhtqDKV9HyMOdla5UunU2EFs53MweY
FMP API error for BURU: 402 Client Error: Payment Required for url: https://financialmodelingprep.com/stable/analyst-estimates?symbol=BURU&apikey=ynOKFYxumAVxrcJAGhzuN4ZBjCtQcbR7
Enhanced Yahoo recommendation for BURU: BUY
Generated 2 recommendations for BURU
Yahoo Finance validation passed for AMD
Getting recommendations for AMD
Price target endpoint failed (403), using recommendation data
Finnhub recommendation for AMD: BUY
Error fetching Polygon data for AMD: 429 Client Error: Too Many Requests for url: https://api.polygon.io/v2/aggs/ticker/AMD/prev?apikey=MSVhtqDKV9HyMOdla5UunU2EFs53MweY
FMP API error for AMD: 400 Client Error: Bad Request for url: https://financialmodelingprep.com/stable/analyst-estimates?symbol=AMD&apikey=ynOKFYxumAVxrcJAGhzuN4ZBjCtQcbR7
Enhanced Yahoo recommendation for AMD: BUY
Generated 2 recommendations for AMD
Yahoo Finance validation passed for GDEVW
Getting recommendations for GDEVW
Price target endpoint failed (403), using recommendation data
Finnhub recommendation for GDEVW: HOLD
Error fetching Polygon data for GDEVW: 429 Client Error: Too Many Requests for url: https://api.polygon.io/v2/aggs/ticker/GDEVW/prev?apikey=MSVhtqDKV9HyMOdla5UunU2EFs53MweY
FMP API error for GDEVW: 402 Client Error: Payment Required for url: https://financialmodelingprep.com/stable/analyst-estimates?symbol=GDEVW&apikey=ynOKFYxumAVxrcJAGhzuN4ZBjCtQcbR7
Enhanced Yahoo recommendation for GDEVW: BUY
Generated 2 recommendations for GDEVW
Yahoo Finance validation passed for MBX
Getting recommendations for MBX
Price target endpoint failed (403), using recommendation data
Finnhub recommendation for MBX: BUY
Error fetching Polygon data for MBX: 429 Client Error: Too Many Requests for url: https://api.polygon.io/v2/aggs/ticker/MBX/prev?apikey=MSVhtqDKV9HyMOdla5UunU2EFs53MweY
FMP API error for MBX: 402 Client Error: Payment Required for url: https://financialmodelingprep.com/stable/analyst-estimates?symbol=MBX&apikey=ynOKFYxumAVxrcJAGhzuN4ZBjCtQcbR7
Enhanced Yahoo recommendation for MBX: BUY
Generated 2 recommendations for MBX
Yahoo Finance validation passed for CISS
Getting recommendations for CISS
Price target endpoint failed (403), using recommendation data
Finnhub recommendation for CISS: HOLD
Error fetching Polygon data for CISS: 429 Client Error: Too Many Requests for url: https://api.polygon.io/v2/aggs/ticker/CISS/prev?apikey=MSVhtqDKV9HyMOdla5UunU2EFs53MweY
FMP API error for CISS: 402 Client Error: Payment Required for url: https://financialmodelingprep.com/stable/analyst-estimates?symbol=CISS&apikey=ynOKFYxumAVxrcJAGhzuN4ZBjCtQcbR7
Enhanced Yahoo recommendation for CISS: BUY
Generated 2 recommendations for CISS
Yahoo Finance validation passed for BQ
Getting recommendations for BQ
Price target endpoint failed (403), using recommendation data
Finnhub recommendation for BQ: BUY
Polygon recommendation for BQ: BUY
FMP API error for BQ: 402 Client Error: Payment Required for url: https://financialmodelingprep.com/stable/analyst-estimates?symbol=BQ&apikey=ynOKFYxumAVxrcJAGhzuN4ZBjCtQcbR7
Enhanced Yahoo recommendation for BQ: SELL
Generated 3 recommendations for BQ
Yahoo Finance validation passed for NVDA
Getting recommendations for NVDA
Price target endpoint failed (403), using recommendation data
Finnhub recommendation for NVDA: BUY
Polygon recommendation for NVDA: BUY
FMP API error for NVDA: 400 Client Error: Bad Request for url: https://financialmodelingprep.com/stable/analyst-estimates?symbol=NVDA&apikey=ynOKFYxumAVxrcJAGhzuN4ZBjCtQcbR7
Enhanced Yahoo recommendation for NVDA: STRONG_BUY
Generated 3 recommendations for NVDA
Yahoo Finance validation passed for PXSAW
Getting recommendations for PXSAW
Price target endpoint failed (403), using recommendation data
Finnhub recommendation for PXSAW: HOLD
Error fetching Polygon data for PXSAW: 429 Client Error: Too Many Requests for url: https://api.polygon.io/v2/aggs/ticker/PXSAW/range/1/day/2024-01-01/2024-12-31?apikey=MSVhtqDKV9HyMOdla5UunU2EFs53MweY&limit=50
FMP API error for PXSAW: 402 Client Error: Payment Required for url: https://financialmodelingprep.com/stable/analyst-estimates?symbol=PXSAW&apikey=ynOKFYxumAVxrcJAGhzuN4ZBjCtQcbR7
Enhanced Yahoo recommendation for PXSAW: SELL
Generated 2 recommendations for PXSAW
Yahoo Finance validation passed for YCBD
Getting recommendations for YCBD
Price target endpoint failed (403), using recommendation data
Finnhub recommendation for YCBD: BUY
Error fetching Polygon data for YCBD: 429 Client Error: Too Many Requests for url: https://api.polygon.io/v2/aggs/ticker/YCBD/prev?apikey=MSVhtqDKV9HyMOdla5UunU2EFs53MweY
FMP API error for YCBD: 402 Client Error: Payment Required for url: https://financialmodelingprep.com/stable/analyst-estimates?symbol=YCBD&apikey=ynOKFYxumAVxrcJAGhzuN4ZBjCtQcbR7
Enhanced Yahoo recommendation for YCBD: BUY
Generated 2 recommendations for YCBD
Yahoo Finance validation passed for NFLX
Getting recommendations for NFLX
Price target endpoint failed (403), using recommendation data
Finnhub recommendation for NFLX: BUY
Error fetching Polygon data for NFLX: 429 Client Error: Too Many Requests for url: https://api.polygon.io/v2/aggs/ticker/NFLX/prev?apikey=MSVhtqDKV9HyMOdla5UunU2EFs53MweY
FMP API error for NFLX: 400 Client Error: Bad Request for url: https://financialmodelingprep.com/stable/analyst-estimates?symbol=NFLX&apikey=ynOKFYxumAVxrcJAGhzuN4ZBjCtQcbR7
Enhanced Yahoo recommendation for NFLX: BUY
Generated 2 recommendations for NFLX
Yahoo Finance validation passed for BA
Getting recommendations for BA
Price target endpoint failed (403), using recommendation data
Finnhub recommendation for BA: BUY
Error fetching Polygon data for BA: 429 Client Error: Too Many Requests for url: https://api.polygon.io/v2/aggs/ticker/BA/prev?apikey=MSVhtqDKV9HyMOdla5UunU2EFs53MweY
FMP API error for BA: 400 Client Error: Bad Request for url: https://financialmodelingprep.com/stable/analyst-estimates?symbol=BA&apikey=ynOKFYxumAVxrcJAGhzuN4ZBjCtQcbR7
Enhanced Yahoo recommendation for BA: BUY
Generated 2 recommendations for BA
Yahoo Finance validation passed for DVLT
Getting recommendations for DVLT
Price target endpoint failed (403), using recommendation data
Finnhub recommendation for DVLT: BUY
Error fetching Polygon data for DVLT: 429 Client Error: Too Many Requests for url: https://api.polygon.io/v2/aggs/ticker/DVLT/prev?apikey=MSVhtqDKV9HyMOdla5UunU2EFs53MweY
FMP API error for DVLT: 402 Client Error: Payment Required for url: https://financialmodelingprep.com/stable/analyst-estimates?symbol=DVLT&apikey=ynOKFYxumAVxrcJAGhzuN4ZBjCtQcbR7
Enhanced Yahoo recommendation for DVLT: STRONG_BUY
Generated 2 recommendations for DVLT
Yahoo Finance validation passed for FGIWW
Yahoo Finance validation passed for FGIWW
Updated quote for FGIWW: $0.091
Successfully created and updated stock: FGIWW
Getting recommendations for FGIWW
Price target endpoint failed (403), using recommendation data
Finnhub recommendation for FGIWW: HOLD
Error fetching Polygon data for FGIWW: 429 Client Error: Too Many Requests for url: https://api.polygon.io/v2/aggs/ticker/FGIWW/prev?apikey=MSVhtqDKV9HyMOdla5UunU2EFs53MweY
FMP API error for FGIWW: 402 Client Error: Payment Required for url: https://financialmodelingprep.com/stable/analyst-estimates?symbol=FGIWW&apikey=ynOKFYxumAVxrcJAGhzuN4ZBjCtQcbR7
Enhanced Yahoo recommendation for FGIWW: SELL
Generated 2 recommendations for FGIWW
Yahoo Finance validation passed for GOOGL
Getting recommendations for GOOGL
Price target endpoint failed (403), using recommendation data
Finnhub recommendation for GOOGL: BUY
Error fetching Polygon data for GOOGL: 429 Client Error: Too Many Requests for url: https://api.polygon.io/v2/aggs/ticker/GOOGL/prev?apikey=MSVhtqDKV9HyMOdla5UunU2EFs53MweY
FMP API error for GOOGL: 400 Client Error: Bad Request for url: https://financialmodelingprep.com/stable/analyst-estimates?symbol=GOOGL&apikey=ynOKFYxumAVxrcJAGhzuN4ZBjCtQcbR7
Enhanced Yahoo recommendation for GOOGL: BUY
Generated 2 recommendations for GOOGL
Yahoo Finance validation passed for NVO
Getting recommendations for NVO
Price target endpoint failed (403), using recommendation data
Finnhub recommendation for NVO: BUY
Polygon recommendation for NVO: HOLD
FMP API error for NVO: 402 Client Error: Payment Required for url: https://financialmodelingprep.com/stable/analyst-estimates?symbol=NVO&apikey=ynOKFYxumAVxrcJAGhzuN4ZBjCtQcbR7
Enhanced Yahoo recommendation for NVO: BUY
Generated 3 recommendations for NVO
Yahoo Finance validation passed for DFLI
Getting recommendations for DFLI
Price target endpoint failed (403), using recommendation data
Finnhub recommendation for DFLI: BUY
Polygon recommendation for DFLI: SELL
FMP API error for DFLI: 402 Client Error: Payment Required for url: https://financialmodelingprep.com/stable/analyst-estimates?symbol=DFLI&apikey=ynOKFYxumAVxrcJAGhzuN4ZBjCtQcbR7
Enhanced Yahoo recommendation for DFLI: HOLD
Generated 3 recommendations for DFLI
Yahoo Finance validation passed for CHR
Getting recommendations for CHR
Price target endpoint failed (403), using recommendation data
Finnhub recommendation for CHR: STRONG_BUY
Error fetching Polygon data for CHR: 429 Client Error: Too Many Requests for url: https://api.polygon.io/v2/aggs/ticker/CHR/range/1/day/2024-01-01/2024-12-31?apikey=MSVhtqDKV9HyMOdla5UunU2EFs53MweY&limit=50
FMP API error for CHR: 402 Client Error: Payment Required for url: https://financialmodelingprep.com/stable/analyst-estimates?symbol=CHR&apikey=ynOKFYxumAVxrcJAGhzuN4ZBjCtQcbR7
Enhanced Yahoo recommendation for CHR: HOLD
Generated 2 recommendations for CHR
Yahoo Finance validation passed for SOXS
Getting recommendations for SOXS
Price target endpoint failed (403), using recommendation data
Finnhub recommendation for SOXS: HOLD
Error fetching Polygon data for SOXS: 429 Client Error: Too Many Requests for url: https://api.polygon.io/v2/aggs/ticker/SOXS/prev?apikey=MSVhtqDKV9HyMOdla5UunU2EFs53MweY
FMP API error for SOXS: 402 Client Error: Payment Required for url: https://financialmodelingprep.com/stable/analyst-estimates?symbol=SOXS&apikey=ynOKFYxumAVxrcJAGhzuN4ZBjCtQcbR7
Enhanced Yahoo recommendation for SOXS: HOLD
Generated 2 recommendations for SOXS
Yahoo Finance validation passed for PCSA
Getting recommendations for PCSA
Price target endpoint failed (403), using recommendation data
Finnhub recommendation for PCSA: BUY
Error fetching Polygon data for PCSA: 429 Client Error: Too Many Requests for url: https://api.polygon.io/v2/aggs/ticker/PCSA/prev?apikey=MSVhtqDKV9HyMOdla5UunU2EFs53MweY
FMP API error for PCSA: 402 Client Error: Payment Required for url: https://financialmodelingprep.com/stable/analyst-estimates?symbol=PCSA&apikey=ynOKFYxumAVxrcJAGhzuN4ZBjCtQcbR7
Enhanced Yahoo recommendation for PCSA: BUY
Generated 2 recommendations for PCSA
Yahoo Finance validation passed for ADAP
Getting recommendations for ADAP
Price target endpoint failed (403), using recommendation data
Finnhub recommendation for ADAP: SELL
Error fetching Polygon data for ADAP: 429 Client Error: Too Many Requests for url: https://api.polygon.io/v2/aggs/ticker/ADAP/prev?apikey=MSVhtqDKV9HyMOdla5UunU2EFs53MweY
FMP API error for ADAP: 402 Client Error: Payment Required for url: https://financialmodelingprep.com/stable/analyst-estimates?symbol=ADAP&apikey=ynOKFYxumAVxrcJAGhzuN4ZBjCtQcbR7
Enhanced Yahoo recommendation for ADAP: HOLD
Generated 2 recommendations for ADAP
Yahoo Finance validation passed for ATON
Yahoo Finance validation passed for ATON
Updated quote for ATON: $10.91
Successfully created and updated stock: ATON
Getting recommendations for ATON
Price target endpoint failed (403), using recommendation data
Finnhub recommendation for ATON: SELL
Error fetching Polygon data for ATON: 429 Client Error: Too Many Requests for url: https://api.polygon.io/v2/aggs/ticker/ATON/prev?apikey=MSVhtqDKV9HyMOdla5UunU2EFs53MweY
FMP API error for ATON: 402 Client Error: Payment Required for url: https://financialmodelingprep.com/stable/analyst-estimates?symbol=ATON&apikey=ynOKFYxumAVxrcJAGhzuN4ZBjCtQcbR7
Enhanced Yahoo recommendation for ATON: HOLD
Generated 2 recommendations for ATON
Yahoo Finance validation passed for BIAFW
Getting recommendations for BIAFW
Price target endpoint failed (403), using recommendation data
Finnhub recommendation for BIAFW: HOLD
Error fetching Polygon data for BIAFW: 429 Client Error: Too Many Requests for url: https://api.polygon.io/v2/aggs/ticker/BIAFW/prev?apikey=MSVhtqDKV9HyMOdla5UunU2EFs53MweY
FMP API error for BIAFW: 402 Client Error: Payment Required for url: https://financialmodelingprep.com/stable/analyst-estimates?symbol=BIAFW&apikey=ynOKFYxumAVxrcJAGhzuN4ZBjCtQcbR7
Enhanced Yahoo recommendation for BIAFW: SELL
Generated 2 recommendations for BIAFW
Yahoo Finance validation passed for ASNS
Getting recommendations for ASNS
Price target endpoint failed (403), using recommendation data
Finnhub recommendation for ASNS: BUY
Polygon recommendation for ASNS: SELL
FMP API error for ASNS: 402 Client Error: Payment Required for url: https://financialmodelingprep.com/stable/analyst-estimates?symbol=ASNS&apikey=ynOKFYxumAVxrcJAGhzuN4ZBjCtQcbR7
Enhanced Yahoo recommendation for ASNS: HOLD
Generated 3 recommendations for ASNS
Yahoo Finance validation passed for GPUS
Getting recommendations for GPUS
Price target endpoint failed (403), using recommendation data
Finnhub recommendation for GPUS: BUY
Polygon recommendation for GPUS: SELL
FMP API error for GPUS: 402 Client Error: Payment Required for url: https://financialmodelingprep.com/stable/analyst-estimates?symbol=GPUS&apikey=ynOKFYxumAVxrcJAGhzuN4ZBjCtQcbR7
Enhanced Yahoo recommendation for GPUS: HOLD
Generated 3 recommendations for GPUS
Yahoo Finance validation passed for AAPL
Getting recommendations for AAPL
Price target endpoint failed (403), using recommendation data
Finnhub recommendation for AAPL: BUY
Error fetching Polygon data for AAPL: 429 Client Error: Too Many Requests for url: https://api.polygon.io/v2/aggs/ticker/AAPL/range/1/day/2024-01-01/2024-12-31?apikey=MSVhtqDKV9HyMOdla5UunU2EFs53MweY&limit=50
FMP API error for AAPL: 400 Client Error: Bad Request for url: https://financialmodelingprep.com/stable/analyst-estimates?symbol=AAPL&apikey=ynOKFYxumAVxrcJAGhzuN4ZBjCtQcbR7
Enhanced Yahoo recommendation for AAPL: BUY
Generated 2 recommendations for AAPL
Yahoo Finance validation passed for AGMH
Getting recommendations for AGMH
Price target endpoint failed (403), using recommendation data
Finnhub recommendation for AGMH: BUY
Error fetching Polygon data for AGMH: 429 Client Error: Too Many Requests for url: https://api.polygon.io/v2/aggs/ticker/AGMH/prev?apikey=MSVhtqDKV9HyMOdla5UunU2EFs53MweY
FMP API error for AGMH: 402 Client Error: Payment Required for url: https://financialmodelingprep.com/stable/analyst-estimates?symbol=AGMH&apikey=ynOKFYxumAVxrcJAGhzuN4ZBjCtQcbR7
Enhanced Yahoo recommendation for AGMH: BUY
Generated 2 recommendations for AGMH
Yahoo Finance validation passed for AGRI
Getting recommendations for AGRI
Price target endpoint failed (403), using recommendation data
Finnhub recommendation for AGRI: BUY
Error fetching Polygon data for AGRI: 429 Client Error: Too Many Requests for url: https://api.polygon.io/v2/aggs/ticker/AGRI/prev?apikey=MSVhtqDKV9HyMOdla5UunU2EFs53MweY
FMP API error for AGRI: 402 Client Error: Payment Required for url: https://financialmodelingprep.com/stable/analyst-estimates?symbol=AGRI&apikey=ynOKFYxumAVxrcJAGhzuN4ZBjCtQcbR7
Enhanced Yahoo recommendation for AGRI: BUY
Generated 2 recommendations for AGRI
Yahoo Finance validation passed for PALI
Getting recommendations for PALI
Price target endpoint failed (403), using recommendation data
Finnhub recommendation for PALI: BUY
Error fetching Polygon data for PALI: 429 Client Error: Too Many Requests for url: https://api.polygon.io/v2/aggs/ticker/PALI/prev?apikey=MSVhtqDKV9HyMOdla5UunU2EFs53MweY
FMP API error for PALI: 402 Client Error: Payment Required for url: https://financialmodelingprep.com/stable/analyst-estimates?symbol=PALI&apikey=ynOKFYxumAVxrcJAGhzuN4ZBjCtQcbR7
Enhanced Yahoo recommendation for PALI: BUY
Generated 2 recommendations for PALI
Yahoo Finance validation passed for XBIO
Yahoo Finance validation passed for XBIO
Updated quote for XBIO: $10.36
Successfully created and updated stock: XBIO
Getting recommendations for XBIO
Price target endpoint failed (403), using recommendation data
Finnhub recommendation for XBIO: SELL
Error fetching Polygon data for XBIO: 429 Client Error: Too Many Requests for url: https://api.polygon.io/v2/aggs/ticker/XBIO/prev?apikey=MSVhtqDKV9HyMOdla5UunU2EFs53MweY
FMP API error for XBIO: 402 Client Error: Payment Required for url: https://financialmodelingprep.com/stable/analyst-estimates?symbol=XBIO&apikey=ynOKFYxumAVxrcJAGhzuN4ZBjCtQcbR7
Enhanced Yahoo recommendation for XBIO: SELL
Generated 2 recommendations for XBIO
Yahoo Finance validation passed for OPEN
Getting recommendations for OPEN
Price target endpoint failed (403), using recommendation data
Finnhub recommendation for OPEN: SELL
Error fetching Polygon data for OPEN: 429 Client Error: Too Many Requests for url: https://api.polygon.io/v2/aggs/ticker/OPEN/prev?apikey=MSVhtqDKV9HyMOdla5UunU2EFs53MweY
FMP API error for OPEN: 402 Client Error: Payment Required for url: https://financialmodelingprep.com/stable/analyst-estimates?symbol=OPEN&apikey=ynOKFYxumAVxrcJAGhzuN4ZBjCtQcbR7
Enhanced Yahoo recommendation for OPEN: STRONG_SELL
Generated 2 recommendations for OPEN
Yahoo Finance validation passed for AQMS
Getting recommendations for AQMS
Price target endpoint failed (403), using recommendation data
Finnhub recommendation for AQMS: BUY
Polygon recommendation for AQMS: SELL
FMP API error for AQMS: 402 Client Error: Payment Required for url: https://financialmodelingprep.com/stable/analyst-estimates?symbol=AQMS&apikey=ynOKFYxumAVxrcJAGhzuN4ZBjCtQcbR7
Enhanced Yahoo recommendation for AQMS: BUY
Generated 3 recommendations for AQMS
Yahoo Finance validation passed for BNAI
Getting recommendations for BNAI
Price target endpoint failed (403), using recommendation data
Finnhub recommendation for BNAI: BUY
Polygon recommendation for BNAI: SELL
FMP API error for BNAI: 402 Client Error: Payment Required for url: https://financialmodelingprep.com/stable/analyst-estimates?symbol=BNAI&apikey=ynOKFYxumAVxrcJAGhzuN4ZBjCtQcbR7
Enhanced Yahoo recommendation for BNAI: HOLD
Generated 3 recommendations for BNAI
Yahoo Finance validation passed for YYAI
Getting recommendations for YYAI
Price target endpoint failed (403), using recommendation data
Finnhub recommendation for YYAI: HOLD
Error fetching Polygon data for YYAI: 429 Client Error: Too Many Requests for url: https://api.polygon.io/v2/aggs/ticker/YYAI/range/1/day/2024-01-01/2024-12-31?apikey=MSVhtqDKV9HyMOdla5UunU2EFs53MweY&limit=50
FMP API error for YYAI: 402 Client Error: Payment Required for url: https://financialmodelingprep.com/stable/analyst-estimates?symbol=YYAI&apikey=ynOKFYxumAVxrcJAGhzuN4ZBjCtQcbR7
Enhanced Yahoo recommendation for YYAI: HOLD
Generated 2 recommendations for YYAI
Yahoo Finance validation passed for BULL
Yahoo Finance validation passed for BULL
Updated quote for BULL: $13.095
Successfully created and updated stock: BULL
Getting recommendations for BULL
Price target endpoint failed (403), using recommendation data
Finnhub recommendation for BULL: BUY
Error fetching Polygon data for BULL: 429 Client Error: Too Many Requests for url: https://api.polygon.io/v2/aggs/ticker/BULL/prev?apikey=MSVhtqDKV9HyMOdla5UunU2EFs53MweY
FMP API error for BULL: 402 Client Error: Payment Required for url: https://financialmodelingprep.com/stable/analyst-estimates?symbol=BULL&apikey=ynOKFYxumAVxrcJAGhzuN4ZBjCtQcbR7
Enhanced Yahoo recommendation for BULL: BUY
Generated 2 recommendations for BULL
Yahoo Finance validation passed for DIS
Getting recommendations for DIS
Price target endpoint failed (403), using recommendation data
Finnhub recommendation for DIS: BUY
Error fetching Polygon data for DIS: 429 Client Error: Too Many Requests for url: https://api.polygon.io/v2/aggs/ticker/DIS/prev?apikey=MSVhtqDKV9HyMOdla5UunU2EFs53MweY
FMP API error for DIS: 400 Client Error: Bad Request for url: https://financialmodelingprep.com/stable/analyst-estimates?symbol=DIS&apikey=ynOKFYxumAVxrcJAGhzuN4ZBjCtQcbR7
Enhanced Yahoo recommendation for DIS: BUY
Generated 2 recommendations for DIS
Yahoo Finance validation passed for MSFT
Getting recommendations for MSFT
Price target endpoint failed (403), using recommendation data
Finnhub recommendation for MSFT: BUY
Error fetching Polygon data for MSFT: 429 Client Error: Too Many Requests for url: https://api.polygon.io/v2/aggs/ticker/MSFT/prev?apikey=MSVhtqDKV9HyMOdla5UunU2EFs53MweY
FMP API error for MSFT: 400 Client Error: Bad Request for url: https://financialmodelingprep.com/stable/analyst-estimates?symbol=MSFT&apikey=ynOKFYxumAVxrcJAGhzuN4ZBjCtQcbR7
Enhanced Yahoo recommendation for MSFT: STRONG_BUY
Generated 2 recommendations for MSFT
Yahoo Finance validation passed for RGTI
Getting recommendations for RGTI
Price target endpoint failed (403), using recommendation data
Finnhub recommendation for RGTI: BUY
Error fetching Polygon data for RGTI: 429 Client Error: Too Many Requests for url: https://api.polygon.io/v2/aggs/ticker/RGTI/prev?apikey=MSVhtqDKV9HyMOdla5UunU2EFs53MweY
FMP API error for RGTI: 402 Client Error: Payment Required for url: https://financialmodelingprep.com/stable/analyst-estimates?symbol=RGTI&apikey=ynOKFYxumAVxrcJAGhzuN4ZBjCtQcbR7
Enhanced Yahoo recommendation for RGTI: SELL
Generated 2 recommendations for RGTI
Yahoo Finance validation passed for SCWO
Yahoo Finance validation passed for SCWO
Updated quote for SCWO: $0.9132
Successfully created and updated stock: SCWO
Getting recommendations for SCWO
Price target endpoint failed (403), using recommendation data
Finnhub recommendation for SCWO: BUY
Polygon recommendation for SCWO: SELL
FMP API error for SCWO: 402 Client Error: Payment Required for url: https://financialmodelingprep.com/stable/analyst-estimates?symbol=SCWO&apikey=ynOKFYxumAVxrcJAGhzuN4ZBjCtQcbR7
Enhanced Yahoo recommendation for SCWO: BUY
Generated 3 recommendations for SCWO
Yahoo Finance validation passed for ACXP
Yahoo Finance validation passed for ACXP
Updated quote for ACXP: $7.8559
Successfully created and updated stock: ACXP
Getting recommendations for ACXP
Price target endpoint failed (403), using recommendation data
Finnhub recommendation for ACXP: BUY
Polygon recommendation for ACXP: SELL
FMP API error for ACXP: 402 Client Error: Payment Required for url: https://financialmodelingprep.com/stable/analyst-estimates?symbol=ACXP&apikey=ynOKFYxumAVxrcJAGhzuN4ZBjCtQcbR7
Enhanced Yahoo recommendation for ACXP: HOLD
Generated 3 recommendations for ACXP
Yahoo Finance validation passed for PSTV
Getting recommendations for PSTV
Price target endpoint failed (403), using recommendation data
Finnhub recommendation for PSTV: BUY
Error fetching Polygon data for PSTV: 429 Client Error: Too Many Requests for url: https://api.polygon.io/v2/aggs/ticker/PSTV/range/1/day/2024-01-01/2024-12-31?apikey=MSVhtqDKV9HyMOdla5UunU2EFs53MweY&limit=50
FMP API error for PSTV: 402 Client Error: Payment Required for url: https://financialmodelingprep.com/stable/analyst-estimates?symbol=PSTV&apikey=ynOKFYxumAVxrcJAGhzuN4ZBjCtQcbR7
Enhanced Yahoo recommendation for PSTV: BUY
Generated 2 recommendations for PSTV
Analyzing user user3 with existing recommendations
Successfully retrieved market movers from Alpha Vantage
Found 15 market screening candidates: ['BURU', 'PLUG', 'AMD', 'PXSAW', 'FGIWW', 'SOXS', 'ADAP', 'ATON', 'ACXP', 'BIAFW', 'XBIO', 'OPEN', 'YYAI', 'BULL', 'SCWO']
Found 15 high-confidence BUY candidates: ['PSTV', 'PSTV', 'ACXP', 'SCWO', 'SCWO', 'RGTI', 'MSFT', 'DIS', 'DIS', 'BULL', 'BULL', 'BNAI', 'AQMS', 'AQMS', 'PALI']
Fetching real-time prices for 38 stocks
Updated APLT price in database: $1.065
Updated COCH price in database: $0.9301
Updated BURU price in database: $0.54
Updated PLUG price in database: $3.4994
Updated AMD price in database: $238.2808
Updated MBX price in database: $16.01
Updated NVDA price in database: $191.885
Updated PXSAW price in database: $0.021
Updated YCBD price in database: $1.4301
Updated NFLX price in database: $1212.02
Updated BA price in database: $224.65
Updated DVLT price in database: $2.265
Updated FGIWW price in database: $0.1111
Updated GOOGL price in database: $243.695
Updated DFLI price in database: $1.3101
Updated NVO price in database: $59.084
Updated SOXS price in database: $4.12
Updated CHR price in database: $0.1777
Updated ADAP price in database: $0.251
Updated ATON price in database: $7.9945
Updated BIAFW price in database: $0.6652
Updated ASNS price in database: $0.6605
Updated AAPL price in database: $256.81
Updated AGMH price in database: $6.7025
Updated AGRI price in database: $3.64
Updated PALI price in database: $2.06
Updated XBIO price in database: $8.99
Updated OPEN price in database: $8.59
Updated BNAI price in database: $0.5733
Updated YYAI price in database: $0.2578
Updated AQMS price in database: $5.3748
Updated BULL price in database: $12.835
Updated DIS price in database: $111.805
Updated MSFT price in database: $523.55
Updated RGTI price in database: $43.0402
Updated SCWO price in database: $1.0899
Updated ACXP price in database: $7.735
Updated PSTV price in database: $0.7902
Successfully fetched and updated 38 real-time prices
Raw confidence - BUY: 1.50, SELL: 0.00, SellWeight: 1.50
Adjusted confidence - BUY: 1.50, SELL: 0.00 → BUY @ 1.50
Penny stocks allowed for user3 - including PSTV (price: $0.82, market cap: $82498744)
Raw confidence - BUY: 0.75, SELL: 0.60, SellWeight: 1.50
Adjusted confidence - BUY: 0.00, SELL: 0.15 → SELL @ 0.15
Filtering out ACXP: confidence 0.15 below minimum 1.00
Raw confidence - BUY: 1.50, SELL: 0.60, SellWeight: 1.50
Adjusted confidence - BUY: 0.60, SELL: 0.00 → BUY @ 0.60
Filtering out SCWO: confidence 0.60 below minimum 1.00
Raw confidence - BUY: 0.75, SELL: 0.65, SellWeight: 1.50
Adjusted confidence - BUY: 0.00, SELL: 0.22 → SELL @ 0.22
Filtering out RGTI: confidence 0.22 below minimum 1.00
Raw confidence - BUY: 2.10, SELL: 0.00, SellWeight: 1.50
Adjusted confidence - BUY: 2.10, SELL: 0.00 → BUY @ 2.10
Penny stocks allowed for user3 - including MSFT (price: $523.98, market cap: $3830758244000)
Raw confidence - BUY: 1.50, SELL: 0.00, SellWeight: 1.50
Adjusted confidence - BUY: 1.50, SELL: 0.00 → BUY @ 1.50
Penny stocks allowed for user3 - including DIS (price: $112.53, market cap: $207175925760)
Raw confidence - BUY: 1.50, SELL: 0.00, SellWeight: 1.50
Adjusted confidence - BUY: 1.50, SELL: 0.00 → BUY @ 1.50
Penny stocks allowed for user3 - including BULL (price: $13.10, market cap: $6475436544)
Raw confidence - BUY: 0.00, SELL: 0.00, SellWeight: 1.50
Adjusted confidence - BUY: 0.00, SELL: 0.00 → HOLD @ 0.00
Filtering out YYAI: confidence 0.00 below minimum 1.00
Raw confidence - BUY: 0.75, SELL: 0.60, SellWeight: 1.50
Adjusted confidence - BUY: 0.00, SELL: 0.15 → SELL @ 0.15
Filtering out BNAI: confidence 0.15 below minimum 1.00
Raw confidence - BUY: 1.50, SELL: 0.60, SellWeight: 1.50
Adjusted confidence - BUY: 0.60, SELL: 0.00 → BUY @ 0.60
Filtering out AQMS: confidence 0.60 below minimum 1.00
Raw confidence - BUY: 0.00, SELL: 1.80, SellWeight: 1.50
Adjusted confidence - BUY: 0.00, SELL: 2.70 → SELL @ 2.70
Penny stocks allowed for user3 - including OPEN (price: $9.29, market cap: $6218962432)
Skipping SELL recommendation for OPEN: not owned
Raw confidence - BUY: 0.00, SELL: 1.25, SellWeight: 1.50
Adjusted confidence - BUY: 0.00, SELL: 1.88 → SELL @ 1.88
Penny stocks allowed for user3 - including XBIO (price: $10.36, market cap: $15976560)
Skipping SELL recommendation for XBIO: not owned
Raw confidence - BUY: 1.50, SELL: 0.00, SellWeight: 1.50
Adjusted confidence - BUY: 1.50, SELL: 0.00 → BUY @ 1.50
Penny stocks allowed for user3 - including PALI (price: $1.68, market cap: $13861111)
Raw confidence - BUY: 1.50, SELL: 0.00, SellWeight: 1.50
Adjusted confidence - BUY: 1.50, SELL: 0.00 → BUY @ 1.50
Penny stocks allowed for user3 - including AGRI (price: $3.78, market cap: $7503996)
Raw confidence - BUY: 1.50, SELL: 0.00, SellWeight: 1.50
Adjusted confidence - BUY: 1.50, SELL: 0.00 → BUY @ 1.50
Penny stocks allowed for user3 - including AGMH (price: $6.80, market cap: $20412814)
Raw confidence - BUY: 1.50, SELL: 0.00, SellWeight: 1.50
Adjusted confidence - BUY: 1.50, SELL: 0.00 → BUY @ 1.50
Penny stocks allowed for user3 - including AAPL (price: $256.48, market cap: $3512722522000)
Raw confidence - BUY: 0.75, SELL: 0.60, SellWeight: 1.50
Adjusted confidence - BUY: 0.00, SELL: 0.15 → SELL @ 0.15
Filtering out ASNS: confidence 0.15 below minimum 1.00
Raw confidence - BUY: 0.00, SELL: 0.65, SellWeight: 1.50
Adjusted confidence - BUY: 0.00, SELL: 0.98 → SELL @ 0.98
Filtering out BIAFW: confidence 0.98 below minimum 1.00
Raw confidence - BUY: 0.00, SELL: 0.60, SellWeight: 1.50
Adjusted confidence - BUY: 0.00, SELL: 0.90 → SELL @ 0.90
Filtering out ATON: confidence 0.90 below minimum 1.00
Raw confidence - BUY: 0.00, SELL: 0.60, SellWeight: 1.50
Adjusted confidence - BUY: 0.00, SELL: 0.90 → SELL @ 0.90
Filtering out ADAP: confidence 0.90 below minimum 1.00
Raw confidence - BUY: 0.00, SELL: 0.00, SellWeight: 1.50
Adjusted confidence - BUY: 0.00, SELL: 0.00 → HOLD @ 0.00
Filtering out SOXS: confidence 0.00 below minimum 1.00
Raw confidence - BUY: 1.35, SELL: 0.00, SellWeight: 1.50
Adjusted confidence - BUY: 1.35, SELL: 0.00 → BUY @ 1.35
Penny stocks allowed for user3 - including CHR (price: $0.16, market cap: $1872163)
Raw confidence - BUY: 0.75, SELL: 0.60, SellWeight: 1.50
Adjusted confidence - BUY: 0.00, SELL: 0.15 → SELL @ 0.15
Filtering out DFLI: confidence 0.15 below minimum 1.00
Raw confidence - BUY: 1.50, SELL: 0.00, SellWeight: 1.50
Adjusted confidence - BUY: 1.50, SELL: 0.00 → BUY @ 1.50
Penny stocks allowed for user3 - including NVO (price: $59.02, market cap: $272718020608)
Raw confidence - BUY: 1.50, SELL: 0.00, SellWeight: 1.50
Adjusted confidence - BUY: 1.50, SELL: 0.00 → BUY @ 1.50
Penny stocks allowed for user3 - including GOOGL (price: $245.76, market cap: $2915379970000)
Raw confidence - BUY: 0.00, SELL: 0.65, SellWeight: 1.50
Adjusted confidence - BUY: 0.00, SELL: 0.98 → SELL @ 0.98
Filtering out FGIWW: confidence 0.98 below minimum 1.00
Raw confidence - BUY: 2.10, SELL: 0.00, SellWeight: 1.50
Adjusted confidence - BUY: 2.10, SELL: 0.00 → BUY @ 2.10
Penny stocks allowed for user3 - including DVLT (price: $2.53, market cap: $187308592)
Raw confidence - BUY: 1.50, SELL: 0.00, SellWeight: 1.50
Adjusted confidence - BUY: 1.50, SELL: 0.00 → BUY @ 1.50
Penny stocks allowed for user3 - including BA (price: $221.82, market cap: $162589032448)
Raw confidence - BUY: 1.50, SELL: 0.00, SellWeight: 1.50
Adjusted confidence - BUY: 1.50, SELL: 0.00 → BUY @ 1.50
Penny stocks allowed for user3 - including NFLX (price: $1191.06, market cap: $510128324608)
Raw confidence - BUY: 1.50, SELL: 0.00, SellWeight: 1.50
Adjusted confidence - BUY: 1.50, SELL: 0.00 → BUY @ 1.50
Penny stocks allowed for user3 - including YCBD (price: $1.48, market cap: $12299883)
Raw confidence - BUY: 0.00, SELL: 0.65, SellWeight: 1.50
Adjusted confidence - BUY: 0.00, SELL: 0.98 → SELL @ 0.98
Filtering out PXSAW: confidence 0.98 below minimum 1.00
Raw confidence - BUY: 2.85, SELL: 0.00, SellWeight: 1.50
Adjusted confidence - BUY: 2.85, SELL: 0.00 → BUY @ 2.85
Penny stocks allowed for user3 - including NVDA (price: $185.04, market cap: $4329385492000)
Raw confidence - BUY: 1.50, SELL: 0.00, SellWeight: 1.50
Adjusted confidence - BUY: 1.50, SELL: 0.00 → BUY @ 1.50
Penny stocks allowed for user3 - including MBX (price: $15.80, market cap: $671877248)
Raw confidence - BUY: 1.50, SELL: 0.00, SellWeight: 1.50
Adjusted confidence - BUY: 1.50, SELL: 0.00 → BUY @ 1.50
Penny stocks allowed for user3 - including AMD (price: $203.71, market cap: $330589503488)
Raw confidence - BUY: 0.75, SELL: 0.00, SellWeight: 1.50
Adjusted confidence - BUY: 0.75, SELL: 0.00 → BUY @ 0.75
Filtering out BURU: confidence 0.75 below minimum 1.00
Raw confidence - BUY: 0.00, SELL: 0.00, SellWeight: 1.50
Adjusted confidence - BUY: 0.00, SELL: 0.00 → HOLD @ 0.00
Filtering out PLUG: confidence 0.00 below minimum 1.00
Raw confidence - BUY: 0.75, SELL: 0.60, SellWeight: 1.50
Adjusted confidence - BUY: 0.00, SELL: 0.15 → SELL @ 0.15
Filtering out COCH: confidence 0.15 below minimum 1.00
Raw confidence - BUY: 1.50, SELL: 0.00, SellWeight: 1.50
Adjusted confidence - BUY: 1.50, SELL: 0.00 → BUY @ 1.50
Penny stocks allowed for user3 - including APLT (price: $1.07, market cap: $178575040)
Consolidated 19 recommendations with SellWeight=1.50
No sell candidates found
Profit-taking is disabled
Smart Analysis completed for user: user3. Generated 2 recommendations
Batch analysis completed for 1 users
Buy all smart recommendations requested by user: user3
Found 2 pending BUY recommendations
Portfolio cash: $24031.04
Total cost: $9565.91
Executing recommendation for AMD: 20 shares
  Cash allocated: 4765.62 (type: <class 'decimal.Decimal'>)
  Current price: 238.28 (type: <class 'decimal.Decimal'>)
  Portfolio cash: 24031.04 (type: <class 'decimal.Decimal'>)
Successfully executed AMD
Executing recommendation for BULL: 374 shares
  Cash allocated: 4800.29 (type: <class 'decimal.Decimal'>)
  Current price: 12.84 (type: <class 'decimal.Decimal'>)
  Portfolio cash: 19260.67440 (type: <class 'decimal.Decimal'>)
Successfully executed BULL
Buy all completed: 2 executed, 0 failed
Returning response: {'success': True, 'executed_trades': [{'symbol': 'AMD', 'shares': 20, 'cost': Decimal('4765.62'), 'trade_id': UUID('964404bf-7d9e-427c-845b-e3fb9c4b27b8')}, {'symbol': 'BULL', 'shares': 374, 'cost': Decimal('4800.29'), 'trade_id': UUID('d8586a95-9d2b-45bc-9445-0f2de1fb1048')}], 'failed_trades': [], 'total_executed': 2, 'total_failed': 0, 'total_cost': 9565.91}
Starting batch Smart Analysis for 1 users
Successfully retrieved market movers from Alpha Vantage
Found 15 market screening candidates: ['YYAI', 'NXL', 'ACXP', 'PLUG', 'UPC', 'SCWO', 'XBIO', 'BULL', 'SOXS', 'OPEN', 'FGIWW', 'ADAP', 'PXSAW', 'RGTI', 'BIAFW']
Found 15 high-confidence BUY candidates: ['PSTV', 'PSTV', 'ACXP', 'SCWO', 'SCWO', 'RGTI', 'MSFT', 'DIS', 'DIS', 'BULL', 'BULL', 'BNAI', 'AQMS', 'AQMS', 'PALI']
Found 36 unique stocks to analyze across all users
Batch analyzing 36 unique stocks
Skipping BNAI - recent recommendations exist
Skipping YYAI - recent recommendations exist
Skipping NVO - recent recommendations exist
Yahoo Finance validation passed for NXL
Yahoo Finance validation passed for NXL
Updated quote for NXL: $1.63
Successfully created and updated stock: NXL
Getting recommendations for NXL
Price target endpoint failed (403), using recommendation data
Finnhub recommendation for NXL: BUY
Polygon recommendation for NXL: BUY
FMP API error for NXL: 402 Client Error: Payment Required for url: https://financialmodelingprep.com/stable/analyst-estimates?symbol=NXL&apikey=ynOKFYxumAVxrcJAGhzuN4ZBjCtQcbR7
Enhanced Yahoo recommendation for NXL: BUY
Generated 3 recommendations for NXL
Skipping ACXP - recent recommendations exist
Skipping PLUG - recent recommendations exist
Yahoo Finance validation passed for UPC
Yahoo Finance validation passed for UPC
Updated quote for UPC: $6.3
Successfully created and updated stock: UPC
Getting recommendations for UPC
Price target endpoint failed (403), using recommendation data
Finnhub recommendation for UPC: HOLD
Polygon recommendation for UPC: SELL
FMP API error for UPC: 402 Client Error: Payment Required for url: https://financialmodelingprep.com/stable/analyst-estimates?symbol=UPC&apikey=ynOKFYxumAVxrcJAGhzuN4ZBjCtQcbR7
Enhanced Yahoo recommendation for UPC: SELL
Generated 3 recommendations for UPC
Skipping YCBD - recent recommendations exist
Skipping AQMS - recent recommendations exist
Skipping SCWO - recent recommendations exist
Skipping BA - recent recommendations exist
Yahoo Finance validation passed for SOPA
Getting recommendations for SOPA
Price target endpoint failed (403), using recommendation data
Finnhub recommendation for SOPA: BUY
Error fetching Polygon data for SOPA: 429 Client Error: Too Many Requests for url: https://api.polygon.io/v2/aggs/ticker/SOPA/range/1/day/2024-01-01/2024-12-31?apikey=MSVhtqDKV9HyMOdla5UunU2EFs53MweY&limit=50
FMP API error for SOPA: 402 Client Error: Payment Required for url: https://financialmodelingprep.com/stable/analyst-estimates?symbol=SOPA&apikey=ynOKFYxumAVxrcJAGhzuN4ZBjCtQcbR7
Enhanced Yahoo recommendation for SOPA: BUY
Generated 2 recommendations for SOPA
Skipping XBIO - recent recommendations exist
Skipping MBX - recent recommendations exist
Skipping DIS - recent recommendations exist
Skipping PSTV - recent recommendations exist
Skipping BQ - recent recommendations exist
Skipping BULL - recent recommendations exist
Skipping GPUS - recent recommendations exist
Skipping SOXS - recent recommendations exist
Skipping GOOGL - recent recommendations exist
Skipping AGMH - recent recommendations exist
Skipping PALI - recent recommendations exist
Skipping APLT - recent recommendations exist
Skipping OPEN - recent recommendations exist
Skipping ASNS - recent recommendations exist
Skipping FGIWW - recent recommendations exist
Skipping ADAP - recent recommendations exist
Skipping MSFT - recent recommendations exist
Skipping RGTI - recent recommendations exist
Skipping PXSAW - recent recommendations exist
Skipping BIAFW - recent recommendations exist
Yahoo Finance validation passed for QLGN
Getting recommendations for QLGN
Price target endpoint failed (403), using recommendation data
Finnhub recommendation for QLGN: BUY
Error fetching Polygon data for QLGN: 429 Client Error: Too Many Requests for url: https://api.polygon.io/v2/aggs/ticker/QLGN/prev?apikey=MSVhtqDKV9HyMOdla5UunU2EFs53MweY
FMP API error for QLGN: 402 Client Error: Payment Required for url: https://financialmodelingprep.com/stable/analyst-estimates?symbol=QLGN&apikey=ynOKFYxumAVxrcJAGhzuN4ZBjCtQcbR7
Enhanced Yahoo recommendation for QLGN: BUY
Generated 2 recommendations for QLGN
Skipping CHR - recent recommendations exist
Skipping COCH - recent recommendations exist
Skipping AGRI - recent recommendations exist
Analyzing user user4 with existing recommendations
Found 15 market screening candidates: ['YYAI', 'NXL', 'ACXP', 'PLUG', 'UPC', 'SCWO', 'XBIO', 'BULL', 'SOXS', 'OPEN', 'FGIWW', 'ADAP', 'PXSAW', 'RGTI', 'BIAFW']
Found 15 high-confidence BUY candidates: ['QLGN', 'QLGN', 'SOPA', 'SOPA', 'NXL', 'NXL', 'PSTV', 'PSTV', 'ACXP', 'SCWO', 'SCWO', 'RGTI', 'MSFT', 'DIS', 'DIS']
Fetching real-time prices for 35 stocks
Updated BNAI price in database: $0.6
Updated YYAI price in database: $0.253
Updated NVO price in database: $59.23
Updated NXL price in database: $1.62
Updated ACXP price in database: $7.6438
Updated PLUG price in database: $3.4699
Updated UPC price in database: $6.33
Updated YCBD price in database: $1.49
Updated SCWO price in database: $0.832
Updated BA price in database: $223.381
Updated SOPA price in database: $4.26
Updated XBIO price in database: $8.62
Updated MBX price in database: $15.9
Updated DIS price in database: $112.6
Updated PSTV price in database: $0.7661
Updated BQ price in database: $13.6023
Updated BULL price in database: $12.93
Updated GPUS price in database: $0.5854
Updated SOXS price in database: $4.16
Updated GOOGL price in database: $242.66
Updated AGMH price in database: $6.855
Updated PALI price in database: $2.195
Updated OPEN price in database: $8.47
Updated APLT price in database: $1.0506
Updated ASNS price in database: $0.691
Updated MSFT price in database: $521.28
Updated ADAP price in database: $0.2385
Updated FGIWW price in database: $0.0924
Updated RGTI price in database: $44.55
Updated PXSAW price in database: $0.0363
Updated BIAFW price in database: $0.7958
Updated QLGN price in database: $4.97
Updated CHR price in database: $0.175
Updated COCH price in database: $0.9498
Updated AGRI price in database: $3.675
Successfully fetched and updated 35 real-time prices
Raw confidence - BUY: 1.50, SELL: 0.00, SellWeight: 1.00
Adjusted confidence - BUY: 1.50, SELL: 0.00 → BUY @ 1.50
Filtering out QLGN: confidence 1.50 below minimum 1.80
Raw confidence - BUY: 1.50, SELL: 0.00, SellWeight: 1.00
Adjusted confidence - BUY: 1.50, SELL: 0.00 → BUY @ 1.50
Filtering out SOPA: confidence 1.50 below minimum 1.80
Raw confidence - BUY: 0.00, SELL: 1.25, SellWeight: 1.00
Adjusted confidence - BUY: 0.00, SELL: 1.25 → SELL @ 1.25
Filtering out UPC: confidence 1.25 below minimum 1.80
Raw confidence - BUY: 2.15, SELL: 0.00, SellWeight: 1.00
Adjusted confidence - BUY: 2.15, SELL: 0.00 → BUY @ 2.15
Penny stocks allowed for user4 - including NXL (price: $1.63, market cap: $28391222)
Raw confidence - BUY: 1.50, SELL: 0.00, SellWeight: 1.00
Adjusted confidence - BUY: 1.50, SELL: 0.00 → BUY @ 1.50
Filtering out PSTV: confidence 1.50 below minimum 1.80
Raw confidence - BUY: 0.75, SELL: 0.60, SellWeight: 1.00
Adjusted confidence - BUY: 0.15, SELL: 0.00 → BUY @ 0.15
Filtering out ACXP: confidence 0.15 below minimum 1.80
Raw confidence - BUY: 1.50, SELL: 0.60, SellWeight: 1.00
Adjusted confidence - BUY: 0.90, SELL: 0.00 → BUY @ 0.90
Filtering out SCWO: confidence 0.90 below minimum 1.80
Raw confidence - BUY: 0.75, SELL: 0.65, SellWeight: 1.00
Adjusted confidence - BUY: 0.10, SELL: 0.00 → BUY @ 0.10
Filtering out RGTI: confidence 0.10 below minimum 1.80
Raw confidence - BUY: 2.10, SELL: 0.00, SellWeight: 1.00
Adjusted confidence - BUY: 2.10, SELL: 0.00 → BUY @ 2.10
Penny stocks allowed for user4 - including MSFT (price: $523.55, market cap: $3830758244000)
Raw confidence - BUY: 1.50, SELL: 0.00, SellWeight: 1.00
Adjusted confidence - BUY: 1.50, SELL: 0.00 → BUY @ 1.50
Filtering out DIS: confidence 1.50 below minimum 1.80
Raw confidence - BUY: 1.50, SELL: 0.00, SellWeight: 1.00
Adjusted confidence - BUY: 1.50, SELL: 0.00 → BUY @ 1.50
Filtering out BULL: confidence 1.50 below minimum 1.80
Raw confidence - BUY: 0.00, SELL: 0.00, SellWeight: 1.00
Adjusted confidence - BUY: 0.00, SELL: 0.00 → HOLD @ 0.00
Filtering out YYAI: confidence 0.00 below minimum 1.80
Raw confidence - BUY: 0.75, SELL: 0.60, SellWeight: 1.00
Adjusted confidence - BUY: 0.15, SELL: 0.00 → BUY @ 0.15
Filtering out BNAI: confidence 0.15 below minimum 1.80
Raw confidence - BUY: 0.00, SELL: 1.80, SellWeight: 1.00
Adjusted confidence - BUY: 0.00, SELL: 1.80 → SELL @ 1.80
Penny stocks allowed for user4 - including OPEN (price: $8.59, market cap: $6218962432)
Skipping SELL recommendation for OPEN: not owned
Raw confidence - BUY: 0.00, SELL: 1.25, SellWeight: 1.00
Adjusted confidence - BUY: 0.00, SELL: 1.25 → SELL @ 1.25
Filtering out XBIO: confidence 1.25 below minimum 1.80
Raw confidence - BUY: 1.50, SELL: 0.00, SellWeight: 1.00
Adjusted confidence - BUY: 1.50, SELL: 0.00 → BUY @ 1.50
Filtering out PALI: confidence 1.50 below minimum 1.80
Raw confidence - BUY: 1.50, SELL: 0.00, SellWeight: 1.00
Adjusted confidence - BUY: 1.50, SELL: 0.00 → BUY @ 1.50
Filtering out AGRI: confidence 1.50 below minimum 1.80
Raw confidence - BUY: 1.50, SELL: 0.00, SellWeight: 1.00
Adjusted confidence - BUY: 1.50, SELL: 0.00 → BUY @ 1.50
Filtering out AGMH: confidence 1.50 below minimum 1.80
Raw confidence - BUY: 0.75, SELL: 0.60, SellWeight: 1.00
Adjusted confidence - BUY: 0.15, SELL: 0.00 → BUY @ 0.15
Filtering out GPUS: confidence 0.15 below minimum 1.80
Raw confidence - BUY: 0.75, SELL: 0.60, SellWeight: 1.00
Adjusted confidence - BUY: 0.15, SELL: 0.00 → BUY @ 0.15
Filtering out ASNS: confidence 0.15 below minimum 1.80
Raw confidence - BUY: 0.00, SELL: 0.65, SellWeight: 1.00
Adjusted confidence - BUY: 0.00, SELL: 0.65 → SELL @ 0.65
Filtering out BIAFW: confidence 0.65 below minimum 1.80
Raw confidence - BUY: 0.00, SELL: 0.60, SellWeight: 1.00
Adjusted confidence - BUY: 0.00, SELL: 0.60 → SELL @ 0.60
Filtering out ADAP: confidence 0.60 below minimum 1.80
Raw confidence - BUY: 0.00, SELL: 0.00, SellWeight: 1.00
Adjusted confidence - BUY: 0.00, SELL: 0.00 → HOLD @ 0.00
Filtering out SOXS: confidence 0.00 below minimum 1.80
Raw confidence - BUY: 1.35, SELL: 0.00, SellWeight: 1.00
Adjusted confidence - BUY: 1.35, SELL: 0.00 → BUY @ 1.35
Filtering out CHR: confidence 1.35 below minimum 1.80
Raw confidence - BUY: 1.50, SELL: 0.00, SellWeight: 1.00
Adjusted confidence - BUY: 1.50, SELL: 0.00 → BUY @ 1.50
Filtering out NVO: confidence 1.50 below minimum 1.80
Raw confidence - BUY: 1.50, SELL: 0.00, SellWeight: 1.00
Adjusted confidence - BUY: 1.50, SELL: 0.00 → BUY @ 1.50
Filtering out GOOGL: confidence 1.50 below minimum 1.80
Raw confidence - BUY: 0.00, SELL: 0.65, SellWeight: 1.00
Adjusted confidence - BUY: 0.00, SELL: 0.65 → SELL @ 0.65
Filtering out FGIWW: confidence 0.65 below minimum 1.80
Raw confidence - BUY: 1.50, SELL: 0.00, SellWeight: 1.00
Adjusted confidence - BUY: 1.50, SELL: 0.00 → BUY @ 1.50
Filtering out BA: confidence 1.50 below minimum 1.80
Raw confidence - BUY: 1.50, SELL: 0.00, SellWeight: 1.00
Adjusted confidence - BUY: 1.50, SELL: 0.00 → BUY @ 1.50
Filtering out YCBD: confidence 1.50 below minimum 1.80
Raw confidence - BUY: 0.00, SELL: 0.65, SellWeight: 1.00
Adjusted confidence - BUY: 0.00, SELL: 0.65 → SELL @ 0.65
Filtering out PXSAW: confidence 0.65 below minimum 1.80
Raw confidence - BUY: 1.40, SELL: 0.65, SellWeight: 1.00
Adjusted confidence - BUY: 0.75, SELL: 0.00 → BUY @ 0.75
Filtering out BQ: confidence 0.75 below minimum 1.80
Raw confidence - BUY: 1.50, SELL: 0.00, SellWeight: 1.00
Adjusted confidence - BUY: 1.50, SELL: 0.00 → BUY @ 1.50
Filtering out MBX: confidence 1.50 below minimum 1.80
Raw confidence - BUY: 0.00, SELL: 0.00, SellWeight: 1.00
Adjusted confidence - BUY: 0.00, SELL: 0.00 → HOLD @ 0.00
Filtering out PLUG: confidence 0.00 below minimum 1.80
Raw confidence - BUY: 0.75, SELL: 0.60, SellWeight: 1.00
Adjusted confidence - BUY: 0.15, SELL: 0.00 → BUY @ 0.15
Filtering out COCH: confidence 0.15 below minimum 1.80
Raw confidence - BUY: 1.50, SELL: 0.00, SellWeight: 1.00
Adjusted confidence - BUY: 1.50, SELL: 0.00 → BUY @ 1.50
Filtering out APLT: confidence 1.50 below minimum 1.80
Consolidated 2 recommendations with SellWeight=1.00
No sell candidates found
Profit-taking is disabled
Smart Analysis completed for user: user4. Generated 2 recommendations
Batch analysis completed for 1 users
Updated quote for AAPL: $258.0600
Updated quote for MSFT: $524.8500
Updated quote for GOOGL: $244.6200
Updated quote for NVDA: $189.1100
Updated quote for AAPL: $258.0600
Updated quote for ABVEW: $0.8400
Updated quote for ACXP: $8.1000
Updated quote for ADAP: $0.2105
Updated quote for AGMH: $6.7900
Updated quote for AGRI: $3.6300
Updated quote for AMD: $235.5600
Updated quote for AMZN: $225.2200
Updated quote for APLT: $1.0700
Updated quote for AQMS: $5.3550
Updated quote for ARBK: $0.6670
Updated quote for ARKOW: $0.0122
Updated quote for ARQQW: $1.1800
Updated quote for ASBP: $0.3643
Updated quote for ASNS: $0.6977
Updated quote for ATCH: $0.3633
Updated quote for ATON: $10.9100
Updated quote for AUUDW: $0.0156
Updated quote for BA: $225.3200
Failed to update quote for BCTXW: Alpha Vantage API Information: We have detected your API key as G0C346PZOQVFHNIF and our standard API rate limit is 25 requests per day. Please subscribe to any of the premium plans at https://www.alphavantage.co/premium/ to instantly remove all daily rate limits.
Failed to update BCTXW: Alpha Vantage API Information: We have detected your API key as G0C346PZOQVFHNIF and our standard API rate limit is 25 requests per day. Please subscribe to any of the premium plans at https://www.alphavantage.co/premium/ to instantly remove all daily rate limits.
Failed to update quote for BENF: Alpha Vantage API Information: We have detected your API key as G0C346PZOQVFHNIF and our standard API rate limit is 25 requests per day. Please subscribe to any of the premium plans at https://www.alphavantage.co/premium/ to instantly remove all daily rate limits.
Failed to update BENF: Alpha Vantage API Information: We have detected your API key as G0C346PZOQVFHNIF and our standard API rate limit is 25 requests per day. Please subscribe to any of the premium plans at https://www.alphavantage.co/premium/ to instantly remove all daily rate limits.
Failed to update quote for BETRW: Alpha Vantage API Information: We have detected your API key as G0C346PZOQVFHNIF and our standard API rate limit is 25 requests per day. Please subscribe to any of the premium plans at https://www.alphavantage.co/premium/ to instantly remove all daily rate limits.
Failed to update BETRW: Alpha Vantage API Information: We have detected your API key as G0C346PZOQVFHNIF and our standard API rate limit is 25 requests per day. Please subscribe to any of the premium plans at https://www.alphavantage.co/premium/ to instantly remove all daily rate limits.
Failed to update quote for BIAF: Alpha Vantage API Information: We have detected your API key as G0C346PZOQVFHNIF and our standard API rate limit is 25 requests per day. Please subscribe to any of the premium plans at https://www.alphavantage.co/premium/ to instantly remove all daily rate limits.
Failed to update BIAF: Alpha Vantage API Information: We have detected your API key as G0C346PZOQVFHNIF and our standard API rate limit is 25 requests per day. Please subscribe to any of the premium plans at https://www.alphavantage.co/premium/ to instantly remove all daily rate limits.
Failed to update quote for BIAFW: Alpha Vantage API Information: We have detected your API key as G0C346PZOQVFHNIF and our standard API rate limit is 25 requests per day. Please subscribe to any of the premium plans at https://www.alphavantage.co/premium/ to instantly remove all daily rate limits.
Failed to update BIAFW: Alpha Vantage API Information: We have detected your API key as G0C346PZOQVFHNIF and our standard API rate limit is 25 requests per day. Please subscribe to any of the premium plans at https://www.alphavantage.co/premium/ to instantly remove all daily rate limits.
Failed to update quote for BNAI: Alpha Vantage API Information: We have detected your API key as G0C346PZOQVFHNIF and our standard API rate limit is 25 requests per day. Please subscribe to any of the premium plans at https://www.alphavantage.co/premium/ to instantly remove all daily rate limits.
Failed to update BNAI: Alpha Vantage API Information: We have detected your API key as G0C346PZOQVFHNIF and our standard API rate limit is 25 requests per day. Please subscribe to any of the premium plans at https://www.alphavantage.co/premium/ to instantly remove all daily rate limits.
Failed to update quote for BNAIW: Alpha Vantage API Information: We have detected your API key as G0C346PZOQVFHNIF and our standard API rate limit is 25 requests per day. Please subscribe to any of the premium plans at https://www.alphavantage.co/premium/ to instantly remove all daily rate limits.
Failed to update BNAIW: Alpha Vantage API Information: We have detected your API key as G0C346PZOQVFHNIF and our standard API rate limit is 25 requests per day. Please subscribe to any of the premium plans at https://www.alphavantage.co/premium/ to instantly remove all daily rate limits.
Failed to update quote for BOXL: Alpha Vantage API Information: We have detected your API key as G0C346PZOQVFHNIF and our standard API rate limit is 25 requests per day. Please subscribe to any of the premium plans at https://www.alphavantage.co/premium/ to instantly remove all daily rate limits.
Failed to update BOXL: Alpha Vantage API Information: We have detected your API key as G0C346PZOQVFHNIF and our standard API rate limit is 25 requests per day. Please subscribe to any of the premium plans at https://www.alphavantage.co/premium/ to instantly remove all daily rate limits.
Failed to update quote for BQ: Alpha Vantage API Information: We have detected your API key as G0C346PZOQVFHNIF and our standard API rate limit is 25 requests per day. Please subscribe to any of the premium plans at https://www.alphavantage.co/premium/ to instantly remove all daily rate limits.
Failed to update BQ: Alpha Vantage API Information: We have detected your API key as G0C346PZOQVFHNIF and our standard API rate limit is 25 requests per day. Please subscribe to any of the premium plans at https://www.alphavantage.co/premium/ to instantly remove all daily rate limits.
Failed to update quote for BRK.B: Alpha Vantage API Information: We have detected your API key as G0C346PZOQVFHNIF and our standard API rate limit is 25 requests per day. Please subscribe to any of the premium plans at https://www.alphavantage.co/premium/ to instantly remove all daily rate limits.
Failed to update BRK.B: Alpha Vantage API Information: We have detected your API key as G0C346PZOQVFHNIF and our standard API rate limit is 25 requests per day. Please subscribe to any of the premium plans at https://www.alphavantage.co/premium/ to instantly remove all daily rate limits.
Failed to update quote for BULL: Alpha Vantage API Information: We have detected your API key as G0C346PZOQVFHNIF and our standard API rate limit is 25 requests per day. Please subscribe to any of the premium plans at https://www.alphavantage.co/premium/ to instantly remove all daily rate limits.
Failed to update BULL: Alpha Vantage API Information: We have detected your API key as G0C346PZOQVFHNIF and our standard API rate limit is 25 requests per day. Please subscribe to any of the premium plans at https://www.alphavantage.co/premium/ to instantly remove all daily rate limits.
Failed to update quote for BURU: Alpha Vantage API Information: We have detected your API key as G0C346PZOQVFHNIF and our standard API rate limit is 25 requests per day. Please subscribe to any of the premium plans at https://www.alphavantage.co/premium/ to instantly remove all daily rate limits.
Failed to update BURU: Alpha Vantage API Information: We have detected your API key as G0C346PZOQVFHNIF and our standard API rate limit is 25 requests per day. Please subscribe to any of the premium plans at https://www.alphavantage.co/premium/ to instantly remove all daily rate limits.
Failed to update quote for CAPTW: Alpha Vantage API Information: We have detected your API key as G0C346PZOQVFHNIF and our standard API rate limit is 25 requests per day. Please subscribe to any of the premium plans at https://www.alphavantage.co/premium/ to instantly remove all daily rate limits.
Failed to update CAPTW: Alpha Vantage API Information: We have detected your API key as G0C346PZOQVFHNIF and our standard API rate limit is 25 requests per day. Please subscribe to any of the premium plans at https://www.alphavantage.co/premium/ to instantly remove all daily rate limits.
Failed to update quote for CHR: Alpha Vantage API Information: We have detected your API key as G0C346PZOQVFHNIF and our standard API rate limit is 25 requests per day. Please subscribe to any of the premium plans at https://www.alphavantage.co/premium/ to instantly remove all daily rate limits.
Failed to update CHR: Alpha Vantage API Information: We have detected your API key as G0C346PZOQVFHNIF and our standard API rate limit is 25 requests per day. Please subscribe to any of the premium plans at https://www.alphavantage.co/premium/ to instantly remove all daily rate limits.
Failed to update quote for CIGL: Alpha Vantage API Information: We have detected your API key as G0C346PZOQVFHNIF and our standard API rate limit is 25 requests per day. Please subscribe to any of the premium plans at https://www.alphavantage.co/premium/ to instantly remove all daily rate limits.
Failed to update CIGL: Alpha Vantage API Information: We have detected your API key as G0C346PZOQVFHNIF and our standard API rate limit is 25 requests per day. Please subscribe to any of the premium plans at https://www.alphavantage.co/premium/ to instantly remove all daily rate limits.
Failed to update quote for CISS: Alpha Vantage API Information: We have detected your API key as G0C346PZOQVFHNIF and our standard API rate limit is 25 requests per day. Please subscribe to any of the premium plans at https://www.alphavantage.co/premium/ to instantly remove all daily rate limits.
Failed to update CISS: Alpha Vantage API Information: We have detected your API key as G0C346PZOQVFHNIF and our standard API rate limit is 25 requests per day. Please subscribe to any of the premium plans at https://www.alphavantage.co/premium/ to instantly remove all daily rate limits.
Failed to update quote for CJET: Alpha Vantage API Information: We have detected your API key as G0C346PZOQVFHNIF and our standard API rate limit is 25 requests per day. Please subscribe to any of the premium plans at https://www.alphavantage.co/premium/ to instantly remove all daily rate limits.
Failed to update CJET: Alpha Vantage API Information: We have detected your API key as G0C346PZOQVFHNIF and our standard API rate limit is 25 requests per day. Please subscribe to any of the premium plans at https://www.alphavantage.co/premium/ to instantly remove all daily rate limits.
Failed to update quote for COCH: Alpha Vantage API Information: We have detected your API key as G0C346PZOQVFHNIF and our standard API rate limit is 25 requests per day. Please subscribe to any of the premium plans at https://www.alphavantage.co/premium/ to instantly remove all daily rate limits.
Failed to update COCH: Alpha Vantage API Information: We have detected your API key as G0C346PZOQVFHNIF and our standard API rate limit is 25 requests per day. Please subscribe to any of the premium plans at https://www.alphavantage.co/premium/ to instantly remove all daily rate limits.
Failed to update quote for COCHW: Alpha Vantage API Information: We have detected your API key as G0C346PZOQVFHNIF and our standard API rate limit is 25 requests per day. Please subscribe to any of the premium plans at https://www.alphavantage.co/premium/ to instantly remove all daily rate limits.
Failed to update COCHW: Alpha Vantage API Information: We have detected your API key as G0C346PZOQVFHNIF and our standard API rate limit is 25 requests per day. Please subscribe to any of the premium plans at https://www.alphavantage.co/premium/ to instantly remove all daily rate limits.
Failed to update quote for CREVW: Alpha Vantage API Information: We have detected your API key as G0C346PZOQVFHNIF and our standard API rate limit is 25 requests per day. Please subscribe to any of the premium plans at https://www.alphavantage.co/premium/ to instantly remove all daily rate limits.
Failed to update CREVW: Alpha Vantage API Information: We have detected your API key as G0C346PZOQVFHNIF and our standard API rate limit is 25 requests per day. Please subscribe to any of the premium plans at https://www.alphavantage.co/premium/ to instantly remove all daily rate limits.
Failed to update quote for DFLI: Alpha Vantage API Information: We have detected your API key as G0C346PZOQVFHNIF and our standard API rate limit is 25 requests per day. Please subscribe to any of the premium plans at https://www.alphavantage.co/premium/ to instantly remove all daily rate limits.
Failed to update DFLI: Alpha Vantage API Information: We have detected your API key as G0C346PZOQVFHNIF and our standard API rate limit is 25 requests per day. Please subscribe to any of the premium plans at https://www.alphavantage.co/premium/ to instantly remove all daily rate limits.
Failed to update quote for DFLIW: Alpha Vantage API Note: We have detected your API key as G0C346PZOQVFHNIF and our standard API rate limit is 25 requests per day. Please visit https://www.alphavantage.co/premium/ if you would like to target a higher API call frequency.
Failed to update DFLIW: Alpha Vantage API Note: We have detected your API key as G0C346PZOQVFHNIF and our standard API rate limit is 25 requests per day. Please visit https://www.alphavantage.co/premium/ if you would like to target a higher API call frequency.
Failed to update quote for DIS: Alpha Vantage API Note: We have detected your API key as G0C346PZOQVFHNIF and our standard API rate limit is 25 requests per day. Please visit https://www.alphavantage.co/premium/ if you would like to target a higher API call frequency.
Failed to update DIS: Alpha Vantage API Note: We have detected your API key as G0C346PZOQVFHNIF and our standard API rate limit is 25 requests per day. Please visit https://www.alphavantage.co/premium/ if you would like to target a higher API call frequency.
Failed to update quote for DNN: Alpha Vantage API Note: We have detected your API key as G0C346PZOQVFHNIF and our standard API rate limit is 25 requests per day. Please visit https://www.alphavantage.co/premium/ if you would like to target a higher API call frequency.
Failed to update DNN: Alpha Vantage API Note: We have detected your API key as G0C346PZOQVFHNIF and our standard API rate limit is 25 requests per day. Please visit https://www.alphavantage.co/premium/ if you would like to target a higher API call frequency.
Failed to update quote for DVLT: Alpha Vantage API Note: We have detected your API key as G0C346PZOQVFHNIF and our standard API rate limit is 25 requests per day. Please visit https://www.alphavantage.co/premium/ if you would like to target a higher API call frequency.
Failed to update DVLT: Alpha Vantage API Note: We have detected your API key as G0C346PZOQVFHNIF and our standard API rate limit is 25 requests per day. Please visit https://www.alphavantage.co/premium/ if you would like to target a higher API call frequency.
Failed to update quote for EPOW: Alpha Vantage API Note: We have detected your API key as G0C346PZOQVFHNIF and our standard API rate limit is 25 requests per day. Please visit https://www.alphavantage.co/premium/ if you would like to target a higher API call frequency.
Failed to update EPOW: Alpha Vantage API Note: We have detected your API key as G0C346PZOQVFHNIF and our standard API rate limit is 25 requests per day. Please visit https://www.alphavantage.co/premium/ if you would like to target a higher API call frequency.
Failed to update quote for EPSM: Alpha Vantage API Note: We have detected your API key as G0C346PZOQVFHNIF and our standard API rate limit is 25 requests per day. Please visit https://www.alphavantage.co/premium/ if you would like to target a higher API call frequency.
Failed to update EPSM: Alpha Vantage API Note: We have detected your API key as G0C346PZOQVFHNIF and our standard API rate limit is 25 requests per day. Please visit https://www.alphavantage.co/premium/ if you would like to target a higher API call frequency.
Failed to update quote for FGIWW: Alpha Vantage API Note: We have detected your API key as G0C346PZOQVFHNIF and our standard API rate limit is 25 requests per day. Please visit https://www.alphavantage.co/premium/ if you would like to target a higher API call frequency.
Failed to update FGIWW: Alpha Vantage API Note: We have detected your API key as G0C346PZOQVFHNIF and our standard API rate limit is 25 requests per day. Please visit https://www.alphavantage.co/premium/ if you would like to target a higher API call frequency.
Failed to update quote for FOFO: Alpha Vantage API Note: We have detected your API key as G0C346PZOQVFHNIF and our standard API rate limit is 25 requests per day. Please visit https://www.alphavantage.co/premium/ if you would like to target a higher API call frequency.
Failed to update FOFO: Alpha Vantage API Note: We have detected your API key as G0C346PZOQVFHNIF and our standard API rate limit is 25 requests per day. Please visit https://www.alphavantage.co/premium/ if you would like to target a higher API call frequency.
Failed to update quote for FRMI: Alpha Vantage API Note: We have detected your API key as G0C346PZOQVFHNIF and our standard API rate limit is 25 requests per day. Please visit https://www.alphavantage.co/premium/ if you would like to target a higher API call frequency.
Failed to update FRMI: Alpha Vantage API Note: We have detected your API key as G0C346PZOQVFHNIF and our standard API rate limit is 25 requests per day. Please visit https://www.alphavantage.co/premium/ if you would like to target a higher API call frequency.
Failed to update quote for GDEVW: Alpha Vantage API Note: We have detected your API key as G0C346PZOQVFHNIF and our standard API rate limit is 25 requests per day. Please visit https://www.alphavantage.co/premium/ if you would like to target a higher API call frequency.
Failed to update GDEVW: Alpha Vantage API Note: We have detected your API key as G0C346PZOQVFHNIF and our standard API rate limit is 25 requests per day. Please visit https://www.alphavantage.co/premium/ if you would like to target a higher API call frequency.
Failed to update quote for GIGGW: Alpha Vantage API Note: We have detected your API key as G0C346PZOQVFHNIF and our standard API rate limit is 25 requests per day. Please visit https://www.alphavantage.co/premium/ if you would like to target a higher API call frequency.
Failed to update GIGGW: Alpha Vantage API Note: We have detected your API key as G0C346PZOQVFHNIF and our standard API rate limit is 25 requests per day. Please visit https://www.alphavantage.co/premium/ if you would like to target a higher API call frequency.
Failed to update quote for GIPRW: Alpha Vantage API Note: We have detected your API key as G0C346PZOQVFHNIF and our standard API rate limit is 25 requests per day. Please visit https://www.alphavantage.co/premium/ if you would like to target a higher API call frequency.
Failed to update GIPRW: Alpha Vantage API Note: We have detected your API key as G0C346PZOQVFHNIF and our standard API rate limit is 25 requests per day. Please visit https://www.alphavantage.co/premium/ if you would like to target a higher API call frequency.
Failed to update quote for GLB.L: Alpha Vantage API Note: We have detected your API key as G0C346PZOQVFHNIF and our standard API rate limit is 25 requests per day. Please visit https://www.alphavantage.co/premium/ if you would like to target a higher API call frequency.
Failed to update GLB.L: Alpha Vantage API Note: We have detected your API key as G0C346PZOQVFHNIF and our standard API rate limit is 25 requests per day. Please visit https://www.alphavantage.co/premium/ if you would like to target a higher API call frequency.
Failed to update quote for GLTO: Alpha Vantage API Note: We have detected your API key as G0C346PZOQVFHNIF and our standard API rate limit is 25 requests per day. Please visit https://www.alphavantage.co/premium/ if you would like to target a higher API call frequency.
Failed to update GLTO: Alpha Vantage API Note: We have detected your API key as G0C346PZOQVFHNIF and our standard API rate limit is 25 requests per day. Please visit https://www.alphavantage.co/premium/ if you would like to target a higher API call frequency.
Failed to update quote for GOOGL: Alpha Vantage API Note: We have detected your API key as G0C346PZOQVFHNIF and our standard API rate limit is 25 requests per day. Please visit https://www.alphavantage.co/premium/ if you would like to target a higher API call frequency.
Failed to update GOOGL: Alpha Vantage API Note: We have detected your API key as G0C346PZOQVFHNIF and our standard API rate limit is 25 requests per day. Please visit https://www.alphavantage.co/premium/ if you would like to target a higher API call frequency.
Failed to update quote for GPUS: Alpha Vantage API Note: We have detected your API key as G0C346PZOQVFHNIF and our standard API rate limit is 25 requests per day. Please visit https://www.alphavantage.co/premium/ if you would like to target a higher API call frequency.
Failed to update GPUS: Alpha Vantage API Note: We have detected your API key as G0C346PZOQVFHNIF and our standard API rate limit is 25 requests per day. Please visit https://www.alphavantage.co/premium/ if you would like to target a higher API call frequency.
Failed to update quote for HOLN.SW: Alpha Vantage API Note: We have detected your API key as G0C346PZOQVFHNIF and our standard API rate limit is 25 requests per day. Please visit https://www.alphavantage.co/premium/ if you would like to target a higher API call frequency.
Failed to update HOLN.SW: Alpha Vantage API Note: We have detected your API key as G0C346PZOQVFHNIF and our standard API rate limit is 25 requests per day. Please visit https://www.alphavantage.co/premium/ if you would like to target a higher API call frequency.
Failed to update quote for IINNW: Alpha Vantage API Note: We have detected your API key as G0C346PZOQVFHNIF and our standard API rate limit is 25 requests per day. Please visit https://www.alphavantage.co/premium/ if you would like to target a higher API call frequency.
Failed to update IINNW: Alpha Vantage API Note: We have detected your API key as G0C346PZOQVFHNIF and our standard API rate limit is 25 requests per day. Please visit https://www.alphavantage.co/premium/ if you would like to target a higher API call frequency.
Failed to update quote for ILLRW: Alpha Vantage API Note: We have detected your API key as G0C346PZOQVFHNIF and our standard API rate limit is 25 requests per day. Please visit https://www.alphavantage.co/premium/ if you would like to target a higher API call frequency.
Failed to update ILLRW: Alpha Vantage API Note: We have detected your API key as G0C346PZOQVFHNIF and our standard API rate limit is 25 requests per day. Please visit https://www.alphavantage.co/premium/ if you would like to target a higher API call frequency.
Failed to update quote for INTC: Alpha Vantage API Note: We have detected your API key as G0C346PZOQVFHNIF and our standard API rate limit is 25 requests per day. Please visit https://www.alphavantage.co/premium/ if you would like to target a higher API call frequency.
Failed to update INTC: Alpha Vantage API Note: We have detected your API key as G0C346PZOQVFHNIF and our standard API rate limit is 25 requests per day. Please visit https://www.alphavantage.co/premium/ if you would like to target a higher API call frequency.
Failed to update quote for IVDAW: Alpha Vantage API Note: We have detected your API key as G0C346PZOQVFHNIF and our standard API rate limit is 25 requests per day. Please visit https://www.alphavantage.co/premium/ if you would like to target a higher API call frequency.
Failed to update IVDAW: Alpha Vantage API Note: We have detected your API key as G0C346PZOQVFHNIF and our standard API rate limit is 25 requests per day. Please visit https://www.alphavantage.co/premium/ if you would like to target a higher API call frequency.
Failed to update quote for JFB: Alpha Vantage API Note: We have detected your API key as G0C346PZOQVFHNIF and our standard API rate limit is 25 requests per day. Please visit https://www.alphavantage.co/premium/ if you would like to target a higher API call frequency.
Failed to update JFB: Alpha Vantage API Note: We have detected your API key as G0C346PZOQVFHNIF and our standard API rate limit is 25 requests per day. Please visit https://www.alphavantage.co/premium/ if you would like to target a higher API call frequency.
Failed to update quote for KYGA.L: Alpha Vantage API Note: We have detected your API key as G0C346PZOQVFHNIF and our standard API rate limit is 25 requests per day. Please visit https://www.alphavantage.co/premium/ if you would like to target a higher API call frequency.
Failed to update KYGA.L: Alpha Vantage API Note: We have detected your API key as G0C346PZOQVFHNIF and our standard API rate limit is 25 requests per day. Please visit https://www.alphavantage.co/premium/ if you would like to target a higher API call frequency.
Failed to update quote for LAC: Alpha Vantage API Note: We have detected your API key as G0C346PZOQVFHNIF and our standard API rate limit is 25 requests per day. Please visit https://www.alphavantage.co/premium/ if you would like to target a higher API call frequency.
Failed to update LAC: Alpha Vantage API Note: We have detected your API key as G0C346PZOQVFHNIF and our standard API rate limit is 25 requests per day. Please visit https://www.alphavantage.co/premium/ if you would like to target a higher API call frequency.
Failed to update quote for LSBPW: Alpha Vantage API Note: We have detected your API key as G0C346PZOQVFHNIF and our standard API rate limit is 25 requests per day. Please visit https://www.alphavantage.co/premium/ if you would like to target a higher API call frequency.
Failed to update LSBPW: Alpha Vantage API Note: We have detected your API key as G0C346PZOQVFHNIF and our standard API rate limit is 25 requests per day. Please visit https://www.alphavantage.co/premium/ if you would like to target a higher API call frequency.
Failed to update quote for LVROW: Alpha Vantage API Note: We have detected your API key as G0C346PZOQVFHNIF and our standard API rate limit is 25 requests per day. Please visit https://www.alphavantage.co/premium/ if you would like to target a higher API call frequency.
Failed to update LVROW: Alpha Vantage API Note: We have detected your API key as G0C346PZOQVFHNIF and our standard API rate limit is 25 requests per day. Please visit https://www.alphavantage.co/premium/ if you would like to target a higher API call frequency.
Failed to update quote for MBX: Alpha Vantage API Note: We have detected your API key as G0C346PZOQVFHNIF and our standard API rate limit is 25 requests per day. Please visit https://www.alphavantage.co/premium/ if you would like to target a higher API call frequency.
Failed to update MBX: Alpha Vantage API Note: We have detected your API key as G0C346PZOQVFHNIF and our standard API rate limit is 25 requests per day. Please visit https://www.alphavantage.co/premium/ if you would like to target a higher API call frequency.
Failed to update quote for META: Alpha Vantage API Note: We have detected your API key as G0C346PZOQVFHNIF and our standard API rate limit is 25 requests per day. Please visit https://www.alphavantage.co/premium/ if you would like to target a higher API call frequency.
Failed to update META: Alpha Vantage API Note: We have detected your API key as G0C346PZOQVFHNIF and our standard API rate limit is 25 requests per day. Please visit https://www.alphavantage.co/premium/ if you would like to target a higher API call frequency.
Failed to update quote for MIGI: Alpha Vantage API Note: We have detected your API key as G0C346PZOQVFHNIF and our standard API rate limit is 25 requests per day. Please visit https://www.alphavantage.co/premium/ if you would like to target a higher API call frequency.
Failed to update MIGI: Alpha Vantage API Note: We have detected your API key as G0C346PZOQVFHNIF and our standard API rate limit is 25 requests per day. Please visit https://www.alphavantage.co/premium/ if you would like to target a higher API call frequency.
Failed to update quote for MLACR: Alpha Vantage API Note: We have detected your API key as G0C346PZOQVFHNIF and our standard API rate limit is 25 requests per day. Please visit https://www.alphavantage.co/premium/ if you would like to target a higher API call frequency.
Failed to update MLACR: Alpha Vantage API Note: We have detected your API key as G0C346PZOQVFHNIF and our standard API rate limit is 25 requests per day. Please visit https://www.alphavantage.co/premium/ if you would like to target a higher API call frequency.
Failed to update quote for MRM: Alpha Vantage API Note: We have detected your API key as G0C346PZOQVFHNIF and our standard API rate limit is 25 requests per day. Please visit https://www.alphavantage.co/premium/ if you would like to target a higher API call frequency.
Failed to update MRM: Alpha Vantage API Note: We have detected your API key as G0C346PZOQVFHNIF and our standard API rate limit is 25 requests per day. Please visit https://www.alphavantage.co/premium/ if you would like to target a higher API call frequency.
Failed to update quote for MSFT: Alpha Vantage API Note: We have detected your API key as G0C346PZOQVFHNIF and our standard API rate limit is 25 requests per day. Please visit https://www.alphavantage.co/premium/ if you would like to target a higher API call frequency.
Failed to update MSFT: Alpha Vantage API Note: We have detected your API key as G0C346PZOQVFHNIF and our standard API rate limit is 25 requests per day. Please visit https://www.alphavantage.co/premium/ if you would like to target a higher API call frequency.
Failed to update quote for MYSEW: Alpha Vantage API Note: We have detected your API key as G0C346PZOQVFHNIF and our standard API rate limit is 25 requests per day. Please visit https://www.alphavantage.co/premium/ if you would like to target a higher API call frequency.
Failed to update MYSEW: Alpha Vantage API Note: We have detected your API key as G0C346PZOQVFHNIF and our standard API rate limit is 25 requests per day. Please visit https://www.alphavantage.co/premium/ if you would like to target a higher API call frequency.
Failed to update quote for NFLX: Alpha Vantage API Note: We have detected your API key as G0C346PZOQVFHNIF and our standard API rate limit is 25 requests per day. Please visit https://www.alphavantage.co/premium/ if you would like to target a higher API call frequency.
Failed to update NFLX: Alpha Vantage API Note: We have detected your API key as G0C346PZOQVFHNIF and our standard API rate limit is 25 requests per day. Please visit https://www.alphavantage.co/premium/ if you would like to target a higher API call frequency.
Failed to update quote for NRSNW: Alpha Vantage API Note: We have detected your API key as G0C346PZOQVFHNIF and our standard API rate limit is 25 requests per day. Please visit https://www.alphavantage.co/premium/ if you would like to target a higher API call frequency.
Failed to update NRSNW: Alpha Vantage API Note: We have detected your API key as G0C346PZOQVFHNIF and our standard API rate limit is 25 requests per day. Please visit https://www.alphavantage.co/premium/ if you would like to target a higher API call frequency.
Failed to update quote for NRXPW: Alpha Vantage API Note: We have detected your API key as G0C346PZOQVFHNIF and our standard API rate limit is 25 requests per day. Please visit https://www.alphavantage.co/premium/ if you would like to target a higher API call frequency.
Failed to update NRXPW: Alpha Vantage API Note: We have detected your API key as G0C346PZOQVFHNIF and our standard API rate limit is 25 requests per day. Please visit https://www.alphavantage.co/premium/ if you would like to target a higher API call frequency.
Failed to update quote for NUAI: Alpha Vantage API Note: We have detected your API key as G0C346PZOQVFHNIF and our standard API rate limit is 25 requests per day. Please visit https://www.alphavantage.co/premium/ if you would like to target a higher API call frequency.
Failed to update NUAI: Alpha Vantage API Note: We have detected your API key as G0C346PZOQVFHNIF and our standard API rate limit is 25 requests per day. Please visit https://www.alphavantage.co/premium/ if you would like to target a higher API call frequency.
Failed to update quote for NVDA: Alpha Vantage API Note: We have detected your API key as G0C346PZOQVFHNIF and our standard API rate limit is 25 requests per day. Please visit https://www.alphavantage.co/premium/ if you would like to target a higher API call frequency.
Failed to update NVDA: Alpha Vantage API Note: We have detected your API key as G0C346PZOQVFHNIF and our standard API rate limit is 25 requests per day. Please visit https://www.alphavantage.co/premium/ if you would like to target a higher API call frequency.
Failed to update quote for NVO: Alpha Vantage API Note: We have detected your API key as G0C346PZOQVFHNIF and our standard API rate limit is 25 requests per day. Please visit https://www.alphavantage.co/premium/ if you would like to target a higher API call frequency.
Failed to update NVO: Alpha Vantage API Note: We have detected your API key as G0C346PZOQVFHNIF and our standard API rate limit is 25 requests per day. Please visit https://www.alphavantage.co/premium/ if you would like to target a higher API call frequency.
Failed to update quote for NXL: Alpha Vantage API Note: We have detected your API key as G0C346PZOQVFHNIF and our standard API rate limit is 25 requests per day. Please visit https://www.alphavantage.co/premium/ if you would like to target a higher API call frequency.
Failed to update NXL: Alpha Vantage API Note: We have detected your API key as G0C346PZOQVFHNIF and our standard API rate limit is 25 requests per day. Please visit https://www.alphavantage.co/premium/ if you would like to target a higher API call frequency.
Failed to update quote for ONMD: Alpha Vantage API Note: We have detected your API key as G0C346PZOQVFHNIF and our standard API rate limit is 25 requests per day. Please visit https://www.alphavantage.co/premium/ if you would like to target a higher API call frequency.
Failed to update ONMD: Alpha Vantage API Note: We have detected your API key as G0C346PZOQVFHNIF and our standard API rate limit is 25 requests per day. Please visit https://www.alphavantage.co/premium/ if you would like to target a higher API call frequency.
Failed to update quote for ONMDW: Alpha Vantage API Note: We have detected your API key as G0C346PZOQVFHNIF and our standard API rate limit is 25 requests per day. Please visit https://www.alphavantage.co/premium/ if you would like to target a higher API call frequency.
Failed to update ONMDW: Alpha Vantage API Note: We have detected your API key as G0C346PZOQVFHNIF and our standard API rate limit is 25 requests per day. Please visit https://www.alphavantage.co/premium/ if you would like to target a higher API call frequency.
Failed to update quote for OPEN: Alpha Vantage API Note: We have detected your API key as G0C346PZOQVFHNIF and our standard API rate limit is 25 requests per day. Please visit https://www.alphavantage.co/premium/ if you would like to target a higher API call frequency.
Failed to update OPEN: Alpha Vantage API Note: We have detected your API key as G0C346PZOQVFHNIF and our standard API rate limit is 25 requests per day. Please visit https://www.alphavantage.co/premium/ if you would like to target a higher API call frequency.
Failed to update quote for ORIS: Alpha Vantage API Note: We have detected your API key as G0C346PZOQVFHNIF and our standard API rate limit is 25 requests per day. Please visit https://www.alphavantage.co/premium/ if you would like to target a higher API call frequency.
Failed to update ORIS: Alpha Vantage API Note: We have detected your API key as G0C346PZOQVFHNIF and our standard API rate limit is 25 requests per day. Please visit https://www.alphavantage.co/premium/ if you would like to target a higher API call frequency.
Failed to update quote for OUSTZ: Alpha Vantage API Note: We have detected your API key as G0C346PZOQVFHNIF and our standard API rate limit is 25 requests per day. Please visit https://www.alphavantage.co/premium/ if you would like to target a higher API call frequency.
Failed to update OUSTZ: Alpha Vantage API Note: We have detected your API key as G0C346PZOQVFHNIF and our standard API rate limit is 25 requests per day. Please visit https://www.alphavantage.co/premium/ if you would like to target a higher API call frequency.
Failed to update quote for PALI: Alpha Vantage API Note: We have detected your API key as G0C346PZOQVFHNIF and our standard API rate limit is 25 requests per day. Please visit https://www.alphavantage.co/premium/ if you would like to target a higher API call frequency.
Failed to update PALI: Alpha Vantage API Note: We have detected your API key as G0C346PZOQVFHNIF and our standard API rate limit is 25 requests per day. Please visit https://www.alphavantage.co/premium/ if you would like to target a higher API call frequency.
Failed to update quote for PCSA: Alpha Vantage API Note: We have detected your API key as G0C346PZOQVFHNIF and our standard API rate limit is 25 requests per day. Please visit https://www.alphavantage.co/premium/ if you would like to target a higher API call frequency.
Failed to update PCSA: Alpha Vantage API Note: We have detected your API key as G0C346PZOQVFHNIF and our standard API rate limit is 25 requests per day. Please visit https://www.alphavantage.co/premium/ if you would like to target a higher API call frequency.
Failed to update quote for PLUG: Alpha Vantage API Note: We have detected your API key as G0C346PZOQVFHNIF and our standard API rate limit is 25 requests per day. Please visit https://www.alphavantage.co/premium/ if you would like to target a higher API call frequency.
Failed to update PLUG: Alpha Vantage API Note: We have detected your API key as G0C346PZOQVFHNIF and our standard API rate limit is 25 requests per day. Please visit https://www.alphavantage.co/premium/ if you would like to target a higher API call frequency.
Failed to update quote for PSTV: Alpha Vantage API Note: We have detected your API key as G0C346PZOQVFHNIF and our standard API rate limit is 25 requests per day. Please visit https://www.alphavantage.co/premium/ if you would like to target a higher API call frequency.
Failed to update PSTV: Alpha Vantage API Note: We have detected your API key as G0C346PZOQVFHNIF and our standard API rate limit is 25 requests per day. Please visit https://www.alphavantage.co/premium/ if you would like to target a higher API call frequency.
Failed to update quote for PXSAW: Alpha Vantage API Note: We have detected your API key as G0C346PZOQVFHNIF and our standard API rate limit is 25 requests per day. Please visit https://www.alphavantage.co/premium/ if you would like to target a higher API call frequency.
Failed to update PXSAW: Alpha Vantage API Note: We have detected your API key as G0C346PZOQVFHNIF and our standard API rate limit is 25 requests per day. Please visit https://www.alphavantage.co/premium/ if you would like to target a higher API call frequency.
Failed to update quote for QLGN: Alpha Vantage API Note: We have detected your API key as G0C346PZOQVFHNIF and our standard API rate limit is 25 requests per day. Please visit https://www.alphavantage.co/premium/ if you would like to target a higher API call frequency.
Failed to update QLGN: Alpha Vantage API Note: We have detected your API key as G0C346PZOQVFHNIF and our standard API rate limit is 25 requests per day. Please visit https://www.alphavantage.co/premium/ if you would like to target a higher API call frequency.
Failed to update quote for RFAIR: Alpha Vantage API Note: We have detected your API key as G0C346PZOQVFHNIF and our standard API rate limit is 25 requests per day. Please visit https://www.alphavantage.co/premium/ if you would like to target a higher API call frequency.
Failed to update RFAIR: Alpha Vantage API Note: We have detected your API key as G0C346PZOQVFHNIF and our standard API rate limit is 25 requests per day. Please visit https://www.alphavantage.co/premium/ if you would like to target a higher API call frequency.
Failed to update quote for RGTI: Alpha Vantage API Note: We have detected your API key as G0C346PZOQVFHNIF and our standard API rate limit is 25 requests per day. Please visit https://www.alphavantage.co/premium/ if you would like to target a higher API call frequency.
Failed to update RGTI: Alpha Vantage API Note: We have detected your API key as G0C346PZOQVFHNIF and our standard API rate limit is 25 requests per day. Please visit https://www.alphavantage.co/premium/ if you would like to target a higher API call frequency.
Failed to update quote for RKT: Alpha Vantage API Note: We have detected your API key as G0C346PZOQVFHNIF and our standard API rate limit is 25 requests per day. Please visit https://www.alphavantage.co/premium/ if you would like to target a higher API call frequency.
Failed to update RKT: Alpha Vantage API Note: We have detected your API key as G0C346PZOQVFHNIF and our standard API rate limit is 25 requests per day. Please visit https://www.alphavantage.co/premium/ if you would like to target a higher API call frequency.
Failed to update quote for RNWWW: Alpha Vantage API Note: We have detected your API key as G0C346PZOQVFHNIF and our standard API rate limit is 25 requests per day. Please visit https://www.alphavantage.co/premium/ if you would like to target a higher API call frequency.
Failed to update RNWWW: Alpha Vantage API Note: We have detected your API key as G0C346PZOQVFHNIF and our standard API rate limit is 25 requests per day. Please visit https://www.alphavantage.co/premium/ if you would like to target a higher API call frequency.
Failed to update quote for RVPHW: Alpha Vantage API Note: We have detected your API key as G0C346PZOQVFHNIF and our standard API rate limit is 25 requests per day. Please visit https://www.alphavantage.co/premium/ if you would like to target a higher API call frequency.
Failed to update RVPHW: Alpha Vantage API Note: We have detected your API key as G0C346PZOQVFHNIF and our standard API rate limit is 25 requests per day. Please visit https://www.alphavantage.co/premium/ if you would like to target a higher API call frequency.
Failed to update quote for RVSNW: Alpha Vantage API Note: We have detected your API key as G0C346PZOQVFHNIF and our standard API rate limit is 25 requests per day. Please visit https://www.alphavantage.co/premium/ if you would like to target a higher API call frequency.
Failed to update RVSNW: Alpha Vantage API Note: We have detected your API key as G0C346PZOQVFHNIF and our standard API rate limit is 25 requests per day. Please visit https://www.alphavantage.co/premium/ if you would like to target a higher API call frequency.
Failed to update quote for RVYL: Alpha Vantage API Note: We have detected your API key as G0C346PZOQVFHNIF and our standard API rate limit is 25 requests per day. Please visit https://www.alphavantage.co/premium/ if you would like to target a higher API call frequency.
Failed to update RVYL: Alpha Vantage API Note: We have detected your API key as G0C346PZOQVFHNIF and our standard API rate limit is 25 requests per day. Please visit https://www.alphavantage.co/premium/ if you would like to target a higher API call frequency.
Failed to update quote for SCWO: Alpha Vantage API Note: We have detected your API key as G0C346PZOQVFHNIF and our standard API rate limit is 25 requests per day. Please visit https://www.alphavantage.co/premium/ if you would like to target a higher API call frequency.
Failed to update SCWO: Alpha Vantage API Note: We have detected your API key as G0C346PZOQVFHNIF and our standard API rate limit is 25 requests per day. Please visit https://www.alphavantage.co/premium/ if you would like to target a higher API call frequency.
Failed to update quote for SDSTW: Alpha Vantage API Note: We have detected your API key as G0C346PZOQVFHNIF and our standard API rate limit is 25 requests per day. Please visit https://www.alphavantage.co/premium/ if you would like to target a higher API call frequency.
Failed to update SDSTW: Alpha Vantage API Note: We have detected your API key as G0C346PZOQVFHNIF and our standard API rate limit is 25 requests per day. Please visit https://www.alphavantage.co/premium/ if you would like to target a higher API call frequency.
Failed to update quote for SHOTW: Alpha Vantage API Note: We have detected your API key as G0C346PZOQVFHNIF and our standard API rate limit is 25 requests per day. Please visit https://www.alphavantage.co/premium/ if you would like to target a higher API call frequency.
Failed to update SHOTW: Alpha Vantage API Note: We have detected your API key as G0C346PZOQVFHNIF and our standard API rate limit is 25 requests per day. Please visit https://www.alphavantage.co/premium/ if you would like to target a higher API call frequency.
Failed to update quote for SLDPW: Alpha Vantage API Note: We have detected your API key as G0C346PZOQVFHNIF and our standard API rate limit is 25 requests per day. Please visit https://www.alphavantage.co/premium/ if you would like to target a higher API call frequency.
Failed to update SLDPW: Alpha Vantage API Note: We have detected your API key as G0C346PZOQVFHNIF and our standard API rate limit is 25 requests per day. Please visit https://www.alphavantage.co/premium/ if you would like to target a higher API call frequency.
Failed to update quote for SLNH: Alpha Vantage API Note: We have detected your API key as G0C346PZOQVFHNIF and our standard API rate limit is 25 requests per day. Please visit https://www.alphavantage.co/premium/ if you would like to target a higher API call frequency.
Failed to update SLNH: Alpha Vantage API Note: We have detected your API key as G0C346PZOQVFHNIF and our standard API rate limit is 25 requests per day. Please visit https://www.alphavantage.co/premium/ if you would like to target a higher API call frequency.
Failed to update quote for SMXWW: Alpha Vantage API Note: We have detected your API key as G0C346PZOQVFHNIF and our standard API rate limit is 25 requests per day. Please visit https://www.alphavantage.co/premium/ if you would like to target a higher API call frequency.
Failed to update SMXWW: Alpha Vantage API Note: We have detected your API key as G0C346PZOQVFHNIF and our standard API rate limit is 25 requests per day. Please visit https://www.alphavantage.co/premium/ if you would like to target a higher API call frequency.
Failed to update quote for SNAP: Alpha Vantage API Note: We have detected your API key as G0C346PZOQVFHNIF and our standard API rate limit is 25 requests per day. Please visit https://www.alphavantage.co/premium/ if you would like to target a higher API call frequency.
Failed to update SNAP: Alpha Vantage API Note: We have detected your API key as G0C346PZOQVFHNIF and our standard API rate limit is 25 requests per day. Please visit https://www.alphavantage.co/premium/ if you would like to target a higher API call frequency.
Failed to update quote for SOPA: Alpha Vantage API Note: We have detected your API key as G0C346PZOQVFHNIF and our standard API rate limit is 25 requests per day. Please visit https://www.alphavantage.co/premium/ if you would like to target a higher API call frequency.
Failed to update SOPA: Alpha Vantage API Note: We have detected your API key as G0C346PZOQVFHNIF and our standard API rate limit is 25 requests per day. Please visit https://www.alphavantage.co/premium/ if you would like to target a higher API call frequency.
Failed to update quote for SOXS: Alpha Vantage API Note: We have detected your API key as G0C346PZOQVFHNIF and our standard API rate limit is 25 requests per day. Please visit https://www.alphavantage.co/premium/ if you would like to target a higher API call frequency.
Failed to update SOXS: Alpha Vantage API Note: We have detected your API key as G0C346PZOQVFHNIF and our standard API rate limit is 25 requests per day. Please visit https://www.alphavantage.co/premium/ if you would like to target a higher API call frequency.
Failed to update quote for SPRB: Alpha Vantage API Note: We have detected your API key as G0C346PZOQVFHNIF and our standard API rate limit is 25 requests per day. Please visit https://www.alphavantage.co/premium/ if you would like to target a higher API call frequency.
Failed to update SPRB: Alpha Vantage API Note: We have detected your API key as G0C346PZOQVFHNIF and our standard API rate limit is 25 requests per day. Please visit https://www.alphavantage.co/premium/ if you would like to target a higher API call frequency.
Failed to update quote for SVREW: Alpha Vantage API Note: We have detected your API key as G0C346PZOQVFHNIF and our standard API rate limit is 25 requests per day. Please visit https://www.alphavantage.co/premium/ if you would like to target a higher API call frequency.
Failed to update SVREW: Alpha Vantage API Note: We have detected your API key as G0C346PZOQVFHNIF and our standard API rate limit is 25 requests per day. Please visit https://www.alphavantage.co/premium/ if you would like to target a higher API call frequency.
Failed to update quote for SWAGW: Alpha Vantage API Note: We have detected your API key as G0C346PZOQVFHNIF and our standard API rate limit is 25 requests per day. Please visit https://www.alphavantage.co/premium/ if you would like to target a higher API call frequency.
Failed to update SWAGW: Alpha Vantage API Note: We have detected your API key as G0C346PZOQVFHNIF and our standard API rate limit is 25 requests per day. Please visit https://www.alphavantage.co/premium/ if you would like to target a higher API call frequency.
Failed to update quote for TL0.DEX: Alpha Vantage API Note: We have detected your API key as G0C346PZOQVFHNIF and our standard API rate limit is 25 requests per day. Please visit https://www.alphavantage.co/premium/ if you would like to target a higher API call frequency.
Failed to update TL0.DEX: Alpha Vantage API Note: We have detected your API key as G0C346PZOQVFHNIF and our standard API rate limit is 25 requests per day. Please visit https://www.alphavantage.co/premium/ if you would like to target a higher API call frequency.
Failed to update quote for TL0.FRK: Alpha Vantage API Note: We have detected your API key as G0C346PZOQVFHNIF and our standard API rate limit is 25 requests per day. Please visit https://www.alphavantage.co/premium/ if you would like to target a higher API call frequency.
Failed to update TL0.FRK: Alpha Vantage API Note: We have detected your API key as G0C346PZOQVFHNIF and our standard API rate limit is 25 requests per day. Please visit https://www.alphavantage.co/premium/ if you would like to target a higher API call frequency.
Failed to update quote for TLRY: Alpha Vantage API Information: We have detected your API key as G0C346PZOQVFHNIF and our standard API rate limit is 25 requests per day. Please subscribe to any of the premium plans at https://www.alphavantage.co/premium/ to instantly remove all daily rate limits.
Failed to update TLRY: Alpha Vantage API Information: We have detected your API key as G0C346PZOQVFHNIF and our standard API rate limit is 25 requests per day. Please subscribe to any of the premium plans at https://www.alphavantage.co/premium/ to instantly remove all daily rate limits.
Failed to update quote for TMQ: Alpha Vantage API Information: We have detected your API key as G0C346PZOQVFHNIF and our standard API rate limit is 25 requests per day. Please subscribe to any of the premium plans at https://www.alphavantage.co/premium/ to instantly remove all daily rate limits.
Failed to update TMQ: Alpha Vantage API Information: We have detected your API key as G0C346PZOQVFHNIF and our standard API rate limit is 25 requests per day. Please subscribe to any of the premium plans at https://www.alphavantage.co/premium/ to instantly remove all daily rate limits.
Failed to update quote for TSLA: Alpha Vantage API Information: We have detected your API key as G0C346PZOQVFHNIF and our standard API rate limit is 25 requests per day. Please subscribe to any of the premium plans at https://www.alphavantage.co/premium/ to instantly remove all daily rate limits.
Failed to update TSLA: Alpha Vantage API Information: We have detected your API key as G0C346PZOQVFHNIF and our standard API rate limit is 25 requests per day. Please subscribe to any of the premium plans at https://www.alphavantage.co/premium/ to instantly remove all daily rate limits.
Failed to update quote for TSLA.TRT: Alpha Vantage API Information: We have detected your API key as G0C346PZOQVFHNIF and our standard API rate limit is 25 requests per day. Please subscribe to any of the premium plans at https://www.alphavantage.co/premium/ to instantly remove all daily rate limits.
Failed to update TSLA.TRT: Alpha Vantage API Information: We have detected your API key as G0C346PZOQVFHNIF and our standard API rate limit is 25 requests per day. Please subscribe to any of the premium plans at https://www.alphavantage.co/premium/ to instantly remove all daily rate limits.
Failed to update quote for TSLA34.SAO: Alpha Vantage API Information: We have detected your API key as G0C346PZOQVFHNIF and our standard API rate limit is 25 requests per day. Please subscribe to any of the premium plans at https://www.alphavantage.co/premium/ to instantly remove all daily rate limits.
Failed to update TSLA34.SAO: Alpha Vantage API Information: We have detected your API key as G0C346PZOQVFHNIF and our standard API rate limit is 25 requests per day. Please subscribe to any of the premium plans at https://www.alphavantage.co/premium/ to instantly remove all daily rate limits.
Failed to update quote for TSLL: Alpha Vantage API Information: We have detected your API key as G0C346PZOQVFHNIF and our standard API rate limit is 25 requests per day. Please subscribe to any of the premium plans at https://www.alphavantage.co/premium/ to instantly remove all daily rate limits.
Failed to update TSLL: Alpha Vantage API Information: We have detected your API key as G0C346PZOQVFHNIF and our standard API rate limit is 25 requests per day. Please subscribe to any of the premium plans at https://www.alphavantage.co/premium/ to instantly remove all daily rate limits.
Failed to update quote for TSLZ: Alpha Vantage API Information: We have detected your API key as G0C346PZOQVFHNIF and our standard API rate limit is 25 requests per day. Please subscribe to any of the premium plans at https://www.alphavantage.co/premium/ to instantly remove all daily rate limits.
Failed to update TSLZ: Alpha Vantage API Information: We have detected your API key as G0C346PZOQVFHNIF and our standard API rate limit is 25 requests per day. Please subscribe to any of the premium plans at https://www.alphavantage.co/premium/ to instantly remove all daily rate limits.
Failed to update quote for UPC: Alpha Vantage API Information: We have detected your API key as G0C346PZOQVFHNIF and our standard API rate limit is 25 requests per day. Please subscribe to any of the premium plans at https://www.alphavantage.co/premium/ to instantly remove all daily rate limits.
Failed to update UPC: Alpha Vantage API Information: We have detected your API key as G0C346PZOQVFHNIF and our standard API rate limit is 25 requests per day. Please subscribe to any of the premium plans at https://www.alphavantage.co/premium/ to instantly remove all daily rate limits.
Failed to update quote for WGSWW: Alpha Vantage API Information: We have detected your API key as G0C346PZOQVFHNIF and our standard API rate limit is 25 requests per day. Please subscribe to any of the premium plans at https://www.alphavantage.co/premium/ to instantly remove all daily rate limits.
Failed to update WGSWW: Alpha Vantage API Information: We have detected your API key as G0C346PZOQVFHNIF and our standard API rate limit is 25 requests per day. Please subscribe to any of the premium plans at https://www.alphavantage.co/premium/ to instantly remove all daily rate limits.
Failed to update quote for XBIO: Alpha Vantage API Information: We have detected your API key as G0C346PZOQVFHNIF and our standard API rate limit is 25 requests per day. Please subscribe to any of the premium plans at https://www.alphavantage.co/premium/ to instantly remove all daily rate limits.
Failed to update XBIO: Alpha Vantage API Information: We have detected your API key as G0C346PZOQVFHNIF and our standard API rate limit is 25 requests per day. Please subscribe to any of the premium plans at https://www.alphavantage.co/premium/ to instantly remove all daily rate limits.
Failed to update quote for YAAS: Alpha Vantage API Information: We have detected your API key as G0C346PZOQVFHNIF and our standard API rate limit is 25 requests per day. Please subscribe to any of the premium plans at https://www.alphavantage.co/premium/ to instantly remove all daily rate limits.
Failed to update YAAS: Alpha Vantage API Information: We have detected your API key as G0C346PZOQVFHNIF and our standard API rate limit is 25 requests per day. Please subscribe to any of the premium plans at https://www.alphavantage.co/premium/ to instantly remove all daily rate limits.
Failed to update quote for YCBD: Alpha Vantage API Information: We have detected your API key as G0C346PZOQVFHNIF and our standard API rate limit is 25 requests per day. Please subscribe to any of the premium plans at https://www.alphavantage.co/premium/ to instantly remove all daily rate limits.
Failed to update YCBD: Alpha Vantage API Information: We have detected your API key as G0C346PZOQVFHNIF and our standard API rate limit is 25 requests per day. Please subscribe to any of the premium plans at https://www.alphavantage.co/premium/ to instantly remove all daily rate limits.
Failed to update quote for YYAI: Alpha Vantage API Information: We have detected your API key as G0C346PZOQVFHNIF and our standard API rate limit is 25 requests per day. Please subscribe to any of the premium plans at https://www.alphavantage.co/premium/ to instantly remove all daily rate limits.
Failed to update YYAI: Alpha Vantage API Information: We have detected your API key as G0C346PZOQVFHNIF and our standard API rate limit is 25 requests per day. Please subscribe to any of the premium plans at https://www.alphavantage.co/premium/ to instantly remove all daily rate limits.
Failed to update quote for ZNB: Alpha Vantage API Information: We have detected your API key as G0C346PZOQVFHNIF and our standard API rate limit is 25 requests per day. Please subscribe to any of the premium plans at https://www.alphavantage.co/premium/ to instantly remove all daily rate limits.
Failed to update ZNB: Alpha Vantage API Information: We have detected your API key as G0C346PZOQVFHNIF and our standard API rate limit is 25 requests per day. Please subscribe to any of the premium plans at https://www.alphavantage.co/premium/ to instantly remove all daily rate limits.
Updated quote for AAPL: $254.04
Updated quote for MSFT: $522.4
Updated quote for GOOGL: $241.53
Updated quote for NVDA: $192.501
Updated quote for TSLA: $435.54
Updated quote for AAPL: $254.04
Updated quote for ABVEW: $0.87
Updated quote for ACXP: $7.44
Updated quote for ADAP: $0.2201
Updated quote for AGMH: $6.67
Updated quote for AGRI: $3.66
Updated quote for AMD: $232.89
Updated quote for AMZN: $227.74
Updated quote for APLT: $1.05
Updated quote for AQMS: $6.13
Updated quote for ARBK: $0.6101
Updated quote for ARKOW: $0.0114
Updated quote for ARQQW: $1.04
Updated quote for ASBP: $0.3366
Updated quote for ASNS: $0.5996
Updated quote for ATCH: $0.5043
Updated quote for ATON: $8.35
Updated quote for AUUDW: $0.0138
Updated quote for BA: $216.04
Updated quote for BCTXW: $0.05
Updated quote for BENF: $0.5663
Updated quote for BETRW: $0.5301
Updated quote for BIAF: $2.9
Updated quote for BIAFW: $0.64
Updated quote for BNAI: $0.5276
Updated quote for BNAIW: $0.0775
Updated quote for BOXL: $2.08
Updated quote for BQ: $12.27
Failed to get quote for BRK.B: No price data available for BRK.B
Failed to update quote for BRK.B: Failed to fetch quote for BRK.B: No price data available for BRK.B
Failed to update BRK.B: Failed to fetch quote for BRK.B: No price data available for BRK.B
Updated quote for BULL: $12.54
Updated quote for BURU: $0.482
Updated quote for CAPTW: $0.0353
Updated quote for CHR: $0.171
Updated quote for CIGL: $2.9
Updated quote for CISS: $2.45
Updated quote for CJET: $0.15
Updated quote for COCH: $0.9491
Updated quote for COCHW: $0.0629
Updated quote for CREVW: $0.0219
Updated quote for DFLI: $1.3
Updated quote for DFLIW: $0.16
Updated quote for DIS: $110.99
Updated quote for DNN: $2.8203
Updated quote for DVLT: $2.28
Updated quote for EPOW: $1.39
Updated quote for EPSM: $37.63
Updated quote for FGIWW: $0.0924
Updated quote for FOFO: $12.38
Updated quote for FRMI: $26.77
Updated quote for GDEVW: $0.03
Updated quote for GIGGW: $0.95
Updated quote for GIPRW: $0.1152
Updated quote for GLB.L: $14.0
Updated quote for GLTO: $14.75
Updated quote for GOOGL: $241.53
Updated quote for GPUS: $0.514
Updated quote for HOLN.SW: $66.48
Updated quote for IINNW: $0.401
Updated quote for ILLRW: $0.0483
Updated quote for INTC: $37.8
Updated quote for IVDAW: $0.1972
Updated quote for JFB: $14.27
Updated quote for KYGA.L: $76.2
Updated quote for LAC: $8.0462
Updated quote for LSBPW: $0.0102
Updated quote for LVROW: $0.04
Updated quote for MBX: $15.86
Updated quote for META: $733.51
Updated quote for MIGI: $0.9022
Updated quote for MLACR: $0.49
Updated quote for MRM: $2.1
Updated quote for MSFT: $522.4
Updated quote for MYSEW: $0.1301
Updated quote for NFLX: $1231.07
Updated quote for NRSNW: $0.37
Updated quote for NRXPW: $0.16
Updated quote for NUAI: $2.83
Updated quote for NVDA: $192.501
Updated quote for NVO: $58.675
Updated quote for NXL: $1.5
Updated quote for ONMD: $2.67
Updated quote for ONMDW: $0.1396
Updated quote for OPEN: $8.14
Updated quote for ORIS: $0.159
Updated quote for OUSTZ: $0.0801
Updated quote for PALI: $2.1
Updated quote for PCSA: $0.3927
Updated quote for PLUG: $3.78
Updated quote for PSTV: $0.7226
Updated quote for PXSAW: $0.0347
Updated quote for QLGN: $4.4
Updated quote for RFAIR: $0.18
Updated quote for RGTI: $47.11
Updated quote for RKT: $16.265
Updated quote for RNWWW: $0.0644
Updated quote for RVPHW: $0.0651
Updated quote for RVSNW: $0.109
Updated quote for RVYL: $0.3951
Updated quote for SCWO: $0.599
Updated quote for SDSTW: $0.1095
Updated quote for SHOTW: $0.037
Updated quote for SLDPW: $0.97
Updated quote for SLNH: $2.57
Updated quote for SMXWW: $0.0349
Updated quote for SNAP: $8.38
Updated quote for SOPA: $3.4
Updated quote for SOXS: $4.155
Updated quote for SPRB: $175.31
Updated quote for SVREW: $0.0252
Updated quote for SWAGW: $0.0783
Failed to get quote for TL0.DEX: No price data available for TL0.DEX
Failed to update quote for TL0.DEX: Failed to fetch quote for TL0.DEX: No price data available for TL0.DEX
Failed to update TL0.DEX: Failed to fetch quote for TL0.DEX: No price data available for TL0.DEX
Failed to get quote for TL0.FRK: No price data available for TL0.FRK
Failed to update quote for TL0.FRK: Failed to fetch quote for TL0.FRK: No price data available for TL0.FRK
Failed to update TL0.FRK: Failed to fetch quote for TL0.FRK: No price data available for TL0.FRK
Updated quote for TLRY: $2.1
Updated quote for TMQ: $6.5686
Updated quote for TSLA: $435.54
Failed to get quote for TSLA.TRT: No price data available for TSLA.TRT
Failed to update quote for TSLA.TRT: Failed to fetch quote for TSLA.TRT: No price data available for TSLA.TRT
Failed to update TSLA.TRT: Failed to fetch quote for TSLA.TRT: No price data available for TSLA.TRT
Failed to get quote for TSLA34.SAO: No price data available for TSLA34.SAO
Failed to update quote for TSLA34.SAO: Failed to fetch quote for TSLA34.SAO: No price data available for TSLA34.SAO
Failed to update TSLA34.SAO: Failed to fetch quote for TSLA34.SAO: No price data available for TSLA34.SAO
Updated quote for TSLL: $20.01
Updated quote for TSLZ: $0.7291
Updated quote for UPC: $7.22
Updated quote for WGSWW: $0.0932
Updated quote for XBIO: $9.46
Updated quote for YAAS: $3.12
Updated quote for YCBD: $1.475
Updated quote for YYAI: $0.209
Updated quote for ZNB: $1.86
Starting batch Smart Analysis for 2 users
Successfully retrieved market movers from Alpha Vantage
Found 15 market screening candidates: ['NUAI', 'YYAI', 'BURU', 'DHAIW', 'JFU', 'TLRY', 'SOXS', 'TLNCW', 'BJDX', 'ADAP', 'PLUG', 'EPWK', 'GIPRW', 'NVDA', 'TE+']
Found 15 high-confidence BUY candidates: ['QLGN', 'QLGN', 'SOPA', 'SOPA', 'NXL', 'NXL', 'PSTV', 'PSTV', 'ACXP', 'SCWO', 'SCWO', 'RGTI', 'MSFT', 'DIS', 'DIS']
Found 15 market screening candidates: ['NUAI', 'YYAI', 'BURU', 'DHAIW', 'JFU', 'TLRY', 'SOXS', 'TLNCW', 'BJDX', 'ADAP', 'PLUG', 'EPWK', 'GIPRW', 'NVDA', 'TE+']
Found 15 high-confidence BUY candidates: ['QLGN', 'QLGN', 'SOPA', 'SOPA', 'NXL', 'NXL', 'PSTV', 'PSTV', 'ACXP', 'SCWO', 'SCWO', 'RGTI', 'MSFT', 'DIS', 'DIS']
Found 39 unique stocks to analyze across all users
Batch analyzing 39 unique stocks
Yahoo Finance validation passed for RGTI
Getting recommendations for RGTI
Price target endpoint failed (403), using recommendation data
Finnhub recommendation for RGTI: BUY
Polygon recommendation for RGTI: BUY
FMP API error for RGTI: 402 Client Error: Payment Required for url: https://financialmodelingprep.com/stable/analyst-estimates?symbol=RGTI&apikey=ynOKFYxumAVxrcJAGhzuN4ZBjCtQcbR7
Enhanced Yahoo recommendation for RGTI: SELL
Generated 3 recommendations for RGTI
Yahoo Finance validation passed for BNAI
Getting recommendations for BNAI
Price target endpoint failed (403), using recommendation data
Finnhub recommendation for BNAI: BUY
Polygon recommendation for BNAI: SELL
FMP API error for BNAI: 402 Client Error: Payment Required for url: https://financialmodelingprep.com/stable/analyst-estimates?symbol=BNAI&apikey=ynOKFYxumAVxrcJAGhzuN4ZBjCtQcbR7
Enhanced Yahoo recommendation for BNAI: HOLD
Generated 3 recommendations for BNAI
Yahoo Finance validation passed for PSTV
Getting recommendations for PSTV
Price target endpoint failed (403), using recommendation data
Finnhub recommendation for PSTV: BUY
Error fetching Polygon data for PSTV: 429 Client Error: Too Many Requests for url: https://api.polygon.io/v2/aggs/ticker/PSTV/range/1/day/2024-01-01/2024-12-31?apikey=MSVhtqDKV9HyMOdla5UunU2EFs53MweY&limit=50
FMP API error for PSTV: 402 Client Error: Payment Required for url: https://financialmodelingprep.com/stable/analyst-estimates?symbol=PSTV&apikey=ynOKFYxumAVxrcJAGhzuN4ZBjCtQcbR7
Enhanced Yahoo recommendation for PSTV: BUY
Generated 2 recommendations for PSTV
Yahoo Finance validation passed for COCH
Getting recommendations for COCH
Price target endpoint failed (403), using recommendation data
Finnhub recommendation for COCH: BUY
Error fetching Polygon data for COCH: 429 Client Error: Too Many Requests for url: https://api.polygon.io/v2/aggs/ticker/COCH/prev?apikey=MSVhtqDKV9HyMOdla5UunU2EFs53MweY
FMP API error for COCH: 402 Client Error: Payment Required for url: https://financialmodelingprep.com/stable/analyst-estimates?symbol=COCH&apikey=ynOKFYxumAVxrcJAGhzuN4ZBjCtQcbR7
Enhanced Yahoo recommendation for COCH: HOLD
Generated 2 recommendations for COCH
Yahoo Finance validation passed for AGMH
Getting recommendations for AGMH
Price target endpoint failed (403), using recommendation data
Finnhub recommendation for AGMH: BUY
Error fetching Polygon data for AGMH: 429 Client Error: Too Many Requests for url: https://api.polygon.io/v2/aggs/ticker/AGMH/prev?apikey=MSVhtqDKV9HyMOdla5UunU2EFs53MweY
FMP API error for AGMH: 402 Client Error: Payment Required for url: https://financialmodelingprep.com/stable/analyst-estimates?symbol=AGMH&apikey=ynOKFYxumAVxrcJAGhzuN4ZBjCtQcbR7
Enhanced Yahoo recommendation for AGMH: BUY
Generated 2 recommendations for AGMH
Yahoo Finance validation passed for YCBD
Getting recommendations for YCBD
Price target endpoint failed (403), using recommendation data
Finnhub recommendation for YCBD: BUY
Error fetching Polygon data for YCBD: 429 Client Error: Too Many Requests for url: https://api.polygon.io/v2/aggs/ticker/YCBD/prev?apikey=MSVhtqDKV9HyMOdla5UunU2EFs53MweY
FMP API error for YCBD: 402 Client Error: Payment Required for url: https://financialmodelingprep.com/stable/analyst-estimates?symbol=YCBD&apikey=ynOKFYxumAVxrcJAGhzuN4ZBjCtQcbR7
Enhanced Yahoo recommendation for YCBD: BUY
Generated 2 recommendations for YCBD
Yahoo Finance validation passed for NVDA
Getting recommendations for NVDA
Price target endpoint failed (403), using recommendation data
Finnhub recommendation for NVDA: BUY
Error fetching Polygon data for NVDA: 429 Client Error: Too Many Requests for url: https://api.polygon.io/v2/aggs/ticker/NVDA/prev?apikey=MSVhtqDKV9HyMOdla5UunU2EFs53MweY
FMP API error for NVDA: 400 Client Error: Bad Request for url: https://financialmodelingprep.com/stable/analyst-estimates?symbol=NVDA&apikey=ynOKFYxumAVxrcJAGhzuN4ZBjCtQcbR7
Enhanced Yahoo recommendation for NVDA: BUY
Generated 2 recommendations for NVDA
Yahoo Finance validation passed for BA
Getting recommendations for BA
Price target endpoint failed (403), using recommendation data
Finnhub recommendation for BA: BUY
Error fetching Polygon data for BA: 429 Client Error: Too Many Requests for url: https://api.polygon.io/v2/aggs/ticker/BA/prev?apikey=MSVhtqDKV9HyMOdla5UunU2EFs53MweY
FMP API error for BA: 400 Client Error: Bad Request for url: https://financialmodelingprep.com/stable/analyst-estimates?symbol=BA&apikey=ynOKFYxumAVxrcJAGhzuN4ZBjCtQcbR7
Enhanced Yahoo recommendation for BA: BUY
Generated 2 recommendations for BA
Yahoo Finance validation passed for QLGN
Getting recommendations for QLGN
Price target endpoint failed (403), using recommendation data
Finnhub recommendation for QLGN: BUY
Error fetching Polygon data for QLGN: 429 Client Error: Too Many Requests for url: https://api.polygon.io/v2/aggs/ticker/QLGN/prev?apikey=MSVhtqDKV9HyMOdla5UunU2EFs53MweY
FMP API error for QLGN: 402 Client Error: Payment Required for url: https://financialmodelingprep.com/stable/analyst-estimates?symbol=QLGN&apikey=ynOKFYxumAVxrcJAGhzuN4ZBjCtQcbR7
Enhanced Yahoo recommendation for QLGN: BUY
Generated 2 recommendations for QLGN
Yahoo Finance validation passed for AGRI
Getting recommendations for AGRI
Price target endpoint failed (403), using recommendation data
Finnhub recommendation for AGRI: BUY
Polygon recommendation for AGRI: HOLD
FMP API error for AGRI: 402 Client Error: Payment Required for url: https://financialmodelingprep.com/stable/analyst-estimates?symbol=AGRI&apikey=ynOKFYxumAVxrcJAGhzuN4ZBjCtQcbR7
Enhanced Yahoo recommendation for AGRI: BUY
Generated 3 recommendations for AGRI
Yahoo Finance validation passed for BQ
Getting recommendations for BQ
Price target endpoint failed (403), using recommendation data
Finnhub recommendation for BQ: BUY
Polygon recommendation for BQ: BUY
FMP API error for BQ: 402 Client Error: Payment Required for url: https://financialmodelingprep.com/stable/analyst-estimates?symbol=BQ&apikey=ynOKFYxumAVxrcJAGhzuN4ZBjCtQcbR7
Enhanced Yahoo recommendation for BQ: SELL
Generated 3 recommendations for BQ
Yahoo Finance validation passed for BURU
Getting recommendations for BURU
Price target endpoint failed (403), using recommendation data
Finnhub recommendation for BURU: HOLD
Error fetching Polygon data for BURU: 429 Client Error: Too Many Requests for url: https://api.polygon.io/v2/aggs/ticker/BURU/range/1/day/2024-01-01/2024-12-31?apikey=MSVhtqDKV9HyMOdla5UunU2EFs53MweY&limit=50
FMP API error for BURU: 402 Client Error: Payment Required for url: https://financialmodelingprep.com/stable/analyst-estimates?symbol=BURU&apikey=ynOKFYxumAVxrcJAGhzuN4ZBjCtQcbR7
Enhanced Yahoo recommendation for BURU: BUY
Generated 2 recommendations for BURU
Yahoo Finance validation passed for JFU
Yahoo Finance validation passed for JFU
Updated quote for JFU: $4.2
Successfully created and updated stock: JFU
Getting recommendations for JFU
Price target endpoint failed (403), using recommendation data
Finnhub recommendation for JFU: HOLD
Error fetching Polygon data for JFU: 429 Client Error: Too Many Requests for url: https://api.polygon.io/v2/aggs/ticker/JFU/prev?apikey=MSVhtqDKV9HyMOdla5UunU2EFs53MweY
FMP API error for JFU: 402 Client Error: Payment Required for url: https://financialmodelingprep.com/stable/analyst-estimates?symbol=JFU&apikey=ynOKFYxumAVxrcJAGhzuN4ZBjCtQcbR7
Enhanced Yahoo recommendation for JFU: BUY
Generated 2 recommendations for JFU
Yahoo Finance validation passed for MBX
Getting recommendations for MBX
Price target endpoint failed (403), using recommendation data
Finnhub recommendation for MBX: BUY
Error fetching Polygon data for MBX: 429 Client Error: Too Many Requests for url: https://api.polygon.io/v2/aggs/ticker/MBX/prev?apikey=MSVhtqDKV9HyMOdla5UunU2EFs53MweY
FMP API error for MBX: 402 Client Error: Payment Required for url: https://financialmodelingprep.com/stable/analyst-estimates?symbol=MBX&apikey=ynOKFYxumAVxrcJAGhzuN4ZBjCtQcbR7
Enhanced Yahoo recommendation for MBX: BUY
Generated 2 recommendations for MBX
Yahoo Finance validation passed for SCWO
Getting recommendations for SCWO
Price target endpoint failed (403), using recommendation data
Finnhub recommendation for SCWO: BUY
Error fetching Polygon data for SCWO: 429 Client Error: Too Many Requests for url: https://api.polygon.io/v2/aggs/ticker/SCWO/prev?apikey=MSVhtqDKV9HyMOdla5UunU2EFs53MweY
FMP API error for SCWO: 402 Client Error: Payment Required for url: https://financialmodelingprep.com/stable/analyst-estimates?symbol=SCWO&apikey=ynOKFYxumAVxrcJAGhzuN4ZBjCtQcbR7
Enhanced Yahoo recommendation for SCWO: BUY
Generated 2 recommendations for SCWO
Yahoo Finance validation passed for ASNS
Getting recommendations for ASNS
Price target endpoint failed (403), using recommendation data
Finnhub recommendation for ASNS: BUY
Error fetching Polygon data for ASNS: 429 Client Error: Too Many Requests for url: https://api.polygon.io/v2/aggs/ticker/ASNS/prev?apikey=MSVhtqDKV9HyMOdla5UunU2EFs53MweY
FMP API error for ASNS: 402 Client Error: Payment Required for url: https://financialmodelingprep.com/stable/analyst-estimates?symbol=ASNS&apikey=ynOKFYxumAVxrcJAGhzuN4ZBjCtQcbR7
Enhanced Yahoo recommendation for ASNS: HOLD
Generated 2 recommendations for ASNS
Failed to get quote for TE+: No price data available for TE+
Yahoo Finance validation failed for TE+: Failed to fetch quote for TE+: No price data available for TE+
Skipping TE+ - not recognized by Yahoo Finance
Yahoo Finance validation passed for NXL
Getting recommendations for NXL
Price target endpoint failed (403), using recommendation data
Finnhub recommendation for NXL: BUY
Error fetching Polygon data for NXL: 429 Client Error: Too Many Requests for url: https://api.polygon.io/v2/aggs/ticker/NXL/prev?apikey=MSVhtqDKV9HyMOdla5UunU2EFs53MweY
FMP API error for NXL: 402 Client Error: Payment Required for url: https://financialmodelingprep.com/stable/analyst-estimates?symbol=NXL&apikey=ynOKFYxumAVxrcJAGhzuN4ZBjCtQcbR7
Enhanced Yahoo recommendation for NXL: BUY
Generated 2 recommendations for NXL
Yahoo Finance validation passed for PALI
Getting recommendations for PALI
Price target endpoint failed (403), using recommendation data
Finnhub recommendation for PALI: BUY
Polygon recommendation for PALI: SELL
FMP API error for PALI: 402 Client Error: Payment Required for url: https://financialmodelingprep.com/stable/analyst-estimates?symbol=PALI&apikey=ynOKFYxumAVxrcJAGhzuN4ZBjCtQcbR7
Enhanced Yahoo recommendation for PALI: BUY
Generated 3 recommendations for PALI
Yahoo Finance validation passed for NUAI
Getting recommendations for NUAI
Price target endpoint failed (403), using recommendation data
Finnhub recommendation for NUAI: HOLD
Polygon recommendation for NUAI: HOLD
FMP API error for NUAI: 402 Client Error: Payment Required for url: https://financialmodelingprep.com/stable/analyst-estimates?symbol=NUAI&apikey=ynOKFYxumAVxrcJAGhzuN4ZBjCtQcbR7
Enhanced Yahoo recommendation for NUAI: BUY
Generated 3 recommendations for NUAI
Yahoo Finance validation passed for NVO
Getting recommendations for NVO
Price target endpoint failed (403), using recommendation data
Finnhub recommendation for NVO: BUY
Error fetching Polygon data for NVO: 429 Client Error: Too Many Requests for url: https://api.polygon.io/v2/aggs/ticker/NVO/range/1/day/2024-01-01/2024-12-31?apikey=MSVhtqDKV9HyMOdla5UunU2EFs53MweY&limit=50
FMP API error for NVO: 402 Client Error: Payment Required for url: https://financialmodelingprep.com/stable/analyst-estimates?symbol=NVO&apikey=ynOKFYxumAVxrcJAGhzuN4ZBjCtQcbR7
Enhanced Yahoo recommendation for NVO: BUY
Generated 2 recommendations for NVO
Yahoo Finance validation passed for YYAI
Getting recommendations for YYAI
Price target endpoint failed (403), using recommendation data
Finnhub recommendation for YYAI: HOLD
Error fetching Polygon data for YYAI: 429 Client Error: Too Many Requests for url: https://api.polygon.io/v2/aggs/ticker/YYAI/prev?apikey=MSVhtqDKV9HyMOdla5UunU2EFs53MweY
FMP API error for YYAI: 402 Client Error: Payment Required for url: https://financialmodelingprep.com/stable/analyst-estimates?symbol=YYAI&apikey=ynOKFYxumAVxrcJAGhzuN4ZBjCtQcbR7
Enhanced Yahoo recommendation for YYAI: HOLD
Generated 2 recommendations for YYAI
Yahoo Finance validation passed for DHAIW
Yahoo Finance validation passed for DHAIW
Updated quote for DHAIW: $0.0161
Successfully created and updated stock: DHAIW
Getting recommendations for DHAIW
Price target endpoint failed (403), using recommendation data
Finnhub recommendation for DHAIW: HOLD
Error fetching Polygon data for DHAIW: 429 Client Error: Too Many Requests for url: https://api.polygon.io/v2/aggs/ticker/DHAIW/prev?apikey=MSVhtqDKV9HyMOdla5UunU2EFs53MweY
FMP API error for DHAIW: 402 Client Error: Payment Required for url: https://financialmodelingprep.com/stable/analyst-estimates?symbol=DHAIW&apikey=ynOKFYxumAVxrcJAGhzuN4ZBjCtQcbR7
Enhanced Yahoo recommendation for DHAIW: SELL
Generated 2 recommendations for DHAIW
Yahoo Finance validation passed for TLRY
Getting recommendations for TLRY
Price target endpoint failed (403), using recommendation data
Finnhub recommendation for TLRY: HOLD
Error fetching Polygon data for TLRY: 429 Client Error: Too Many Requests for url: https://api.polygon.io/v2/aggs/ticker/TLRY/prev?apikey=MSVhtqDKV9HyMOdla5UunU2EFs53MweY
FMP API error for TLRY: 400 Client Error: Bad Request for url: https://financialmodelingprep.com/stable/analyst-estimates?symbol=TLRY&apikey=ynOKFYxumAVxrcJAGhzuN4ZBjCtQcbR7
Enhanced Yahoo recommendation for TLRY: HOLD
Generated 2 recommendations for TLRY
Yahoo Finance validation passed for SOXS
Getting recommendations for SOXS
Price target endpoint failed (403), using recommendation data
Finnhub recommendation for SOXS: HOLD
Error fetching Polygon data for SOXS: 429 Client Error: Too Many Requests for url: https://api.polygon.io/v2/aggs/ticker/SOXS/prev?apikey=MSVhtqDKV9HyMOdla5UunU2EFs53MweY
FMP API error for SOXS: 402 Client Error: Payment Required for url: https://financialmodelingprep.com/stable/analyst-estimates?symbol=SOXS&apikey=ynOKFYxumAVxrcJAGhzuN4ZBjCtQcbR7
Enhanced Yahoo recommendation for SOXS: HOLD
Generated 2 recommendations for SOXS
Yahoo Finance validation passed for TLNCW
Yahoo Finance validation passed for TLNCW
Updated quote for TLNCW: $0.5999
Successfully created and updated stock: TLNCW
Getting recommendations for TLNCW
Price target endpoint failed (403), using recommendation data
Finnhub recommendation for TLNCW: HOLD
Error fetching Polygon data for TLNCW: 429 Client Error: Too Many Requests for url: https://api.polygon.io/v2/aggs/ticker/TLNCW/prev?apikey=MSVhtqDKV9HyMOdla5UunU2EFs53MweY
FMP API error for TLNCW: 402 Client Error: Payment Required for url: https://financialmodelingprep.com/stable/analyst-estimates?symbol=TLNCW&apikey=ynOKFYxumAVxrcJAGhzuN4ZBjCtQcbR7
Enhanced Yahoo recommendation for TLNCW: HOLD
Generated 2 recommendations for TLNCW
Yahoo Finance validation passed for BJDX
Yahoo Finance validation passed for BJDX
Updated quote for BJDX: $3.28
Successfully created and updated stock: BJDX
Getting recommendations for BJDX
Price target endpoint failed (403), using recommendation data
Finnhub recommendation for BJDX: SELL
Error fetching Polygon data for BJDX: 429 Client Error: Too Many Requests for url: https://api.polygon.io/v2/aggs/ticker/BJDX/prev?apikey=MSVhtqDKV9HyMOdla5UunU2EFs53MweY
FMP API error for BJDX: 402 Client Error: Payment Required for url: https://financialmodelingprep.com/stable/analyst-estimates?symbol=BJDX&apikey=ynOKFYxumAVxrcJAGhzuN4ZBjCtQcbR7
Enhanced Yahoo recommendation for BJDX: BUY
Generated 2 recommendations for BJDX
Yahoo Finance validation passed for ACXP
Getting recommendations for ACXP
Price target endpoint failed (403), using recommendation data
Finnhub recommendation for ACXP: BUY
Polygon recommendation for ACXP: SELL
FMP API error for ACXP: 402 Client Error: Payment Required for url: https://financialmodelingprep.com/stable/analyst-estimates?symbol=ACXP&apikey=ynOKFYxumAVxrcJAGhzuN4ZBjCtQcbR7
Enhanced Yahoo recommendation for ACXP: HOLD
Generated 3 recommendations for ACXP
Yahoo Finance validation passed for PLUG
Getting recommendations for PLUG
Price target endpoint failed (403), using recommendation data
Finnhub recommendation for PLUG: HOLD
Polygon recommendation for PLUG: BUY
FMP API error for PLUG: 402 Client Error: Payment Required for url: https://financialmodelingprep.com/stable/analyst-estimates?symbol=PLUG&apikey=ynOKFYxumAVxrcJAGhzuN4ZBjCtQcbR7
Enhanced Yahoo recommendation for PLUG: HOLD
Generated 3 recommendations for PLUG
Yahoo Finance validation passed for EPWK
Yahoo Finance validation passed for EPWK
Updated quote for EPWK: $0.1148
Successfully created and updated stock: EPWK
Getting recommendations for EPWK
Price target endpoint failed (403), using recommendation data
Finnhub recommendation for EPWK: HOLD
Error fetching Polygon data for EPWK: 429 Client Error: Too Many Requests for url: https://api.polygon.io/v2/aggs/ticker/EPWK/range/1/day/2024-01-01/2024-12-31?apikey=MSVhtqDKV9HyMOdla5UunU2EFs53MweY&limit=50
FMP API error for EPWK: 402 Client Error: Payment Required for url: https://financialmodelingprep.com/stable/analyst-estimates?symbol=EPWK&apikey=ynOKFYxumAVxrcJAGhzuN4ZBjCtQcbR7
Enhanced Yahoo recommendation for EPWK: SELL
Generated 2 recommendations for EPWK
Yahoo Finance validation passed for DIS
Getting recommendations for DIS
Price target endpoint failed (403), using recommendation data
Finnhub recommendation for DIS: BUY
Error fetching Polygon data for DIS: 429 Client Error: Too Many Requests for url: https://api.polygon.io/v2/aggs/ticker/DIS/prev?apikey=MSVhtqDKV9HyMOdla5UunU2EFs53MweY
FMP API error for DIS: 400 Client Error: Bad Request for url: https://financialmodelingprep.com/stable/analyst-estimates?symbol=DIS&apikey=ynOKFYxumAVxrcJAGhzuN4ZBjCtQcbR7
Enhanced Yahoo recommendation for DIS: BUY
Generated 2 recommendations for DIS
Yahoo Finance validation passed for SOPA
Getting recommendations for SOPA
Price target endpoint failed (403), using recommendation data
Finnhub recommendation for SOPA: BUY
Error fetching Polygon data for SOPA: 429 Client Error: Too Many Requests for url: https://api.polygon.io/v2/aggs/ticker/SOPA/prev?apikey=MSVhtqDKV9HyMOdla5UunU2EFs53MweY
FMP API error for SOPA: 402 Client Error: Payment Required for url: https://financialmodelingprep.com/stable/analyst-estimates?symbol=SOPA&apikey=ynOKFYxumAVxrcJAGhzuN4ZBjCtQcbR7
Enhanced Yahoo recommendation for SOPA: BUY
Generated 2 recommendations for SOPA
Yahoo Finance validation passed for APLT
Getting recommendations for APLT
Price target endpoint failed (403), using recommendation data
Finnhub recommendation for APLT: BUY
Error fetching Polygon data for APLT: 429 Client Error: Too Many Requests for url: https://api.polygon.io/v2/aggs/ticker/APLT/prev?apikey=MSVhtqDKV9HyMOdla5UunU2EFs53MweY
FMP API error for APLT: 402 Client Error: Payment Required for url: https://financialmodelingprep.com/stable/analyst-estimates?symbol=APLT&apikey=ynOKFYxumAVxrcJAGhzuN4ZBjCtQcbR7
Enhanced Yahoo recommendation for APLT: BUY
Generated 2 recommendations for APLT
Yahoo Finance validation passed for CHR
Getting recommendations for CHR
Price target endpoint failed (403), using recommendation data
Finnhub recommendation for CHR: STRONG_BUY
Error fetching Polygon data for CHR: 429 Client Error: Too Many Requests for url: https://api.polygon.io/v2/aggs/ticker/CHR/prev?apikey=MSVhtqDKV9HyMOdla5UunU2EFs53MweY
FMP API error for CHR: 402 Client Error: Payment Required for url: https://financialmodelingprep.com/stable/analyst-estimates?symbol=CHR&apikey=ynOKFYxumAVxrcJAGhzuN4ZBjCtQcbR7
Enhanced Yahoo recommendation for CHR: HOLD
Generated 2 recommendations for CHR
Yahoo Finance validation passed for GPUS
Getting recommendations for GPUS
Price target endpoint failed (403), using recommendation data
Finnhub recommendation for GPUS: BUY
Error fetching Polygon data for GPUS: 429 Client Error: Too Many Requests for url: https://api.polygon.io/v2/aggs/ticker/GPUS/prev?apikey=MSVhtqDKV9HyMOdla5UunU2EFs53MweY
FMP API error for GPUS: 402 Client Error: Payment Required for url: https://financialmodelingprep.com/stable/analyst-estimates?symbol=GPUS&apikey=ynOKFYxumAVxrcJAGhzuN4ZBjCtQcbR7
Enhanced Yahoo recommendation for GPUS: HOLD
Generated 2 recommendations for GPUS
Yahoo Finance validation passed for GOOGL
Getting recommendations for GOOGL
Price target endpoint failed (403), using recommendation data
Finnhub recommendation for GOOGL: BUY
Polygon recommendation for GOOGL: BUY
FMP API error for GOOGL: 400 Client Error: Bad Request for url: https://financialmodelingprep.com/stable/analyst-estimates?symbol=GOOGL&apikey=ynOKFYxumAVxrcJAGhzuN4ZBjCtQcbR7
Enhanced Yahoo recommendation for GOOGL: BUY
Generated 3 recommendations for GOOGL
Yahoo Finance validation passed for GIPRW
Getting recommendations for GIPRW
Price target endpoint failed (403), using recommendation data
Finnhub recommendation for GIPRW: HOLD
Polygon recommendation for GIPRW: SELL
FMP API error for GIPRW: 402 Client Error: Payment Required for url: https://financialmodelingprep.com/stable/analyst-estimates?symbol=GIPRW&apikey=ynOKFYxumAVxrcJAGhzuN4ZBjCtQcbR7
Enhanced Yahoo recommendation for GIPRW: SELL
Generated 3 recommendations for GIPRW
Yahoo Finance validation passed for ADAP
Getting recommendations for ADAP
Price target endpoint failed (403), using recommendation data
Finnhub recommendation for ADAP: SELL
Error fetching Polygon data for ADAP: 429 Client Error: Too Many Requests for url: https://api.polygon.io/v2/aggs/ticker/ADAP/range/1/day/2024-01-01/2024-12-31?apikey=MSVhtqDKV9HyMOdla5UunU2EFs53MweY&limit=50
FMP API error for ADAP: 402 Client Error: Payment Required for url: https://financialmodelingprep.com/stable/analyst-estimates?symbol=ADAP&apikey=ynOKFYxumAVxrcJAGhzuN4ZBjCtQcbR7
Enhanced Yahoo recommendation for ADAP: HOLD
Generated 2 recommendations for ADAP
Yahoo Finance validation passed for MSFT
Getting recommendations for MSFT
Price target endpoint failed (403), using recommendation data
Finnhub recommendation for MSFT: BUY
Error fetching Polygon data for MSFT: 429 Client Error: Too Many Requests for url: https://api.polygon.io/v2/aggs/ticker/MSFT/prev?apikey=MSVhtqDKV9HyMOdla5UunU2EFs53MweY
FMP API error for MSFT: 400 Client Error: Bad Request for url: https://financialmodelingprep.com/stable/analyst-estimates?symbol=MSFT&apikey=ynOKFYxumAVxrcJAGhzuN4ZBjCtQcbR7
Enhanced Yahoo recommendation for MSFT: STRONG_BUY
Generated 2 recommendations for MSFT
Analyzing user user4 with existing recommendations
Found 15 market screening candidates: ['NUAI', 'YYAI', 'BURU', 'DHAIW', 'JFU', 'TLRY', 'SOXS', 'TLNCW', 'BJDX', 'ADAP', 'PLUG', 'EPWK', 'GIPRW', 'NVDA', 'TE+']
Found 15 high-confidence BUY candidates: ['MSFT', 'GOOGL', 'GOOGL', 'GOOGL', 'GPUS', 'APLT', 'APLT', 'SOPA', 'SOPA', 'DIS', 'DIS', 'ACXP', 'BJDX', 'NVO', 'NVO']
Fetching real-time prices for 36 stocks
Updated RGTI price in database: $47.11
Updated BNAI price in database: $0.5276
Updated PSTV price in database: $0.7226
Updated COCH price in database: $0.9491
Updated AGMH price in database: $6.67
Updated YCBD price in database: $1.45
Updated NVDA price in database: $192.57
Updated BA price in database: $216.0
Updated QLGN price in database: $4.4
Updated AGRI price in database: $3.66
Updated BURU price in database: $0.4619
Updated BQ price in database: $12.51
Updated JFU price in database: $4.2
Updated MBX price in database: $15.86
Updated ASNS price in database: $0.5996
Updated PALI price in database: $2.1
Updated NUAI price in database: $2.83
Updated YYAI price in database: $0.209
Updated NVO price in database: $58.68
Updated DHAIW price in database: $0.0161
Updated TLRY price in database: $2.1
Updated SOXS price in database: $4.14
Updated TLNCW price in database: $0.5999
Updated BJDX price in database: $3.28
Updated ACXP price in database: $7.44
Updated PLUG price in database: $3.78
Updated EPWK price in database: $0.1148
Updated DIS price in database: $110.99
Updated SOPA price in database: $3.4
Updated APLT price in database: $1.05
Updated CHR price in database: $0.171
Updated GPUS price in database: $0.53
Updated GOOGL price in database: $241.53
Updated GIPRW price in database: $0.1152
Updated ADAP price in database: $0.2201
Updated MSFT price in database: $522.4
Successfully fetched and updated 36 real-time prices
Raw confidence - BUY: 2.10, SELL: 0.00, SellWeight: 1.00
Adjusted confidence - BUY: 2.10, SELL: 0.00 → BUY @ 2.10
Penny stocks allowed for user4 - including MSFT (price: $522.40, market cap: $3830758244000)
Raw confidence - BUY: 0.00, SELL: 0.60, SellWeight: 1.00
Adjusted confidence - BUY: 0.00, SELL: 0.60 → SELL @ 0.60
Filtering out ADAP: confidence 0.60 below minimum 1.80
Raw confidence - BUY: 0.00, SELL: 1.25, SellWeight: 1.00
Adjusted confidence - BUY: 0.00, SELL: 1.25 → SELL @ 1.25
Filtering out GIPRW: confidence 1.25 below minimum 1.80
Raw confidence - BUY: 2.25, SELL: 0.00, SellWeight: 1.00
Adjusted confidence - BUY: 2.25, SELL: 0.00 → BUY @ 2.25
Penny stocks allowed for user4 - including GOOGL (price: $241.53, market cap: $2915379970000)
Raw confidence - BUY: 0.75, SELL: 0.00, SellWeight: 1.00
Adjusted confidence - BUY: 0.75, SELL: 0.00 → BUY @ 0.75
Filtering out GPUS: confidence 0.75 below minimum 1.80
Raw confidence - BUY: 1.35, SELL: 0.00, SellWeight: 1.00
Adjusted confidence - BUY: 1.35, SELL: 0.00 → BUY @ 1.35
Filtering out CHR: confidence 1.35 below minimum 1.80
Raw confidence - BUY: 1.50, SELL: 0.00, SellWeight: 1.00
Adjusted confidence - BUY: 1.50, SELL: 0.00 → BUY @ 1.50
Filtering out APLT: confidence 1.50 below minimum 1.80
Raw confidence - BUY: 1.50, SELL: 0.00, SellWeight: 1.00
Adjusted confidence - BUY: 1.50, SELL: 0.00 → BUY @ 1.50
Filtering out SOPA: confidence 1.50 below minimum 1.80
Raw confidence - BUY: 1.50, SELL: 0.00, SellWeight: 1.00
Adjusted confidence - BUY: 1.50, SELL: 0.00 → BUY @ 1.50
Filtering out DIS: confidence 1.50 below minimum 1.80
Raw confidence - BUY: 0.00, SELL: 0.65, SellWeight: 1.00
Adjusted confidence - BUY: 0.00, SELL: 0.65 → SELL @ 0.65
Filtering out EPWK: confidence 0.65 below minimum 1.80
Raw confidence - BUY: 0.65, SELL: 0.00, SellWeight: 1.00
Adjusted confidence - BUY: 0.65, SELL: 0.00 → BUY @ 0.65
Filtering out PLUG: confidence 0.65 below minimum 1.80
Raw confidence - BUY: 0.75, SELL: 0.60, SellWeight: 1.00
Adjusted confidence - BUY: 0.15, SELL: 0.00 → BUY @ 0.15
Filtering out ACXP: confidence 0.15 below minimum 1.80
Raw confidence - BUY: 0.75, SELL: 0.60, SellWeight: 1.00
Adjusted confidence - BUY: 0.15, SELL: 0.00 → BUY @ 0.15
Filtering out BJDX: confidence 0.15 below minimum 1.80
Raw confidence - BUY: 0.00, SELL: 0.00, SellWeight: 1.00
Adjusted confidence - BUY: 0.00, SELL: 0.00 → HOLD @ 0.00
Filtering out TLNCW: confidence 0.00 below minimum 1.80
Raw confidence - BUY: 0.00, SELL: 0.00, SellWeight: 1.00
Adjusted confidence - BUY: 0.00, SELL: 0.00 → HOLD @ 0.00
Filtering out SOXS: confidence 0.00 below minimum 1.80
Raw confidence - BUY: 0.00, SELL: 0.00, SellWeight: 1.00
Adjusted confidence - BUY: 0.00, SELL: 0.00 → HOLD @ 0.00
Filtering out TLRY: confidence 0.00 below minimum 1.80
Raw confidence - BUY: 0.00, SELL: 0.65, SellWeight: 1.00
Adjusted confidence - BUY: 0.00, SELL: 0.65 → SELL @ 0.65
Filtering out DHAIW: confidence 0.65 below minimum 1.80
Raw confidence - BUY: 0.00, SELL: 0.00, SellWeight: 1.00
Adjusted confidence - BUY: 0.00, SELL: 0.00 → HOLD @ 0.00
Filtering out YYAI: confidence 0.00 below minimum 1.80
Raw confidence - BUY: 1.50, SELL: 0.00, SellWeight: 1.00
Adjusted confidence - BUY: 1.50, SELL: 0.00 → BUY @ 1.50
Filtering out NVO: confidence 1.50 below minimum 1.80
Raw confidence - BUY: 0.75, SELL: 0.00, SellWeight: 1.00
Adjusted confidence - BUY: 0.75, SELL: 0.00 → BUY @ 0.75
Filtering out NUAI: confidence 0.75 below minimum 1.80
Raw confidence - BUY: 1.50, SELL: 0.60, SellWeight: 1.00
Adjusted confidence - BUY: 0.90, SELL: 0.00 → BUY @ 0.90
Filtering out PALI: confidence 0.90 below minimum 1.80
Raw confidence - BUY: 0.75, SELL: 0.00, SellWeight: 1.00
Adjusted confidence - BUY: 0.75, SELL: 0.00 → BUY @ 0.75
Filtering out ASNS: confidence 0.75 below minimum 1.80
Raw confidence - BUY: 1.50, SELL: 0.00, SellWeight: 1.00
Adjusted confidence - BUY: 1.50, SELL: 0.00 → BUY @ 1.50
Filtering out MBX: confidence 1.50 below minimum 1.80
Raw confidence - BUY: 0.75, SELL: 0.00, SellWeight: 1.00
Adjusted confidence - BUY: 0.75, SELL: 0.00 → BUY @ 0.75
Filtering out JFU: confidence 0.75 below minimum 1.80
Raw confidence - BUY: 0.75, SELL: 0.00, SellWeight: 1.00
Adjusted confidence - BUY: 0.75, SELL: 0.00 → BUY @ 0.75
Filtering out BURU: confidence 0.75 below minimum 1.80
Raw confidence - BUY: 1.40, SELL: 0.65, SellWeight: 1.00
Adjusted confidence - BUY: 0.75, SELL: 0.00 → BUY @ 0.75
Filtering out BQ: confidence 0.75 below minimum 1.80
Raw confidence - BUY: 1.50, SELL: 0.00, SellWeight: 1.00
Adjusted confidence - BUY: 1.50, SELL: 0.00 → BUY @ 1.50
Filtering out AGRI: confidence 1.50 below minimum 1.80
Raw confidence - BUY: 1.50, SELL: 0.00, SellWeight: 1.00
Adjusted confidence - BUY: 1.50, SELL: 0.00 → BUY @ 1.50
Filtering out QLGN: confidence 1.50 below minimum 1.80
Raw confidence - BUY: 1.50, SELL: 0.00, SellWeight: 1.00
Adjusted confidence - BUY: 1.50, SELL: 0.00 → BUY @ 1.50
Filtering out BA: confidence 1.50 below minimum 1.80
Raw confidence - BUY: 1.50, SELL: 0.00, SellWeight: 1.00
Adjusted confidence - BUY: 1.50, SELL: 0.00 → BUY @ 1.50
Filtering out NVDA: confidence 1.50 below minimum 1.80
Raw confidence - BUY: 1.50, SELL: 0.00, SellWeight: 1.00
Adjusted confidence - BUY: 1.50, SELL: 0.00 → BUY @ 1.50
Filtering out YCBD: confidence 1.50 below minimum 1.80
Raw confidence - BUY: 1.50, SELL: 0.00, SellWeight: 1.00
Adjusted confidence - BUY: 1.50, SELL: 0.00 → BUY @ 1.50
Filtering out AGMH: confidence 1.50 below minimum 1.80
Raw confidence - BUY: 0.75, SELL: 0.00, SellWeight: 1.00
Adjusted confidence - BUY: 0.75, SELL: 0.00 → BUY @ 0.75
Filtering out COCH: confidence 0.75 below minimum 1.80
Raw confidence - BUY: 1.50, SELL: 0.00, SellWeight: 1.00
Adjusted confidence - BUY: 1.50, SELL: 0.00 → BUY @ 1.50
Filtering out PSTV: confidence 1.50 below minimum 1.80
Raw confidence - BUY: 0.75, SELL: 0.60, SellWeight: 1.00
Adjusted confidence - BUY: 0.15, SELL: 0.00 → BUY @ 0.15
Filtering out BNAI: confidence 0.15 below minimum 1.80
Raw confidence - BUY: 1.40, SELL: 0.65, SellWeight: 1.00
Adjusted confidence - BUY: 0.75, SELL: 0.00 → BUY @ 0.75
Filtering out RGTI: confidence 0.75 below minimum 1.80
Consolidated 2 recommendations with SellWeight=1.00
No sell candidates found
Profit-taking is disabled
Smart Analysis completed for user: user4. Generated 2 recommendations
Analyzing user user5 with existing recommendations
Found 15 market screening candidates: ['NUAI', 'YYAI', 'BURU', 'DHAIW', 'JFU', 'TLRY', 'SOXS', 'TLNCW', 'BJDX', 'ADAP', 'PLUG', 'EPWK', 'GIPRW', 'NVDA', 'TE+']
Found 15 high-confidence BUY candidates: ['MSFT', 'GOOGL', 'GOOGL', 'GOOGL', 'GPUS', 'APLT', 'APLT', 'SOPA', 'SOPA', 'DIS', 'DIS', 'ACXP', 'BJDX', 'NVO', 'NVO']
Fetching real-time prices for 22 stocks
Updated NVDA price in database: $192.57
Updated BURU price in database: $0.4619
Updated JFU price in database: $4.2
Updated NUAI price in database: $2.83
Updated YYAI price in database: $0.209
Updated NVO price in database: $58.68
Updated DHAIW price in database: $0.0161
Updated TLRY price in database: $2.1
Updated SOXS price in database: $4.14
Updated TLNCW price in database: $0.5999
Updated BJDX price in database: $3.28
Updated ACXP price in database: $7.44
Updated PLUG price in database: $3.78
Updated EPWK price in database: $0.1148
Updated DIS price in database: $110.99
Updated SOPA price in database: $3.4
Updated APLT price in database: $1.05
Updated GPUS price in database: $0.53
Updated GOOGL price in database: $241.53
Updated GIPRW price in database: $0.1152
Updated ADAP price in database: $0.2201
Updated MSFT price in database: $522.4
Successfully fetched and updated 22 real-time prices
Raw confidence - BUY: 2.10, SELL: 0.00, SellWeight: 3.00
Adjusted confidence - BUY: 2.10, SELL: 0.00 → BUY @ 2.10
Raw confidence - BUY: 0.00, SELL: 0.60, SellWeight: 3.00
Adjusted confidence - BUY: 0.00, SELL: 1.80 → SELL @ 1.80
Filtering out penny stock: ADAP (price: $0.22, min: $5.00)
Raw confidence - BUY: 0.00, SELL: 1.25, SellWeight: 3.00
Adjusted confidence - BUY: 0.00, SELL: 3.75 → SELL @ 3.75
Filtering out penny stock: GIPRW (price: $0.12, min: $5.00)
Raw confidence - BUY: 2.25, SELL: 0.00, SellWeight: 3.00
Adjusted confidence - BUY: 2.25, SELL: 0.00 → BUY @ 2.25
Raw confidence - BUY: 0.75, SELL: 0.00, SellWeight: 3.00
Adjusted confidence - BUY: 0.75, SELL: 0.00 → BUY @ 0.75
Filtering out GPUS: confidence 0.75 below minimum 0.80
Raw confidence - BUY: 1.50, SELL: 0.00, SellWeight: 3.00
Adjusted confidence - BUY: 1.50, SELL: 0.00 → BUY @ 1.50
Filtering out penny stock: APLT (price: $1.05, min: $5.00)
Raw confidence - BUY: 1.50, SELL: 0.00, SellWeight: 3.00
Adjusted confidence - BUY: 1.50, SELL: 0.00 → BUY @ 1.50
Filtering out penny stock: SOPA (price: $3.40, min: $5.00)
Raw confidence - BUY: 1.50, SELL: 0.00, SellWeight: 3.00
Adjusted confidence - BUY: 1.50, SELL: 0.00 → BUY @ 1.50
Raw confidence - BUY: 0.00, SELL: 0.65, SellWeight: 3.00
Adjusted confidence - BUY: 0.00, SELL: 1.95 → SELL @ 1.95
Filtering out penny stock: EPWK (price: $0.11, min: $5.00)
Raw confidence - BUY: 0.65, SELL: 0.00, SellWeight: 3.00
Adjusted confidence - BUY: 0.65, SELL: 0.00 → BUY @ 0.65
Filtering out PLUG: confidence 0.65 below minimum 0.80
Raw confidence - BUY: 0.75, SELL: 0.60, SellWeight: 3.00
Adjusted confidence - BUY: 0.00, SELL: 1.05 → SELL @ 1.05
Filtering out micro-cap stock: ACXP (market cap: $12,678,200, min: $1,000,000,000)
Raw confidence - BUY: 0.75, SELL: 0.60, SellWeight: 3.00
Adjusted confidence - BUY: 0.00, SELL: 1.05 → SELL @ 1.05
Filtering out penny stock: BJDX (price: $3.28, min: $5.00)
Raw confidence - BUY: 0.00, SELL: 0.00, SellWeight: 3.00
Adjusted confidence - BUY: 0.00, SELL: 0.00 → HOLD @ 0.00
Filtering out TLNCW: confidence 0.00 below minimum 0.80
Raw confidence - BUY: 0.00, SELL: 0.00, SellWeight: 3.00
Adjusted confidence - BUY: 0.00, SELL: 0.00 → HOLD @ 0.00
Filtering out SOXS: confidence 0.00 below minimum 0.80
Raw confidence - BUY: 0.00, SELL: 0.00, SellWeight: 3.00
Adjusted confidence - BUY: 0.00, SELL: 0.00 → HOLD @ 0.00
Filtering out TLRY: confidence 0.00 below minimum 0.80
Raw confidence - BUY: 0.00, SELL: 0.65, SellWeight: 3.00
Adjusted confidence - BUY: 0.00, SELL: 1.95 → SELL @ 1.95
Filtering out penny stock: DHAIW (price: $0.02, min: $5.00)
Raw confidence - BUY: 0.00, SELL: 0.00, SellWeight: 3.00
Adjusted confidence - BUY: 0.00, SELL: 0.00 → HOLD @ 0.00
Filtering out YYAI: confidence 0.00 below minimum 0.80
Raw confidence - BUY: 1.50, SELL: 0.00, SellWeight: 3.00
Adjusted confidence - BUY: 1.50, SELL: 0.00 → BUY @ 1.50
Raw confidence - BUY: 0.75, SELL: 0.00, SellWeight: 3.00
Adjusted confidence - BUY: 0.75, SELL: 0.00 → BUY @ 0.75
Filtering out NUAI: confidence 0.75 below minimum 0.80
Raw confidence - BUY: 0.75, SELL: 0.00, SellWeight: 3.00
Adjusted confidence - BUY: 0.75, SELL: 0.00 → BUY @ 0.75
Filtering out JFU: confidence 0.75 below minimum 0.80
Raw confidence - BUY: 0.75, SELL: 0.00, SellWeight: 3.00
Adjusted confidence - BUY: 0.75, SELL: 0.00 → BUY @ 0.75
Filtering out BURU: confidence 0.75 below minimum 0.80
Raw confidence - BUY: 1.50, SELL: 0.00, SellWeight: 3.00
Adjusted confidence - BUY: 1.50, SELL: 0.00 → BUY @ 1.50
Consolidated 5 recommendations with SellWeight=3.00
No sell candidates found
Checking profit-taking opportunities (threshold: 10.00%, volatility: 20.00%)
Profit-taking analysis completed: 0 opportunities found
Smart Analysis completed for user: user5. Generated 5 recommendations
Batch analysis completed for 2 users
Starting batch Smart Analysis for 1 users
Successfully retrieved market movers from Alpha Vantage
Found 15 market screening candidates: ['NUAI', 'SOXS', 'SUGP', 'ATCH', 'BURU', 'GIPRW', 'DHAIW', 'BJDX', 'NXPLW', 'TLRY', 'TE+', 'ADAP', 'NVDA', 'JFU', 'YYAI']
Found 15 high-confidence BUY candidates: ['MSFT', 'GOOGL', 'GOOGL', 'GOOGL', 'GPUS', 'APLT', 'APLT', 'SOPA', 'SOPA', 'DIS', 'DIS', 'ACXP', 'BJDX', 'NVO', 'NVO']
Found 23 unique stocks to analyze across all users
Batch analyzing 23 unique stocks
Skipping SOXS - recent recommendations exist
Skipping DHAIW - recent recommendations exist
Skipping BJDX - recent recommendations exist
Skipping TLRY - recent recommendations exist
Skipping DIS - recent recommendations exist
Skipping JFU - recent recommendations exist
Skipping NUAI - recent recommendations exist
Yahoo Finance validation passed for SUGP
Yahoo Finance validation passed for SUGP
Updated quote for SUGP: $10.49
Successfully created and updated stock: SUGP
Getting recommendations for SUGP
Price target endpoint failed (403), using recommendation data
Finnhub recommendation for SUGP: BUY
Polygon recommendation for SUGP: SELL
FMP API error for SUGP: 402 Client Error: Payment Required for url: https://financialmodelingprep.com/stable/analyst-estimates?symbol=SUGP&apikey=ynOKFYxumAVxrcJAGhzuN4ZBjCtQcbR7
Enhanced Yahoo recommendation for SUGP: BUY
Generated 3 recommendations for SUGP
Skipping BURU - recent recommendations exist
Skipping GOOGL - recent recommendations exist
Skipping APLT - recent recommendations exist
Skipping NVO - recent recommendations exist
Skipping ACXP - recent recommendations exist
Yahoo Finance validation passed for ATCH
Getting recommendations for ATCH
Price target endpoint failed (403), using recommendation data
Finnhub recommendation for ATCH: HOLD
Polygon recommendation for ATCH: SELL
FMP API error for ATCH: 402 Client Error: Payment Required for url: https://financialmodelingprep.com/stable/analyst-estimates?symbol=ATCH&apikey=ynOKFYxumAVxrcJAGhzuN4ZBjCtQcbR7
Enhanced Yahoo recommendation for ATCH: HOLD
Generated 3 recommendations for ATCH
Skipping SOPA - recent recommendations exist
Skipping NVDA - recent recommendations exist
Failed to get quote for TE+: No price data available for TE+
Yahoo Finance validation failed for TE+: Failed to fetch quote for TE+: No price data available for TE+
Skipping TE+ - not recognized by Yahoo Finance
Skipping YYAI - recent recommendations exist
Skipping GPUS - recent recommendations exist
Skipping GIPRW - recent recommendations exist
Skipping MSFT - recent recommendations exist
Yahoo Finance validation passed for NXPLW
Yahoo Finance validation passed for NXPLW
Updated quote for NXPLW: $0.1278
Successfully created and updated stock: NXPLW
Getting recommendations for NXPLW
Price target endpoint failed (403), using recommendation data
Finnhub recommendation for NXPLW: HOLD
Error fetching Polygon data for NXPLW: 429 Client Error: Too Many Requests for url: https://api.polygon.io/v2/aggs/ticker/NXPLW/range/1/day/2024-01-01/2024-12-31?apikey=MSVhtqDKV9HyMOdla5UunU2EFs53MweY&limit=50
FMP API error for NXPLW: 402 Client Error: Payment Required for url: https://financialmodelingprep.com/stable/analyst-estimates?symbol=NXPLW&apikey=ynOKFYxumAVxrcJAGhzuN4ZBjCtQcbR7
Enhanced Yahoo recommendation for NXPLW: SELL
Generated 2 recommendations for NXPLW
Skipping ADAP - recent recommendations exist
Analyzing user user5 with existing recommendations
Found 15 market screening candidates: ['NUAI', 'SOXS', 'SUGP', 'ATCH', 'BURU', 'GIPRW', 'DHAIW', 'BJDX', 'NXPLW', 'TLRY', 'TE+', 'ADAP', 'NVDA', 'JFU', 'YYAI']
Found 15 high-confidence BUY candidates: ['SUGP', 'SUGP', 'MSFT', 'GOOGL', 'GOOGL', 'GOOGL', 'GPUS', 'APLT', 'APLT', 'SOPA', 'SOPA', 'DIS', 'DIS', 'ACXP', 'BJDX']
Fetching real-time prices for 21 stocks
Updated SOXS price in database: $4.14
Updated DHAIW price in database: $0.0161
Updated BJDX price in database: $3.28
Updated TLRY price in database: $2.1
Updated DIS price in database: $110.99
Updated JFU price in database: $4.2
Updated NUAI price in database: $2.83
Updated SUGP price in database: $10.49
Updated GOOGL price in database: $241.53
Updated BURU price in database: $0.4619
Updated APLT price in database: $1.05
Updated ACXP price in database: $7.44
Updated ATCH price in database: $0.5
Updated SOPA price in database: $3.4
Updated NVDA price in database: $192.57
Updated YYAI price in database: $0.209
Updated GPUS price in database: $0.53
Updated MSFT price in database: $522.4
Updated GIPRW price in database: $0.1152
Updated NXPLW price in database: $0.1278
Updated ADAP price in database: $0.2201
Successfully fetched and updated 21 real-time prices
Raw confidence - BUY: 0.00, SELL: 0.65, SellWeight: 3.00
Adjusted confidence - BUY: 0.00, SELL: 1.95 → SELL @ 1.95
Filtering out penny stock: NXPLW (price: $0.13, min: $5.00)
Raw confidence - BUY: 0.00, SELL: 0.60, SellWeight: 3.00
Adjusted confidence - BUY: 0.00, SELL: 1.80 → SELL @ 1.80
Filtering out penny stock: ATCH (price: $0.50, min: $5.00)
Raw confidence - BUY: 1.50, SELL: 0.60, SellWeight: 3.00
Adjusted confidence - BUY: 0.00, SELL: 0.30 → SELL @ 0.30
Filtering out SUGP: confidence 0.30 below minimum 0.80
Raw confidence - BUY: 2.10, SELL: 0.00, SellWeight: 3.00
Adjusted confidence - BUY: 2.10, SELL: 0.00 → BUY @ 2.10
Raw confidence - BUY: 0.00, SELL: 0.60, SellWeight: 3.00
Adjusted confidence - BUY: 0.00, SELL: 1.80 → SELL @ 1.80
Filtering out penny stock: ADAP (price: $0.22, min: $5.00)
Raw confidence - BUY: 0.00, SELL: 1.25, SellWeight: 3.00
Adjusted confidence - BUY: 0.00, SELL: 3.75 → SELL @ 3.75
Filtering out penny stock: GIPRW (price: $0.12, min: $5.00)
Raw confidence - BUY: 2.25, SELL: 0.00, SellWeight: 3.00
Adjusted confidence - BUY: 2.25, SELL: 0.00 → BUY @ 2.25
Raw confidence - BUY: 0.75, SELL: 0.00, SellWeight: 3.00
Adjusted confidence - BUY: 0.75, SELL: 0.00 → BUY @ 0.75
Filtering out GPUS: confidence 0.75 below minimum 0.80
Raw confidence - BUY: 1.50, SELL: 0.00, SellWeight: 3.00
Adjusted confidence - BUY: 1.50, SELL: 0.00 → BUY @ 1.50
Filtering out penny stock: APLT (price: $1.05, min: $5.00)
Raw confidence - BUY: 1.50, SELL: 0.00, SellWeight: 3.00
Adjusted confidence - BUY: 1.50, SELL: 0.00 → BUY @ 1.50
Filtering out penny stock: SOPA (price: $3.40, min: $5.00)
Raw confidence - BUY: 1.50, SELL: 0.00, SellWeight: 3.00
Adjusted confidence - BUY: 1.50, SELL: 0.00 → BUY @ 1.50
Raw confidence - BUY: 0.75, SELL: 0.60, SellWeight: 3.00
Adjusted confidence - BUY: 0.00, SELL: 1.05 → SELL @ 1.05
Filtering out micro-cap stock: ACXP (market cap: $12,678,200, min: $1,000,000,000)
Raw confidence - BUY: 0.75, SELL: 0.60, SellWeight: 3.00
Adjusted confidence - BUY: 0.00, SELL: 1.05 → SELL @ 1.05
Filtering out penny stock: BJDX (price: $3.28, min: $5.00)
Raw confidence - BUY: 0.00, SELL: 0.00, SellWeight: 3.00
Adjusted confidence - BUY: 0.00, SELL: 0.00 → HOLD @ 0.00
Filtering out SOXS: confidence 0.00 below minimum 0.80
Raw confidence - BUY: 0.00, SELL: 0.00, SellWeight: 3.00
Adjusted confidence - BUY: 0.00, SELL: 0.00 → HOLD @ 0.00
Filtering out TLRY: confidence 0.00 below minimum 0.80
Raw confidence - BUY: 0.00, SELL: 0.65, SellWeight: 3.00
Adjusted confidence - BUY: 0.00, SELL: 1.95 → SELL @ 1.95
Filtering out penny stock: DHAIW (price: $0.02, min: $5.00)
Raw confidence - BUY: 0.00, SELL: 0.00, SellWeight: 3.00
Adjusted confidence - BUY: 0.00, SELL: 0.00 → HOLD @ 0.00
Filtering out YYAI: confidence 0.00 below minimum 0.80
Raw confidence - BUY: 0.75, SELL: 0.00, SellWeight: 3.00
Adjusted confidence - BUY: 0.75, SELL: 0.00 → BUY @ 0.75
Filtering out NUAI: confidence 0.75 below minimum 0.80
Raw confidence - BUY: 0.75, SELL: 0.00, SellWeight: 3.00
Adjusted confidence - BUY: 0.75, SELL: 0.00 → BUY @ 0.75
Filtering out JFU: confidence 0.75 below minimum 0.80
Raw confidence - BUY: 0.75, SELL: 0.00, SellWeight: 3.00
Adjusted confidence - BUY: 0.75, SELL: 0.00 → BUY @ 0.75
Filtering out BURU: confidence 0.75 below minimum 0.80
Raw confidence - BUY: 1.50, SELL: 0.00, SellWeight: 3.00
Adjusted confidence - BUY: 1.50, SELL: 0.00 → BUY @ 1.50
Consolidated 4 recommendations with SellWeight=3.00
No sell candidates found
Checking profit-taking opportunities (threshold: 10.00%, volatility: 20.00%)
Profit-taking analysis completed: 0 opportunities found
Smart Analysis completed for user: user5. Generated 4 recommendations
Batch analysis completed for 1 users
Best-buy-only mode: Skipping existing holdings analysis
Successfully retrieved market movers from Alpha Vantage
Found 15 market screening candidates: ['GIPRW', 'BJDX', 'NUAI', 'SUGP', 'NXPLW', 'JFU', 'TE+', 'TLRY', 'PLUG', 'EPWK', 'DHAIW', 'BURU', 'NVDA', 'TLNCW', 'ATCH']
Best-buy-only mode: Skipping sell candidates analysis
Found 15 high-confidence BUY candidates: ['SUGP', 'SUGP', 'MSFT', 'GOOGL', 'GOOGL', 'GOOGL', 'GPUS', 'APLT', 'APLT', 'SOPA', 'SOPA', 'DIS', 'DIS', 'ACXP', 'BJDX']
Successfully retrieved market movers from Alpha Vantage
Buy all smart recommendations requested by user: user5
Found 4 pending BUY recommendations
Portfolio cash: $100000.00
Total cost: $29810.06
Executing recommendation for MSFT: 17 shares
  Cash allocated: 8880.80 (type: <class 'decimal.Decimal'>)
  Current price: 522.40 (type: <class 'decimal.Decimal'>)
  Portfolio cash: 100000.00 (type: <class 'decimal.Decimal'>)
Successfully executed MSFT
Executing recommendation for NVDA: 36 shares
  Cash allocated: 6932.52 (type: <class 'decimal.Decimal'>)
  Current price: 192.57 (type: <class 'decimal.Decimal'>)
  Portfolio cash: 91110.31920 (type: <class 'decimal.Decimal'>)
Successfully executed NVDA
Executing recommendation for DIS: 63 shares
  Cash allocated: 6992.37 (type: <class 'decimal.Decimal'>)
  Current price: 110.99 (type: <class 'decimal.Decimal'>)
  Portfolio cash: 84170.86668 (type: <class 'decimal.Decimal'>)
Successfully executed DIS
Executing recommendation for GOOGL: 29 shares
  Cash allocated: 7004.37 (type: <class 'decimal.Decimal'>)
  Current price: 241.53 (type: <class 'decimal.Decimal'>)
  Portfolio cash: 77171.50431 (type: <class 'decimal.Decimal'>)
Successfully executed GOOGL
Buy all completed: 4 executed, 0 failed
Returning response: {'success': True, 'executed_trades': [{'symbol': 'MSFT', 'shares': 17, 'cost': Decimal('8880.80'), 'trade_id': UUID('fb0d3828-65ac-467b-882c-4be35231265e')}, {'symbol': 'NVDA', 'shares': 36, 'cost': Decimal('6932.52'), 'trade_id': UUID('8bbb5a67-6a12-4fb6-ac09-adfcff256e9f')}, {'symbol': 'DIS', 'shares': 63, 'cost': Decimal('6992.37'), 'trade_id': UUID('9cc337bb-21fd-43b7-b48e-4d6c1f47eccc')}, {'symbol': 'GOOGL', 'shares': 29, 'cost': Decimal('7004.37'), 'trade_id': UUID('cd2461b0-70ad-4867-a22b-ad90e15728c3')}], 'failed_trades': [], 'total_executed': 4, 'total_failed': 0, 'total_cost': 29810.06}
Successfully retrieved market movers from Alpha Vantage
Found 15 market screening candidates: ['NUAI', 'JFU', 'PLUG', 'TLRY', 'TE+', 'DHAIW', 'TLNCW', 'NVDA', 'NXPLW', 'GIPRW', 'SUGP', 'YYAI', 'BJDX', 'ATCH', 'ADAP']
Found 15 high-confidence BUY candidates: ['SUGP', 'SUGP', 'MSFT', 'GOOGL', 'GOOGL', 'GOOGL', 'GPUS', 'APLT', 'APLT', 'SOPA', 'SOPA', 'DIS', 'DIS', 'ACXP', 'BJDX']
Raw confidence - BUY: 1.50, SELL: 0.60, SellWeight: 1.00
Adjusted confidence - BUY: 0.90, SELL: 0.00 → BUY @ 0.90
Raw confidence - BUY: 3.75, SELL: 0.00, SellWeight: 1.00
Adjusted confidence - BUY: 3.75, SELL: 0.00 → BUY @ 3.75
Raw confidence - BUY: 1.50, SELL: 0.60, SellWeight: 0.33
Adjusted confidence - BUY: 1.30, SELL: 0.00 → BUY @ 1.30
Raw confidence - BUY: 3.75, SELL: 0.00, SellWeight: 0.33
Adjusted confidence - BUY: 3.75, SELL: 0.00 → BUY @ 3.75
Raw confidence - BUY: 1.50, SELL: 0.60, SellWeight: 1.00
Adjusted confidence - BUY: 0.90, SELL: 0.00 → BUY @ 0.90
Raw confidence - BUY: 3.75, SELL: 0.00, SellWeight: 1.00
Adjusted confidence - BUY: 3.75, SELL: 0.00 → BUY @ 3.75
Raw confidence - BUY: 1.50, SELL: 0.60, SellWeight: 3.00
Adjusted confidence - BUY: 0.00, SELL: 0.30 → SELL @ 0.30
Raw confidence - BUY: 3.75, SELL: 0.00, SellWeight: 3.00
Adjusted confidence - BUY: 3.75, SELL: 0.00 → BUY @ 3.75
Updated quote for AAPL: $245.99
Updated quote for ABVEW: $0.685
Updated quote for ACXP: $7.51
Updated quote for ADAP: $0.1875
Updated quote for AGMH: $5.8855
Updated quote for AGRI: $3.73
Updated quote for AMD: $216.665
Updated quote for AMZN: $218.175
Updated quote for APLT: $0.9583
Updated quote for AQMS: $5.9184
Updated quote for ARBK: $0.5477
Updated quote for ARKOW: $0.0087
Updated quote for ARQQW: $0.8605
Updated quote for ASBP: $0.3297
Updated quote for ASNS: $0.577
Updated quote for ATCH: $0.4271
Updated quote for ATON: $6.5452
Updated quote for AUUDW: $0.015
Updated quote for BA: $211.885
Updated quote for BCTXW: $0.0581
Updated quote for BENF: $0.4784
Updated quote for BETRW: $0.4803
Updated quote for BIAF: $2.6998
Updated quote for BIAFW: $0.54
Updated quote for BJDX: $3.2
Updated quote for BNAI: $0.5881
Updated quote for BNAIW: $0.0992
Updated quote for BOXL: $2.0
Updated quote for BQ: $10.2
Failed to get quote for BRK.B: No price data available for BRK.B
Failed to update quote for BRK.B: Failed to fetch quote for BRK.B: No price data available for BRK.B
Failed to update BRK.B: Failed to fetch quote for BRK.B: No price data available for BRK.B
Updated quote for BULL: $11.535
Updated quote for BURU: $0.5013
Updated quote for CAPTW: $0.0241
Updated quote for CHR: $0.1479
Updated quote for CIGL: $2.69
Updated quote for CISS: $2.32
Updated quote for CJET: $0.1312
Updated quote for COCH: $0.905
Updated quote for COCHW: $0.0589
Updated quote for CREVW: $0.0219
Updated quote for DFLI: $1.1111
Updated quote for DFLIW: $0.135
Updated quote for DHAIW: $0.0195
Updated quote for DIS: $109.87
Updated quote for DNN: $2.9294
Updated quote for DVLT: $1.9098
Updated quote for EPOW: $1.265
Updated quote for EPSM: $33.05
Updated quote for EPWK: $0.093
Updated quote for FGIWW: $0.097
Updated quote for FOFO: $11.82
Updated quote for FRMI: $29.28
Updated quote for GDEVW: $0.0306
Updated quote for GIGGW: $0.9274
Updated quote for GIPRW: $0.1198
Updated quote for GLB.L: $14.1
Updated quote for GLTO: $12.645
Updated quote for GOOGL: $237.735
Updated quote for GPUS: $0.4738
Updated quote for HOLN.SW: $65.7
Updated quote for IINNW: $0.3502
Updated quote for ILLRW: $0.049
Updated quote for INTC: $37.0215
Updated quote for IVDAW: $0.1571
Updated quote for JFB: $14.47
Updated quote for JFU: $4.68
Updated quote for KYGA.L: $75.2
Updated quote for LAC: $7.54
Updated quote for LSBPW: $0.0102
Updated quote for LVROW: $0.03
Updated quote for MBX: $15.0
Updated quote for META: $711.55
Updated quote for MIGI: $0.8483
Updated quote for MLACR: $0.4997
Updated quote for MRM: $2.11
Updated quote for MSFT: $514.1
Updated quote for MYSEW: $0.1302
Updated quote for NFLX: $1226.45
Updated quote for NRSNW: $0.37
Updated quote for NRXPW: $0.1365
Updated quote for NUAI: $2.5806
Updated quote for NVDA: $186.88
Updated quote for NVO: $56.959
Updated quote for NXL: $1.31
Updated quote for NXPLW: $0.1252
Updated quote for ONMD: $3.0175
Updated quote for ONMDW: $0.166
Updated quote for OPEN: $7.74
Updated quote for ORIS: $0.1437
Updated quote for OUSTZ: $0.079
Updated quote for PALI: $1.9103
Updated quote for PCSA: $0.3663
Updated quote for PLUG: $3.46
Updated quote for PSTV: $0.6994
Updated quote for PXSAW: $0.0242
Updated quote for QLGN: $4.23
Updated quote for RFAIR: $0.1899
Updated quote for RGTI: $45.025
Updated quote for RKT: $16.47
Updated quote for RNWWW: $0.0453
Updated quote for RVPHW: $0.0521
Updated quote for RVSNW: $0.11
Updated quote for RVYL: $0.3649
Updated quote for SCWO: $0.6799
Updated quote for SDSTW: $0.107
Updated quote for SHOTW: $0.039
Updated quote for SLDPW: $1.0325
Updated quote for SLNH: $2.435
Updated quote for SMXWW: $0.0381
Updated quote for SNAP: $7.845
Updated quote for SOPA: $3.25
Updated quote for SOXS: $4.8098
Updated quote for SPRB: $185.665
Updated quote for SUGP: $8.81
Updated quote for SVREW: $0.0252
Updated quote for SWAGW: $0.1
Failed to get quote for TL0.DEX: No price data available for TL0.DEX
Failed to update quote for TL0.DEX: Failed to fetch quote for TL0.DEX: No price data available for TL0.DEX
Failed to update TL0.DEX: Failed to fetch quote for TL0.DEX: No price data available for TL0.DEX
Failed to get quote for TL0.FRK: No price data available for TL0.FRK
Failed to update quote for TL0.FRK: Failed to fetch quote for TL0.FRK: No price data available for TL0.FRK
Failed to update TL0.FRK: Failed to fetch quote for TL0.FRK: No price data available for TL0.FRK
Updated quote for TLNCW: $0.5991
Updated quote for TLRY: $1.765
Updated quote for TMQ: $6.14
Updated quote for TSLA: $416.01
Failed to get quote for TSLA.TRT: No price data available for TSLA.TRT
Failed to update quote for TSLA.TRT: Failed to fetch quote for TSLA.TRT: No price data available for TSLA.TRT
Failed to update TSLA.TRT: Failed to fetch quote for TSLA.TRT: No price data available for TSLA.TRT
Failed to get quote for TSLA34.SAO: No price data available for TSLA34.SAO
Failed to update quote for TSLA34.SAO: Failed to fetch quote for TSLA34.SAO: No price data available for TSLA34.SAO
Failed to update TSLA34.SAO: Failed to fetch quote for TSLA34.SAO: No price data available for TSLA34.SAO
Updated quote for TSLL: $18.2101
Updated quote for TSLZ: $0.7939
Updated quote for UPC: $6.3
Updated quote for WGSWW: $0.075
Updated quote for XBIO: $6.57
Updated quote for YAAS: $3.07
Updated quote for YCBD: $1.25
Updated quote for YYAI: $0.1999
Updated quote for ZNB: $1.7803
Best-buy-only mode: Skipping existing holdings analysis
Successfully retrieved market movers from Alpha Vantage
Found 15 market screening candidates: ['JFU', 'NXPLW', 'YYAI', 'BURU', 'GIPRW', 'NUAI', 'BJDX', 'TE+', 'SUGP', 'TLNCW', 'DHAIW', 'ADAP', 'NVDA', 'PLUG', 'SOXS']
Best-buy-only mode: Skipping sell candidates analysis
Found 15 high-confidence BUY candidates: ['SUGP', 'SUGP', 'MSFT', 'GOOGL', 'GOOGL', 'GOOGL', 'GPUS', 'APLT', 'APLT', 'SOPA', 'SOPA', 'DIS', 'DIS', 'ACXP', 'BJDX']
Found 15 market screening candidates: ['JFU', 'NXPLW', 'YYAI', 'BURU', 'GIPRW', 'NUAI', 'BJDX', 'TE+', 'SUGP', 'TLNCW', 'DHAIW', 'ADAP', 'NVDA', 'PLUG', 'SOXS']
Found 15 high-confidence BUY candidates: ['SUGP', 'SUGP', 'MSFT', 'GOOGL', 'GOOGL', 'GOOGL', 'GPUS', 'APLT', 'APLT', 'SOPA', 'SOPA', 'DIS', 'DIS', 'ACXP', 'BJDX']
Successfully retrieved market movers from Alpha Vantage
Starting batch Smart Analysis for 1 users
Best-buy-only mode: Skipping existing holdings analysis
Successfully retrieved market movers from Alpha Vantage
Found 15 market screening candidates: ['GWH', 'BURU', 'BBAI', 'GWH+', 'VSEEW', 'TSLL', 'NVDA', 'BITF', 'YYAI', 'YHGJ', 'ONMDW', 'STAI', 'BNKKW', 'NVAWW', 'HYAC+']
Best-buy-only mode: Skipping sell candidates analysis
Found 10 additional Alpha Vantage candidates (top losers): ['ADVWW', 'BINI', 'PXSAW', 'GCMGW', 'ASPCR', 'NXPLW', 'CURIW', 'CARM', 'TIRX', 'TDIC']
Found 25 unique stocks to analyze across all users
Batch analyzing 25 unique stocks
Yahoo Finance validation passed for GWH
Yahoo Finance validation passed for GWH
Updated quote for GWH: $4.16
Successfully created and updated stock: GWH
Getting recommendations for GWH
Price target endpoint failed (403), using recommendation data
Finnhub recommendation for GWH: SELL
Polygon recommendation for GWH: SELL
FMP API error for GWH: 402 Client Error: Payment Required for url: https://financialmodelingprep.com/stable/analyst-estimates?symbol=GWH&apikey=ynOKFYxumAVxrcJAGhzuN4ZBjCtQcbR7
Enhanced Yahoo recommendation for GWH: HOLD
Generated 3 recommendations for GWH
Yahoo Finance validation passed for GCMGW
Yahoo Finance validation passed for GCMGW
Updated quote for GCMGW: $0.2241
Successfully created and updated stock: GCMGW
Getting recommendations for GCMGW
Price target endpoint failed (403), using recommendation data
Finnhub recommendation for GCMGW: HOLD
Polygon recommendation for GCMGW: SELL
FMP API error for GCMGW: 402 Client Error: Payment Required for url: https://financialmodelingprep.com/stable/analyst-estimates?symbol=GCMGW&apikey=ynOKFYxumAVxrcJAGhzuN4ZBjCtQcbR7
Enhanced Yahoo recommendation for GCMGW: HOLD
Generated 3 recommendations for GCMGW
Yahoo Finance validation passed for NXPLW
Getting recommendations for NXPLW
Price target endpoint failed (403), using recommendation data
Finnhub recommendation for NXPLW: HOLD
Error fetching Polygon data for NXPLW: 429 Client Error: Too Many Requests for url: https://api.polygon.io/v2/aggs/ticker/NXPLW/range/1/day/2024-01-01/2024-12-31?apikey=MSVhtqDKV9HyMOdla5UunU2EFs53MweY&limit=50
FMP API error for NXPLW: 402 Client Error: Payment Required for url: https://financialmodelingprep.com/stable/analyst-estimates?symbol=NXPLW&apikey=ynOKFYxumAVxrcJAGhzuN4ZBjCtQcbR7
Enhanced Yahoo recommendation for NXPLW: SELL
Generated 2 recommendations for NXPLW
Yahoo Finance validation passed for BURU
Getting recommendations for BURU
Price target endpoint failed (403), using recommendation data
Finnhub recommendation for BURU: HOLD
Error fetching Polygon data for BURU: 429 Client Error: Too Many Requests for url: https://api.polygon.io/v2/aggs/ticker/BURU/prev?apikey=MSVhtqDKV9HyMOdla5UunU2EFs53MweY
FMP API error for BURU: 402 Client Error: Payment Required for url: https://financialmodelingprep.com/stable/analyst-estimates?symbol=BURU&apikey=ynOKFYxumAVxrcJAGhzuN4ZBjCtQcbR7
Enhanced Yahoo recommendation for BURU: BUY
Generated 2 recommendations for BURU
Yahoo Finance validation passed for BBAI
Yahoo Finance validation passed for BBAI
Updated quote for BBAI: $7.22
Successfully created and updated stock: BBAI
Getting recommendations for BBAI
Price target endpoint failed (403), using recommendation data
Finnhub recommendation for BBAI: BUY
Error fetching Polygon data for BBAI: 429 Client Error: Too Many Requests for url: https://api.polygon.io/v2/aggs/ticker/BBAI/prev?apikey=MSVhtqDKV9HyMOdla5UunU2EFs53MweY
FMP API error for BBAI: 402 Client Error: Payment Required for url: https://financialmodelingprep.com/stable/analyst-estimates?symbol=BBAI&apikey=ynOKFYxumAVxrcJAGhzuN4ZBjCtQcbR7
Enhanced Yahoo recommendation for BBAI: SELL
Generated 2 recommendations for BBAI
Failed to get quote for GWH+: No price data available for GWH+
Yahoo Finance validation failed for GWH+: Failed to fetch quote for GWH+: No price data available for GWH+
Skipping GWH+ - not recognized by Yahoo Finance
Yahoo Finance validation passed for VSEEW
Yahoo Finance validation passed for VSEEW
Updated quote for VSEEW: $0.0275
Successfully created and updated stock: VSEEW
Getting recommendations for VSEEW
Price target endpoint failed (403), using recommendation data
Finnhub recommendation for VSEEW: HOLD
Error fetching Polygon data for VSEEW: 429 Client Error: Too Many Requests for url: https://api.polygon.io/v2/aggs/ticker/VSEEW/prev?apikey=MSVhtqDKV9HyMOdla5UunU2EFs53MweY
FMP API error for VSEEW: 402 Client Error: Payment Required for url: https://financialmodelingprep.com/stable/analyst-estimates?symbol=VSEEW&apikey=ynOKFYxumAVxrcJAGhzuN4ZBjCtQcbR7
Enhanced Yahoo recommendation for VSEEW: HOLD
Generated 2 recommendations for VSEEW
Yahoo Finance validation passed for TSLL
Getting recommendations for TSLL
Price target endpoint failed (403), using recommendation data
Finnhub recommendation for TSLL: HOLD
Error fetching Polygon data for TSLL: 429 Client Error: Too Many Requests for url: https://api.polygon.io/v2/aggs/ticker/TSLL/prev?apikey=MSVhtqDKV9HyMOdla5UunU2EFs53MweY
FMP API error for TSLL: 402 Client Error: Payment Required for url: https://financialmodelingprep.com/stable/analyst-estimates?symbol=TSLL&apikey=ynOKFYxumAVxrcJAGhzuN4ZBjCtQcbR7
Enhanced Yahoo recommendation for TSLL: HOLD
Generated 2 recommendations for TSLL
Yahoo Finance validation passed for NVDA
Getting recommendations for NVDA
Price target endpoint failed (403), using recommendation data
Finnhub recommendation for NVDA: BUY
Error fetching Polygon data for NVDA: 429 Client Error: Too Many Requests for url: https://api.polygon.io/v2/aggs/ticker/NVDA/prev?apikey=MSVhtqDKV9HyMOdla5UunU2EFs53MweY
FMP API error for NVDA: 400 Client Error: Bad Request for url: https://financialmodelingprep.com/stable/analyst-estimates?symbol=NVDA&apikey=ynOKFYxumAVxrcJAGhzuN4ZBjCtQcbR7
Enhanced Yahoo recommendation for NVDA: STRONG_BUY
Generated 2 recommendations for NVDA
Yahoo Finance validation passed for BITF
Yahoo Finance validation passed for BITF
Updated quote for BITF: $4.2
Successfully created and updated stock: BITF
Getting recommendations for BITF
Price target endpoint failed (403), using recommendation data
Finnhub recommendation for BITF: BUY
Error fetching Polygon data for BITF: 429 Client Error: Too Many Requests for url: https://api.polygon.io/v2/aggs/ticker/BITF/prev?apikey=MSVhtqDKV9HyMOdla5UunU2EFs53MweY
FMP API error for BITF: 402 Client Error: Payment Required for url: https://financialmodelingprep.com/stable/analyst-estimates?symbol=BITF&apikey=ynOKFYxumAVxrcJAGhzuN4ZBjCtQcbR7
Enhanced Yahoo recommendation for BITF: HOLD
Generated 2 recommendations for BITF
Yahoo Finance validation passed for YYAI
Getting recommendations for YYAI
Price target endpoint failed (403), using recommendation data
Finnhub recommendation for YYAI: HOLD
Polygon recommendation for YYAI: SELL
FMP API error for YYAI: 402 Client Error: Payment Required for url: https://financialmodelingprep.com/stable/analyst-estimates?symbol=YYAI&apikey=ynOKFYxumAVxrcJAGhzuN4ZBjCtQcbR7
Enhanced Yahoo recommendation for YYAI: HOLD
Generated 3 recommendations for YYAI
Yahoo Finance validation passed for ADVWW
Yahoo Finance validation passed for ADVWW
Updated quote for ADVWW: $0.0053
Successfully created and updated stock: ADVWW
Getting recommendations for ADVWW
Price target endpoint failed (403), using recommendation data
Finnhub recommendation for ADVWW: HOLD
Polygon recommendation for ADVWW: SELL
FMP API error for ADVWW: 402 Client Error: Payment Required for url: https://financialmodelingprep.com/stable/analyst-estimates?symbol=ADVWW&apikey=ynOKFYxumAVxrcJAGhzuN4ZBjCtQcbR7
Enhanced Yahoo recommendation for ADVWW: SELL
Generated 3 recommendations for ADVWW
Yahoo Finance validation passed for BINI
Yahoo Finance validation passed for BINI
Updated quote for BINI: $0.63
Successfully created and updated stock: BINI
Getting recommendations for BINI
Price target endpoint failed (403), using recommendation data
Finnhub recommendation for BINI: BUY
Error fetching Polygon data for BINI: 429 Client Error: Too Many Requests for url: https://api.polygon.io/v2/aggs/ticker/BINI/range/1/day/2024-01-01/2024-12-31?apikey=MSVhtqDKV9HyMOdla5UunU2EFs53MweY&limit=50
FMP API error for BINI: 402 Client Error: Payment Required for url: https://financialmodelingprep.com/stable/analyst-estimates?symbol=BINI&apikey=ynOKFYxumAVxrcJAGhzuN4ZBjCtQcbR7
Enhanced Yahoo recommendation for BINI: HOLD
Generated 2 recommendations for BINI
Yahoo Finance validation passed for YHGJ
Yahoo Finance validation passed for YHGJ
Updated quote for YHGJ: $9.32
Successfully created and updated stock: YHGJ
Getting recommendations for YHGJ
Price target endpoint failed (403), using recommendation data
Finnhub recommendation for YHGJ: HOLD
Error fetching Polygon data for YHGJ: 429 Client Error: Too Many Requests for url: https://api.polygon.io/v2/aggs/ticker/YHGJ/prev?apikey=MSVhtqDKV9HyMOdla5UunU2EFs53MweY
FMP API error for YHGJ: 402 Client Error: Payment Required for url: https://financialmodelingprep.com/stable/analyst-estimates?symbol=YHGJ&apikey=ynOKFYxumAVxrcJAGhzuN4ZBjCtQcbR7
Enhanced Yahoo recommendation for YHGJ: HOLD
Generated 2 recommendations for YHGJ
Yahoo Finance validation passed for CURIW
Yahoo Finance validation passed for CURIW
Updated quote for CURIW: $0.003
Successfully created and updated stock: CURIW
Getting recommendations for CURIW
Price target endpoint failed (403), using recommendation data
Finnhub recommendation for CURIW: HOLD
Error fetching Polygon data for CURIW: 429 Client Error: Too Many Requests for url: https://api.polygon.io/v2/aggs/ticker/CURIW/prev?apikey=MSVhtqDKV9HyMOdla5UunU2EFs53MweY
FMP API error for CURIW: 402 Client Error: Payment Required for url: https://financialmodelingprep.com/stable/analyst-estimates?symbol=CURIW&apikey=ynOKFYxumAVxrcJAGhzuN4ZBjCtQcbR7
Enhanced Yahoo recommendation for CURIW: HOLD
Generated 2 recommendations for CURIW
Yahoo Finance validation passed for ONMDW
Getting recommendations for ONMDW
Price target endpoint failed (403), using recommendation data
Finnhub recommendation for ONMDW: HOLD
Error fetching Polygon data for ONMDW: 429 Client Error: Too Many Requests for url: https://api.polygon.io/v2/aggs/ticker/ONMDW/prev?apikey=MSVhtqDKV9HyMOdla5UunU2EFs53MweY
FMP API error for ONMDW: 402 Client Error: Payment Required for url: https://financialmodelingprep.com/stable/analyst-estimates?symbol=ONMDW&apikey=ynOKFYxumAVxrcJAGhzuN4ZBjCtQcbR7
Enhanced Yahoo recommendation for ONMDW: SELL
Generated 2 recommendations for ONMDW
Yahoo Finance validation passed for STAI
Yahoo Finance validation passed for STAI
Updated quote for STAI: $0.625
Successfully created and updated stock: STAI
Getting recommendations for STAI
Price target endpoint failed (403), using recommendation data
Finnhub recommendation for STAI: HOLD
Error fetching Polygon data for STAI: 429 Client Error: Too Many Requests for url: https://api.polygon.io/v2/aggs/ticker/STAI/prev?apikey=MSVhtqDKV9HyMOdla5UunU2EFs53MweY
FMP API error for STAI: 402 Client Error: Payment Required for url: https://financialmodelingprep.com/stable/analyst-estimates?symbol=STAI&apikey=ynOKFYxumAVxrcJAGhzuN4ZBjCtQcbR7
Enhanced Yahoo recommendation for STAI: BUY
Generated 2 recommendations for STAI
Yahoo Finance validation passed for BNKKW
Yahoo Finance validation passed for BNKKW
Updated quote for BNKKW: $0.06
Successfully created and updated stock: BNKKW
Getting recommendations for BNKKW
Price target endpoint failed (403), using recommendation data
Finnhub recommendation for BNKKW: HOLD
Error fetching Polygon data for BNKKW: 429 Client Error: Too Many Requests for url: https://api.polygon.io/v2/aggs/ticker/BNKKW/prev?apikey=MSVhtqDKV9HyMOdla5UunU2EFs53MweY
FMP API error for BNKKW: 402 Client Error: Payment Required for url: https://financialmodelingprep.com/stable/analyst-estimates?symbol=BNKKW&apikey=ynOKFYxumAVxrcJAGhzuN4ZBjCtQcbR7
Enhanced Yahoo recommendation for BNKKW: HOLD
Generated 2 recommendations for BNKKW
Yahoo Finance validation passed for NVAWW
Yahoo Finance validation passed for NVAWW
Updated quote for NVAWW: $19.98
Successfully created and updated stock: NVAWW
Getting recommendations for NVAWW
Price target endpoint failed (403), using recommendation data
Finnhub recommendation for NVAWW: HOLD
Polygon recommendation for NVAWW: BUY
FMP API error for NVAWW: 402 Client Error: Payment Required for url: https://financialmodelingprep.com/stable/analyst-estimates?symbol=NVAWW&apikey=ynOKFYxumAVxrcJAGhzuN4ZBjCtQcbR7
Enhanced Yahoo recommendation for NVAWW: SELL
Generated 3 recommendations for NVAWW
Failed to get quote for HYAC+: No price data available for HYAC+
Yahoo Finance validation failed for HYAC+: Failed to fetch quote for HYAC+: No price data available for HYAC+
Skipping HYAC+ - not recognized by Yahoo Finance
Yahoo Finance validation passed for TDIC
Yahoo Finance validation passed for TDIC
Updated quote for TDIC: $1.16
Successfully created and updated stock: TDIC
Getting recommendations for TDIC
Price target endpoint failed (403), using recommendation data
Finnhub recommendation for TDIC: BUY
Polygon recommendation for TDIC: HOLD
FMP API error for TDIC: 402 Client Error: Payment Required for url: https://financialmodelingprep.com/stable/analyst-estimates?symbol=TDIC&apikey=ynOKFYxumAVxrcJAGhzuN4ZBjCtQcbR7
Enhanced Yahoo recommendation for TDIC: SELL
Generated 3 recommendations for TDIC
Yahoo Finance validation passed for PXSAW
Getting recommendations for PXSAW
Price target endpoint failed (403), using recommendation data
Finnhub recommendation for PXSAW: HOLD
Error fetching Polygon data for PXSAW: 429 Client Error: Too Many Requests for url: https://api.polygon.io/v2/aggs/ticker/PXSAW/range/1/day/2024-01-01/2024-12-31?apikey=MSVhtqDKV9HyMOdla5UunU2EFs53MweY&limit=50
FMP API error for PXSAW: 402 Client Error: Payment Required for url: https://financialmodelingprep.com/stable/analyst-estimates?symbol=PXSAW&apikey=ynOKFYxumAVxrcJAGhzuN4ZBjCtQcbR7
Enhanced Yahoo recommendation for PXSAW: SELL
Generated 2 recommendations for PXSAW
Yahoo Finance validation passed for ASPCR
Yahoo Finance validation passed for ASPCR
Updated quote for ASPCR: $0.2
Successfully created and updated stock: ASPCR
Getting recommendations for ASPCR
Price target endpoint failed (403), using recommendation data
Finnhub recommendation for ASPCR: HOLD
Error fetching Polygon data for ASPCR: 429 Client Error: Too Many Requests for url: https://api.polygon.io/v2/aggs/ticker/ASPCR/prev?apikey=MSVhtqDKV9HyMOdla5UunU2EFs53MweY
FMP API error for ASPCR: 402 Client Error: Payment Required for url: https://financialmodelingprep.com/stable/analyst-estimates?symbol=ASPCR&apikey=ynOKFYxumAVxrcJAGhzuN4ZBjCtQcbR7
Enhanced Yahoo recommendation for ASPCR: HOLD
Generated 2 recommendations for ASPCR
Yahoo Finance validation passed for CARM
Yahoo Finance validation passed for CARM
Updated quote for CARM: $0.1539
Successfully created and updated stock: CARM
Getting recommendations for CARM
Price target endpoint failed (403), using recommendation data
Finnhub recommendation for CARM: BUY
Error fetching Polygon data for CARM: 429 Client Error: Too Many Requests for url: https://api.polygon.io/v2/aggs/ticker/CARM/prev?apikey=MSVhtqDKV9HyMOdla5UunU2EFs53MweY
FMP API error for CARM: 402 Client Error: Payment Required for url: https://financialmodelingprep.com/stable/analyst-estimates?symbol=CARM&apikey=ynOKFYxumAVxrcJAGhzuN4ZBjCtQcbR7
Enhanced Yahoo recommendation for CARM: HOLD
Generated 2 recommendations for CARM
Yahoo Finance validation passed for TIRX
Yahoo Finance validation passed for TIRX
Updated quote for TIRX: $1.26
Successfully created and updated stock: TIRX
Getting recommendations for TIRX
Price target endpoint failed (403), using recommendation data
Finnhub recommendation for TIRX: HOLD
Error fetching Polygon data for TIRX: 429 Client Error: Too Many Requests for url: https://api.polygon.io/v2/aggs/ticker/TIRX/prev?apikey=MSVhtqDKV9HyMOdla5UunU2EFs53MweY
FMP API error for TIRX: 402 Client Error: Payment Required for url: https://financialmodelingprep.com/stable/analyst-estimates?symbol=TIRX&apikey=ynOKFYxumAVxrcJAGhzuN4ZBjCtQcbR7
Enhanced Yahoo recommendation for TIRX: SELL
Generated 2 recommendations for TIRX
Analyzing user user5 with existing recommendations
Best-buy-only mode: Skipping existing holdings analysis
Found 15 market screening candidates: ['GWH', 'BURU', 'BBAI', 'GWH+', 'VSEEW', 'TSLL', 'NVDA', 'BITF', 'YYAI', 'YHGJ', 'ONMDW', 'STAI', 'BNKKW', 'NVAWW', 'HYAC+']
Best-buy-only mode: Skipping sell candidates analysis
Found 10 additional Alpha Vantage candidates (top losers): ['ADVWW', 'BINI', 'PXSAW', 'GCMGW', 'ASPCR', 'NXPLW', 'CURIW', 'CARM', 'TIRX', 'TDIC']
Fetching real-time prices for 23 stocks
Updated GWH price in database: $4.16
Updated GCMGW price in database: $0.2241
Updated NXPLW price in database: $0.0572
Updated BURU price in database: $0.4752
Updated BBAI price in database: $7.22
Updated VSEEW price in database: $0.0275
Updated TSLL price in database: $17.96
Updated NVDA price in database: $183.16
Updated BITF price in database: $4.2
Updated YYAI price in database: $0.1899
Updated ADVWW price in database: $0.0053
Updated BINI price in database: $0.63
Updated YHGJ price in database: $9.32
Updated CURIW price in database: $0.003
Updated ONMDW price in database: $0.2099
Updated STAI price in database: $0.625
Updated BNKKW price in database: $0.06
Updated NVAWW price in database: $19.98
Updated TDIC price in database: $1.16
Updated PXSAW price in database: $0.0207
Updated ASPCR price in database: $0.2
Updated CARM price in database: $0.1539
Updated TIRX price in database: $1.26
Successfully fetched and updated 23 real-time prices
Raw confidence - BUY: 0.00, SELL: 0.65, SellWeight: 3.00
Adjusted confidence - BUY: 0.00, SELL: 1.95 → SELL @ 1.95
Filtering out penny stock: TIRX (price: $1.26, min: $5.00)
Raw confidence - BUY: 0.75, SELL: 0.00, SellWeight: 3.00
Adjusted confidence - BUY: 0.75, SELL: 0.00 → BUY @ 0.75
Filtering out CARM: confidence 0.75 below minimum 0.80
Raw confidence - BUY: 0.00, SELL: 0.00, SellWeight: 3.00
Adjusted confidence - BUY: 0.00, SELL: 0.00 → HOLD @ 0.00
Filtering out ASPCR: confidence 0.00 below minimum 0.80
Raw confidence - BUY: 0.00, SELL: 0.65, SellWeight: 3.00
Adjusted confidence - BUY: 0.00, SELL: 1.95 → SELL @ 1.95
Filtering out penny stock: PXSAW (price: $0.02, min: $5.00)
Raw confidence - BUY: 0.75, SELL: 0.65, SellWeight: 3.00
Adjusted confidence - BUY: 0.00, SELL: 1.20 → SELL @ 1.20
Filtering out penny stock: TDIC (price: $1.16, min: $5.00)
Raw confidence - BUY: 0.65, SELL: 0.65, SellWeight: 3.00
Adjusted confidence - BUY: 0.00, SELL: 1.30 → SELL @ 1.30
Skipping SELL recommendation for NVAWW: not owned
Raw confidence - BUY: 0.00, SELL: 0.00, SellWeight: 3.00
Adjusted confidence - BUY: 0.00, SELL: 0.00 → HOLD @ 0.00
Filtering out BNKKW: confidence 0.00 below minimum 0.80
Raw confidence - BUY: 0.75, SELL: 0.00, SellWeight: 3.00
Adjusted confidence - BUY: 0.75, SELL: 0.00 → BUY @ 0.75
Filtering out STAI: confidence 0.75 below minimum 0.80
Raw confidence - BUY: 0.00, SELL: 0.65, SellWeight: 3.00
Adjusted confidence - BUY: 0.00, SELL: 1.95 → SELL @ 1.95
Filtering out penny stock: ONMDW (price: $0.17, min: $5.00)
Raw confidence - BUY: 0.00, SELL: 0.00, SellWeight: 3.00
Adjusted confidence - BUY: 0.00, SELL: 0.00 → HOLD @ 0.00
Filtering out CURIW: confidence 0.00 below minimum 0.80
Raw confidence - BUY: 0.00, SELL: 0.00, SellWeight: 3.00
Adjusted confidence - BUY: 0.00, SELL: 0.00 → HOLD @ 0.00
Filtering out YHGJ: confidence 0.00 below minimum 0.80
Raw confidence - BUY: 0.75, SELL: 0.00, SellWeight: 3.00
Adjusted confidence - BUY: 0.75, SELL: 0.00 → BUY @ 0.75
Filtering out BINI: confidence 0.75 below minimum 0.80
Raw confidence - BUY: 0.00, SELL: 1.25, SellWeight: 3.00
Adjusted confidence - BUY: 0.00, SELL: 3.75 → SELL @ 3.75
Filtering out penny stock: ADVWW (price: $0.01, min: $5.00)
Raw confidence - BUY: 0.00, SELL: 0.60, SellWeight: 3.00
Adjusted confidence - BUY: 0.00, SELL: 1.80 → SELL @ 1.80
Filtering out penny stock: YYAI (price: $0.20, min: $5.00)
Raw confidence - BUY: 0.75, SELL: 0.00, SellWeight: 3.00
Adjusted confidence - BUY: 0.75, SELL: 0.00 → BUY @ 0.75
Filtering out BITF: confidence 0.75 below minimum 0.80
Raw confidence - BUY: 2.10, SELL: 0.00, SellWeight: 3.00
Adjusted confidence - BUY: 2.10, SELL: 0.00 → BUY @ 2.10
Raw confidence - BUY: 0.00, SELL: 0.00, SellWeight: 3.00
Adjusted confidence - BUY: 0.00, SELL: 0.00 → HOLD @ 0.00
Filtering out TSLL: confidence 0.00 below minimum 0.80
Raw confidence - BUY: 0.00, SELL: 0.00, SellWeight: 3.00
Adjusted confidence - BUY: 0.00, SELL: 0.00 → HOLD @ 0.00
Filtering out VSEEW: confidence 0.00 below minimum 0.80
Raw confidence - BUY: 0.75, SELL: 0.65, SellWeight: 3.00
Adjusted confidence - BUY: 0.00, SELL: 1.20 → SELL @ 1.20
Skipping SELL recommendation for BBAI: not owned
Raw confidence - BUY: 0.75, SELL: 0.00, SellWeight: 3.00
Adjusted confidence - BUY: 0.75, SELL: 0.00 → BUY @ 0.75
Filtering out BURU: confidence 0.75 below minimum 0.80
Raw confidence - BUY: 0.00, SELL: 0.65, SellWeight: 3.00
Adjusted confidence - BUY: 0.00, SELL: 1.95 → SELL @ 1.95
Filtering out penny stock: NXPLW (price: $0.13, min: $5.00)
Raw confidence - BUY: 0.00, SELL: 0.60, SellWeight: 3.00
Adjusted confidence - BUY: 0.00, SELL: 1.80 → SELL @ 1.80
Filtering out penny stock: GCMGW (price: $0.22, min: $5.00)
Raw confidence - BUY: 0.00, SELL: 1.20, SellWeight: 3.00
Adjusted confidence - BUY: 0.00, SELL: 3.60 → SELL @ 3.60
Filtering out penny stock: GWH (price: $4.16, min: $5.00)
Consolidated 1 recommendations with SellWeight=3.00
No sell candidates found
Checking profit-taking opportunities (threshold: 10.00%, volatility: 20.00%)
MSFT: Recent gain: 0.0%, Volatility: 20.0%
✗ MSFT: Gain 0.0% or volatility 20.0% below thresholds
NVDA: Recent gain: 0.0%, Volatility: 20.0%
✗ NVDA: Gain 0.0% or volatility 20.0% below thresholds
DIS: Recent gain: 0.0%, Volatility: 20.0%
✗ DIS: Gain 0.0% or volatility 20.0% below thresholds
GOOGL: Recent gain: 0.0%, Volatility: 20.0%
✗ GOOGL: Gain 0.0% or volatility 20.0% below thresholds
Profit-taking analysis completed: 0 opportunities found
Smart Analysis completed for user: user5. Generated 0 recommendations
Batch analysis completed for 1 users
Starting batch Smart Analysis for 1 users
Successfully retrieved market movers from Alpha Vantage
Found 15 market screening candidates: ['VSEEW', 'NVDA', 'YHGJ', 'BITF', 'GWH', 'SOXS', 'QNRX', 'NVAWW', 'STAI', 'SGBX', 'SQQQ', 'BBAI', 'ONMDW', 'TSLL', 'BURU']
Found 10 additional Alpha Vantage candidates (top losers): ['ADVWW', 'ASPCR', 'GCMGW', 'BINI', 'TDIC', 'CARM', 'PXSAW', 'TIRX', 'CURIW', 'NXPLW']
Found 25 unique stocks to analyze across all users
Batch analyzing 25 unique stocks
Skipping VSEEW - recent recommendations exist
Skipping NVDA - recent recommendations exist
Skipping YHGJ - recent recommendations exist
Skipping CURIW - recent recommendations exist
Skipping GCMGW - recent recommendations exist
Skipping BINI - recent recommendations exist
Skipping TIRX - recent recommendations exist
Skipping CARM - recent recommendations exist
Skipping TDIC - recent recommendations exist
Skipping BITF - recent recommendations exist
Skipping GWH - recent recommendations exist
Yahoo Finance validation passed for SOXS
Getting recommendations for SOXS
Price target endpoint failed (403), using recommendation data
Finnhub recommendation for SOXS: HOLD
Polygon recommendation for SOXS: SELL
FMP API error for SOXS: 402 Client Error: Payment Required for url: https://financialmodelingprep.com/stable/analyst-estimates?symbol=SOXS&apikey=ynOKFYxumAVxrcJAGhzuN4ZBjCtQcbR7
Enhanced Yahoo recommendation for SOXS: HOLD
Generated 3 recommendations for SOXS
Yahoo Finance validation passed for QNRX
Yahoo Finance validation passed for QNRX
Updated quote for QNRX: $20.5
Successfully created and updated stock: QNRX
Getting recommendations for QNRX
Price target endpoint failed (403), using recommendation data
Finnhub recommendation for QNRX: BUY
Polygon recommendation for QNRX: SELL
FMP API error for QNRX: 402 Client Error: Payment Required for url: https://financialmodelingprep.com/stable/analyst-estimates?symbol=QNRX&apikey=ynOKFYxumAVxrcJAGhzuN4ZBjCtQcbR7
Enhanced Yahoo recommendation for QNRX: BUY
Generated 3 recommendations for QNRX
Skipping NVAWW - recent recommendations exist
Skipping STAI - recent recommendations exist
Yahoo Finance validation passed for SGBX
Yahoo Finance validation passed for SGBX
Updated quote for SGBX: $6.24
Successfully created and updated stock: SGBX
Getting recommendations for SGBX
Price target endpoint failed (403), using recommendation data
Finnhub recommendation for SGBX: BUY
Error fetching Polygon data for SGBX: 429 Client Error: Too Many Requests for url: https://api.polygon.io/v2/aggs/ticker/SGBX/range/1/day/2024-01-01/2024-12-31?apikey=MSVhtqDKV9HyMOdla5UunU2EFs53MweY&limit=50
FMP API error for SGBX: 402 Client Error: Payment Required for url: https://financialmodelingprep.com/stable/analyst-estimates?symbol=SGBX&apikey=ynOKFYxumAVxrcJAGhzuN4ZBjCtQcbR7
Enhanced Yahoo recommendation for SGBX: STRONG_SELL
Generated 2 recommendations for SGBX
Skipping NXPLW - recent recommendations exist
Yahoo Finance validation passed for SQQQ
Yahoo Finance validation passed for SQQQ
Updated quote for SQQQ: $16.03
Could not update stock info for SQQQ: [<class 'decimal.InvalidOperation'>]
Getting recommendations for SQQQ
Price target endpoint failed (403), using recommendation data
Finnhub API error for SQQQ: NOT NULL constraint failed: soulstrader_aiadvisorrecommendation.price_at_recommendation
Error fetching Polygon data for SQQQ: 429 Client Error: Too Many Requests for url: https://api.polygon.io/v2/aggs/ticker/SQQQ/prev?apikey=MSVhtqDKV9HyMOdla5UunU2EFs53MweY
FMP API error for SQQQ: 402 Client Error: Payment Required for url: https://financialmodelingprep.com/stable/analyst-estimates?symbol=SQQQ&apikey=ynOKFYxumAVxrcJAGhzuN4ZBjCtQcbR7
Enhanced Yahoo error for SQQQ: NOT NULL constraint failed: soulstrader_aiadvisorrecommendation.price_at_recommendation
No recommendations generated for SQQQ
Skipping ADVWW - recent recommendations exist
Skipping BBAI - recent recommendations exist
Skipping ASPCR - recent recommendations exist
Skipping ONMDW - recent recommendations exist
Skipping TSLL - recent recommendations exist
Skipping BURU - recent recommendations exist
Skipping PXSAW - recent recommendations exist
Analyzing user user6 with existing recommendations
Found 15 market screening candidates: ['VSEEW', 'NVDA', 'YHGJ', 'BITF', 'GWH', 'SOXS', 'QNRX', 'NVAWW', 'STAI', 'SGBX', 'SQQQ', 'BBAI', 'ONMDW', 'TSLL', 'BURU']
Found 10 additional Alpha Vantage candidates (top losers): ['ADVWW', 'ASPCR', 'GCMGW', 'BINI', 'TDIC', 'CARM', 'PXSAW', 'TIRX', 'CURIW', 'NXPLW']
Fetching real-time prices for 24 stocks
Updated VSEEW price in database: $0.0275
Updated NVDA price in database: $183.16
Updated YHGJ price in database: $9.32
Updated CURIW price in database: $0.003
Updated GCMGW price in database: $0.2241
Updated BINI price in database: $0.63
Updated TIRX price in database: $1.26
Updated CARM price in database: $0.1539
Updated TDIC price in database: $1.16
Updated BITF price in database: $4.2
Updated GWH price in database: $4.16
Updated SOXS price in database: $4.94
Updated QNRX price in database: $20.5
Updated NVAWW price in database: $19.98
Updated STAI price in database: $0.625
Updated SGBX price in database: $6.24
Updated NXPLW price in database: $0.0572
Updated ADVWW price in database: $0.0053
Updated ASPCR price in database: $0.2
Updated BBAI price in database: $7.22
Updated ONMDW price in database: $0.2099
Updated TSLL price in database: $17.96
Updated BURU price in database: $0.4752
Updated PXSAW price in database: $0.0207
Successfully fetched and updated 24 real-time prices
Raw confidence - BUY: 0.75, SELL: 1.20, SellWeight: 3.00
Adjusted confidence - BUY: 0.00, SELL: 2.85 → SELL @ 2.85
Penny stocks allowed for user6 - including SGBX (price: $6.24, market cap: $3141677)
Skipping SELL recommendation for SGBX: not owned
Raw confidence - BUY: 1.50, SELL: 0.60, SellWeight: 3.00
Adjusted confidence - BUY: 0.00, SELL: 0.30 → SELL @ 0.30
Filtering out QNRX: confidence 0.30 below minimum 0.60
Raw confidence - BUY: 0.00, SELL: 0.60, SellWeight: 3.00
Adjusted confidence - BUY: 0.00, SELL: 1.80 → SELL @ 1.80
Penny stocks allowed for user6 - including SOXS (price: $4.81, market cap: $N/A)
Skipping SELL recommendation for SOXS: not owned
Raw confidence - BUY: 0.00, SELL: 0.65, SellWeight: 3.00
Adjusted confidence - BUY: 0.00, SELL: 1.95 → SELL @ 1.95
Penny stocks allowed for user6 - including TIRX (price: $1.26, market cap: $30695402)
Skipping SELL recommendation for TIRX: not owned
Raw confidence - BUY: 0.75, SELL: 0.00, SellWeight: 3.00
Adjusted confidence - BUY: 0.75, SELL: 0.00 → BUY @ 0.75
Penny stocks allowed for user6 - including CARM (price: $0.15, market cap: $6431188)
Raw confidence - BUY: 0.00, SELL: 0.00, SellWeight: 3.00
Adjusted confidence - BUY: 0.00, SELL: 0.00 → HOLD @ 0.00
Filtering out ASPCR: confidence 0.00 below minimum 0.60
Raw confidence - BUY: 0.00, SELL: 0.65, SellWeight: 3.00
Adjusted confidence - BUY: 0.00, SELL: 1.95 → SELL @ 1.95
Penny stocks allowed for user6 - including PXSAW (price: $0.02, market cap: $N/A)
Skipping SELL recommendation for PXSAW: not owned
Raw confidence - BUY: 0.75, SELL: 0.65, SellWeight: 3.00
Adjusted confidence - BUY: 0.00, SELL: 1.20 → SELL @ 1.20
Penny stocks allowed for user6 - including TDIC (price: $1.16, market cap: $35960000)
Skipping SELL recommendation for TDIC: not owned
Raw confidence - BUY: 0.65, SELL: 0.65, SellWeight: 3.00
Adjusted confidence - BUY: 0.00, SELL: 1.30 → SELL @ 1.30
Penny stocks allowed for user6 - including NVAWW (price: $19.98, market cap: $N/A)
Skipping SELL recommendation for NVAWW: not owned
Raw confidence - BUY: 0.75, SELL: 0.00, SellWeight: 3.00
Adjusted confidence - BUY: 0.75, SELL: 0.00 → BUY @ 0.75
Penny stocks allowed for user6 - including STAI (price: $0.62, market cap: $40304768)
Raw confidence - BUY: 0.00, SELL: 0.65, SellWeight: 3.00
Adjusted confidence - BUY: 0.00, SELL: 1.95 → SELL @ 1.95
Penny stocks allowed for user6 - including ONMDW (price: $0.21, market cap: $N/A)
Skipping SELL recommendation for ONMDW: not owned
Raw confidence - BUY: 0.00, SELL: 0.00, SellWeight: 3.00
Adjusted confidence - BUY: 0.00, SELL: 0.00 → HOLD @ 0.00
Filtering out CURIW: confidence 0.00 below minimum 0.60
Raw confidence - BUY: 0.00, SELL: 0.00, SellWeight: 3.00
Adjusted confidence - BUY: 0.00, SELL: 0.00 → HOLD @ 0.00
Filtering out YHGJ: confidence 0.00 below minimum 0.60
Raw confidence - BUY: 0.75, SELL: 0.00, SellWeight: 3.00
Adjusted confidence - BUY: 0.75, SELL: 0.00 → BUY @ 0.75
Penny stocks allowed for user6 - including BINI (price: $0.63, market cap: $318835)
Raw confidence - BUY: 0.00, SELL: 1.25, SellWeight: 3.00
Adjusted confidence - BUY: 0.00, SELL: 3.75 → SELL @ 3.75
Penny stocks allowed for user6 - including ADVWW (price: $0.01, market cap: $N/A)
Skipping SELL recommendation for ADVWW: not owned
Raw confidence - BUY: 0.75, SELL: 0.00, SellWeight: 3.00
Adjusted confidence - BUY: 0.75, SELL: 0.00 → BUY @ 0.75
Penny stocks allowed for user6 - including BITF (price: $4.20, market cap: $2320918272)
Raw confidence - BUY: 2.10, SELL: 0.00, SellWeight: 3.00
Adjusted confidence - BUY: 2.10, SELL: 0.00 → BUY @ 2.10
Penny stocks allowed for user6 - including NVDA (price: $183.16, market cap: $4329385492000)
Raw confidence - BUY: 0.00, SELL: 0.00, SellWeight: 3.00
Adjusted confidence - BUY: 0.00, SELL: 0.00 → HOLD @ 0.00
Filtering out TSLL: confidence 0.00 below minimum 0.60
Raw confidence - BUY: 0.00, SELL: 0.00, SellWeight: 3.00
Adjusted confidence - BUY: 0.00, SELL: 0.00 → HOLD @ 0.00
Filtering out VSEEW: confidence 0.00 below minimum 0.60
Raw confidence - BUY: 0.75, SELL: 0.65, SellWeight: 3.00
Adjusted confidence - BUY: 0.00, SELL: 1.20 → SELL @ 1.20
Penny stocks allowed for user6 - including BBAI (price: $7.22, market cap: $2676476928)
Skipping SELL recommendation for BBAI: not owned
Raw confidence - BUY: 0.75, SELL: 0.00, SellWeight: 3.00
Adjusted confidence - BUY: 0.75, SELL: 0.00 → BUY @ 0.75
Penny stocks allowed for user6 - including BURU (price: $0.48, market cap: $19671830)
Raw confidence - BUY: 0.00, SELL: 0.65, SellWeight: 3.00
Adjusted confidence - BUY: 0.00, SELL: 1.95 → SELL @ 1.95
Penny stocks allowed for user6 - including NXPLW (price: $0.06, market cap: $N/A)
Skipping SELL recommendation for NXPLW: not owned
Raw confidence - BUY: 0.00, SELL: 0.60, SellWeight: 3.00
Adjusted confidence - BUY: 0.00, SELL: 1.80 → SELL @ 1.80
Penny stocks allowed for user6 - including GCMGW (price: $0.22, market cap: $N/A)
Skipping SELL recommendation for GCMGW: not owned
Raw confidence - BUY: 0.00, SELL: 1.20, SellWeight: 3.00
Adjusted confidence - BUY: 0.00, SELL: 3.60 → SELL @ 3.60
Penny stocks allowed for user6 - including GWH (price: $4.16, market cap: $66646876)
Skipping SELL recommendation for GWH: not owned
Consolidated 6 recommendations with SellWeight=3.00
No sell candidates found
Checking profit-taking opportunities (threshold: 10.00%, volatility: 20.00%)
Profit-taking analysis completed: 0 opportunities found
Smart Analysis completed for user: user6. Generated 6 recommendations
Batch analysis completed for 1 users
Buy all smart recommendations requested by user: user6
Found 6 pending BUY recommendations
Portfolio cash: $100000.00
Total cost: $39885.13
Executing recommendation for NVDA: 56 shares
  Cash allocated: 10256.96 (type: <class 'decimal.Decimal'>)
  Current price: 183.16 (type: <class 'decimal.Decimal'>)
  Portfolio cash: 100000.00 (type: <class 'decimal.Decimal'>)
Successfully executed NVDA
Executing recommendation for BITF: 1450 shares
  Cash allocated: 6090.00 (type: <class 'decimal.Decimal'>)
  Current price: 4.20 (type: <class 'decimal.Decimal'>)
  Portfolio cash: 89732.78304 (type: <class 'decimal.Decimal'>)
Successfully executed BITF
Executing recommendation for BINI: 9668 shares
  Cash allocated: 6090.84 (type: <class 'decimal.Decimal'>)
  Current price: 0.63 (type: <class 'decimal.Decimal'>)
  Portfolio cash: 83636.69304 (type: <class 'decimal.Decimal'>)
Successfully executed BINI
Executing recommendation for CARM: 39578 shares
  Cash allocated: 6091.05 (type: <class 'decimal.Decimal'>)
  Current price: 0.15 (type: <class 'decimal.Decimal'>)
  Portfolio cash: 77539.76220 (type: <class 'decimal.Decimal'>)
Successfully executed CARM
Executing recommendation for BURU: 11949 shares
  Cash allocated: 5678.16 (type: <class 'decimal.Decimal'>)
  Current price: 0.48 (type: <class 'decimal.Decimal'>)
  Portfolio cash: 71597.12550 (type: <class 'decimal.Decimal'>)
Successfully executed BURU
Executing recommendation for STAI: 9085 shares
  Cash allocated: 5678.12 (type: <class 'decimal.Decimal'>)
  Current price: 0.62 (type: <class 'decimal.Decimal'>)
  Portfolio cash: 65855.86998 (type: <class 'decimal.Decimal'>)
Successfully executed STAI
Buy all completed: 6 executed, 0 failed
Returning response: {'success': True, 'executed_trades': [{'symbol': 'NVDA', 'shares': 56, 'cost': Decimal('10256.96'), 'trade_id': UUID('7d0d0497-b6d7-423b-b443-0f0503c78d23')}, {'symbol': 'BITF', 'shares': 1450, 'cost': Decimal('6090.00'), 'trade_id': UUID('badea53b-90df-40ac-83ac-77f7ca54a4ad')}, {'symbol': 'BINI', 'shares': 9668, 'cost': Decimal('6090.84'), 'trade_id': UUID('3a90129b-8fb8-41c3-9141-2c5aa46b5f5e')}, {'symbol': 'CARM', 'shares': 39578, 'cost': Decimal('6091.05'), 'trade_id': UUID('969a54d7-016a-4746-9134-29a0b6387d55')}, {'symbol': 'BURU', 'shares': 11949, 'cost': Decimal('5678.16'), 'trade_id': UUID('57825f01-0277-4713-8dc1-2c0bf1a50fd1')}, {'symbol': 'STAI', 'shares': 9085, 'cost': Decimal('5678.12'), 'trade_id': UUID('a21fd1bd-f6da-42ea-a71c-e1eb1888ab5b')}], 'failed_trades': [], 'total_executed': 6, 'total_failed': 0, 'total_cost': 39885.13}
Starting batch Smart Analysis for 1 users
Successfully retrieved market movers from Alpha Vantage
Found 15 market screening candidates: ['SQQQ', 'BITF', 'GWH', 'NVDA', 'BBAI', 'BURU', 'BNKKW', 'SOXS', 'VSEEW', 'HYAC+', 'SGBX', 'STAI', 'ONMDW', 'YYAI', 'YHGJ']
Found 10 additional Alpha Vantage candidates (top losers): ['ASPCR', 'NXPLW', 'CURIW', 'PXSAW', 'BINI', 'ADVWW', 'TIRX', 'CARM', 'GCMGW', 'TDIC']
Found 25 unique stocks to analyze across all users
Batch analyzing 25 unique stocks
Yahoo Finance validation passed for SQQQ
Error analyzing stock SQQQ: [<class 'decimal.InvalidOperation'>]
Skipping BITF - recent recommendations exist
Skipping GWH - recent recommendations exist
Skipping NXPLW - recent recommendations exist
Skipping TIRX - recent recommendations exist
Skipping NVDA - recent recommendations exist
Skipping BBAI - recent recommendations exist
Skipping ADVWW - recent recommendations exist
Skipping BURU - recent recommendations exist
Skipping BNKKW - recent recommendations exist
Skipping SOXS - recent recommendations exist
Skipping CARM - recent recommendations exist
Skipping VSEEW - recent recommendations exist
Skipping GCMGW - recent recommendations exist
Failed to get quote for HYAC+: No price data available for HYAC+
Yahoo Finance validation failed for HYAC+: Failed to fetch quote for HYAC+: No price data available for HYAC+
Skipping HYAC+ - not recognized by Yahoo Finance
Skipping ASPCR - recent recommendations exist
Skipping PXSAW - recent recommendations exist
Skipping SGBX - recent recommendations exist
Skipping STAI - recent recommendations exist
Skipping ONMDW - recent recommendations exist
Skipping YYAI - recent recommendations exist
Skipping CURIW - recent recommendations exist
Skipping BINI - recent recommendations exist
Skipping YHGJ - recent recommendations exist
Skipping TDIC - recent recommendations exist
Analyzing user user7 with existing recommendations
Found 15 market screening candidates: ['SQQQ', 'BITF', 'GWH', 'NVDA', 'BBAI', 'BURU', 'BNKKW', 'SOXS', 'VSEEW', 'HYAC+', 'SGBX', 'STAI', 'ONMDW', 'YYAI', 'YHGJ']
Found 10 additional Alpha Vantage candidates (top losers): ['ASPCR', 'NXPLW', 'CURIW', 'PXSAW', 'BINI', 'ADVWW', 'TIRX', 'CARM', 'GCMGW', 'TDIC']
Fetching real-time prices for 23 stocks
Updated BITF price in database: $4.2
Updated NXPLW price in database: $0.0572
Updated GWH price in database: $4.16
Updated TIRX price in database: $1.26
Updated NVDA price in database: $183.16
Updated BBAI price in database: $7.22
Updated ADVWW price in database: $0.0053
Updated BURU price in database: $0.4752
Updated BNKKW price in database: $0.06
Updated SOXS price in database: $4.94
Updated CARM price in database: $0.1539
Updated VSEEW price in database: $0.0275
Updated GCMGW price in database: $0.2241
Updated ASPCR price in database: $0.2
Updated PXSAW price in database: $0.0207
Updated SGBX price in database: $6.24
Updated STAI price in database: $0.625
Updated ONMDW price in database: $0.2099
Updated CURIW price in database: $0.003
Updated YYAI price in database: $0.1899
Updated BINI price in database: $0.63
Updated YHGJ price in database: $9.32
Updated TDIC price in database: $1.16
Successfully fetched and updated 23 real-time prices
Raw confidence - BUY: 0.75, SELL: 1.20, SellWeight: 3.00
Adjusted confidence - BUY: 0.00, SELL: 2.85 → SELL @ 2.85
Penny stocks allowed for user7 - including SGBX (price: $6.24, market cap: $3141677)
Skipping SELL recommendation for SGBX: not owned
Raw confidence - BUY: 0.00, SELL: 0.60, SellWeight: 3.00
Adjusted confidence - BUY: 0.00, SELL: 1.80 → SELL @ 1.80
Penny stocks allowed for user7 - including SOXS (price: $4.94, market cap: $N/A)
Skipping SELL recommendation for SOXS: not owned
Raw confidence - BUY: 0.00, SELL: 0.65, SellWeight: 3.00
Adjusted confidence - BUY: 0.00, SELL: 1.95 → SELL @ 1.95
Penny stocks allowed for user7 - including TIRX (price: $1.26, market cap: $30695402)
Skipping SELL recommendation for TIRX: not owned
Raw confidence - BUY: 0.75, SELL: 0.00, SellWeight: 3.00
Adjusted confidence - BUY: 0.75, SELL: 0.00 → BUY @ 0.75
Penny stocks allowed for user7 - including CARM (price: $0.15, market cap: $6431188)
Raw confidence - BUY: 0.00, SELL: 0.00, SellWeight: 3.00
Adjusted confidence - BUY: 0.00, SELL: 0.00 → HOLD @ 0.00
Filtering out ASPCR: confidence 0.00 below minimum 0.60
Raw confidence - BUY: 0.00, SELL: 0.65, SellWeight: 3.00
Adjusted confidence - BUY: 0.00, SELL: 1.95 → SELL @ 1.95
Penny stocks allowed for user7 - including PXSAW (price: $0.02, market cap: $N/A)
Skipping SELL recommendation for PXSAW: not owned
Raw confidence - BUY: 0.75, SELL: 0.65, SellWeight: 3.00
Adjusted confidence - BUY: 0.00, SELL: 1.20 → SELL @ 1.20
Penny stocks allowed for user7 - including TDIC (price: $1.16, market cap: $35960000)
Skipping SELL recommendation for TDIC: not owned
Raw confidence - BUY: 0.00, SELL: 0.00, SellWeight: 3.00
Adjusted confidence - BUY: 0.00, SELL: 0.00 → HOLD @ 0.00
Filtering out BNKKW: confidence 0.00 below minimum 0.60
Raw confidence - BUY: 0.75, SELL: 0.00, SellWeight: 3.00
Adjusted confidence - BUY: 0.75, SELL: 0.00 → BUY @ 0.75
Penny stocks allowed for user7 - including STAI (price: $0.62, market cap: $40304768)
Raw confidence - BUY: 0.00, SELL: 0.65, SellWeight: 3.00
Adjusted confidence - BUY: 0.00, SELL: 1.95 → SELL @ 1.95
Penny stocks allowed for user7 - including ONMDW (price: $0.21, market cap: $N/A)
Skipping SELL recommendation for ONMDW: not owned
Raw confidence - BUY: 0.00, SELL: 0.00, SellWeight: 3.00
Adjusted confidence - BUY: 0.00, SELL: 0.00 → HOLD @ 0.00
Filtering out CURIW: confidence 0.00 below minimum 0.60
Raw confidence - BUY: 0.00, SELL: 0.00, SellWeight: 3.00
Adjusted confidence - BUY: 0.00, SELL: 0.00 → HOLD @ 0.00
Filtering out YHGJ: confidence 0.00 below minimum 0.60
Raw confidence - BUY: 0.75, SELL: 0.00, SellWeight: 3.00
Adjusted confidence - BUY: 0.75, SELL: 0.00 → BUY @ 0.75
Penny stocks allowed for user7 - including BINI (price: $0.63, market cap: $318835)
Raw confidence - BUY: 0.00, SELL: 1.25, SellWeight: 3.00
Adjusted confidence - BUY: 0.00, SELL: 3.75 → SELL @ 3.75
Penny stocks allowed for user7 - including ADVWW (price: $0.01, market cap: $N/A)
Skipping SELL recommendation for ADVWW: not owned
Raw confidence - BUY: 0.00, SELL: 0.60, SellWeight: 3.00
Adjusted confidence - BUY: 0.00, SELL: 1.80 → SELL @ 1.80
Penny stocks allowed for user7 - including YYAI (price: $0.19, market cap: $2621343)
Skipping SELL recommendation for YYAI: not owned
Raw confidence - BUY: 0.75, SELL: 0.00, SellWeight: 3.00
Adjusted confidence - BUY: 0.75, SELL: 0.00 → BUY @ 0.75
Penny stocks allowed for user7 - including BITF (price: $4.20, market cap: $2320918272)
Raw confidence - BUY: 2.10, SELL: 0.00, SellWeight: 3.00
Adjusted confidence - BUY: 2.10, SELL: 0.00 → BUY @ 2.10
Penny stocks allowed for user7 - including NVDA (price: $183.16, market cap: $4329385492000)
Raw confidence - BUY: 0.00, SELL: 0.00, SellWeight: 3.00
Adjusted confidence - BUY: 0.00, SELL: 0.00 → HOLD @ 0.00
Filtering out VSEEW: confidence 0.00 below minimum 0.60
Raw confidence - BUY: 0.75, SELL: 0.65, SellWeight: 3.00
Adjusted confidence - BUY: 0.00, SELL: 1.20 → SELL @ 1.20
Penny stocks allowed for user7 - including BBAI (price: $7.22, market cap: $2676476928)
Skipping SELL recommendation for BBAI: not owned
Raw confidence - BUY: 0.75, SELL: 0.00, SellWeight: 3.00
Adjusted confidence - BUY: 0.75, SELL: 0.00 → BUY @ 0.75
Penny stocks allowed for user7 - including BURU (price: $0.48, market cap: $19671830)
Raw confidence - BUY: 0.00, SELL: 0.65, SellWeight: 3.00
Adjusted confidence - BUY: 0.00, SELL: 1.95 → SELL @ 1.95
Penny stocks allowed for user7 - including NXPLW (price: $0.06, market cap: $N/A)
Skipping SELL recommendation for NXPLW: not owned
Raw confidence - BUY: 0.00, SELL: 0.60, SellWeight: 3.00
Adjusted confidence - BUY: 0.00, SELL: 1.80 → SELL @ 1.80
Penny stocks allowed for user7 - including GCMGW (price: $0.22, market cap: $N/A)
Skipping SELL recommendation for GCMGW: not owned
Raw confidence - BUY: 0.00, SELL: 1.20, SellWeight: 3.00
Adjusted confidence - BUY: 0.00, SELL: 3.60 → SELL @ 3.60
Penny stocks allowed for user7 - including GWH (price: $4.16, market cap: $66646876)
Skipping SELL recommendation for GWH: not owned
Consolidated 6 recommendations with SellWeight=3.00
No sell candidates found
Checking profit-taking opportunities (threshold: 10.00%, volatility: 20.00%)
Profit-taking analysis completed: 0 opportunities found
Smart Analysis completed for user: user7. Generated 6 recommendations
Batch analysis completed for 1 users
Buy all smart recommendations requested by user: user7
Found 6 pending BUY recommendations
Portfolio cash: $100000.00
Total cost: $39885.13
Executing recommendation for NVDA: 56 shares
  Cash allocated: 10256.96 (type: <class 'decimal.Decimal'>)
  Current price: 183.16 (type: <class 'decimal.Decimal'>)
  Portfolio cash: 100000.00 (type: <class 'decimal.Decimal'>)
Successfully executed NVDA
Executing recommendation for BITF: 1450 shares
  Cash allocated: 6090.00 (type: <class 'decimal.Decimal'>)
  Current price: 4.20 (type: <class 'decimal.Decimal'>)
  Portfolio cash: 89732.78304 (type: <class 'decimal.Decimal'>)
Successfully executed BITF
Executing recommendation for BINI: 9668 shares
  Cash allocated: 6090.84 (type: <class 'decimal.Decimal'>)
  Current price: 0.63 (type: <class 'decimal.Decimal'>)
  Portfolio cash: 83636.69304 (type: <class 'decimal.Decimal'>)
Successfully executed BINI
Executing recommendation for CARM: 39578 shares
  Cash allocated: 6091.05 (type: <class 'decimal.Decimal'>)
  Current price: 0.15 (type: <class 'decimal.Decimal'>)
  Portfolio cash: 77539.76220 (type: <class 'decimal.Decimal'>)
Successfully executed CARM
Executing recommendation for BURU: 11949 shares
  Cash allocated: 5678.16 (type: <class 'decimal.Decimal'>)
  Current price: 0.48 (type: <class 'decimal.Decimal'>)
  Portfolio cash: 71597.12550 (type: <class 'decimal.Decimal'>)
Successfully executed BURU
Executing recommendation for STAI: 9085 shares
  Cash allocated: 5678.12 (type: <class 'decimal.Decimal'>)
  Current price: 0.62 (type: <class 'decimal.Decimal'>)
  Portfolio cash: 65855.86998 (type: <class 'decimal.Decimal'>)
Successfully executed STAI
Buy all completed: 6 executed, 0 failed
Returning response: {'success': True, 'executed_trades': [{'symbol': 'NVDA', 'shares': 56, 'cost': Decimal('10256.96'), 'trade_id': UUID('136daac1-4544-4723-ac03-8203877f491d')}, {'symbol': 'BITF', 'shares': 1450, 'cost': Decimal('6090.00'), 'trade_id': UUID('fb9dd158-24c2-41c3-98ae-9a28dd9e27b1')}, {'symbol': 'BINI', 'shares': 9668, 'cost': Decimal('6090.84'), 'trade_id': UUID('e166cb69-04a4-4223-b245-17d64f4103ca')}, {'symbol': 'CARM', 'shares': 39578, 'cost': Decimal('6091.05'), 'trade_id': UUID('7092aaa7-8347-485f-9362-d5da83708ea7')}, {'symbol': 'BURU', 'shares': 11949, 'cost': Decimal('5678.16'), 'trade_id': UUID('9f2cf403-c571-4776-a0c5-21747cab543f')}, {'symbol': 'STAI', 'shares': 9085, 'cost': Decimal('5678.12'), 'trade_id': UUID('7f8f16e2-c10a-4c51-aa8b-aea3a7800807')}], 'failed_trades': [], 'total_executed': 6, 'total_failed': 0, 'total_cost': 39885.13}
Successfully retrieved market movers from Alpha Vantage
FMP API request failed: https://financialmodelingprep.com/stable/stock-screener - 404 Client Error: Not Found for url: https://financialmodelingprep.com/stable/stock-screener?marketCapMoreThan=100000000&peMoreThan=5&peLessThan=25&priceMoreThan=5&priceLessThan=200&betaMoreThan=0.3&betaLessThan=1.8&limit=10&apikey=ynOKFYxumAVxrcJAGhzuN4ZBjCtQcbR7
Fundamental screening failed: 404 Client Error: Not Found for url: https://financialmodelingprep.com/stable/stock-screener?marketCapMoreThan=100000000&peMoreThan=5&peLessThan=25&priceMoreThan=5&priceLessThan=200&betaMoreThan=0.3&betaLessThan=1.8&limit=10&apikey=ynOKFYxumAVxrcJAGhzuN4ZBjCtQcbR7
FMP API request failed: https://financialmodelingprep.com/stable/stock-screener - 404 Client Error: Not Found for url: https://financialmodelingprep.com/stable/stock-screener?marketCapMoreThan=50000000&peMoreThan=10&peLessThan=50&priceMoreThan=10&priceLessThan=150&sector=Technology&limit=8&apikey=ynOKFYxumAVxrcJAGhzuN4ZBjCtQcbR7
Growth screening failed: 404 Client Error: Not Found for url: https://financialmodelingprep.com/stable/stock-screener?marketCapMoreThan=50000000&peMoreThan=10&peLessThan=50&priceMoreThan=10&priceLessThan=150&sector=Technology&limit=8&apikey=ynOKFYxumAVxrcJAGhzuN4ZBjCtQcbR7
FMP API request failed: https://financialmodelingprep.com/stable/stock-screener - 404 Client Error: Not Found for url: https://financialmodelingprep.com/stable/stock-screener?marketCapMoreThan=200000000&peMoreThan=3&peLessThan=15&priceMoreThan=5&priceLessThan=100&pbMoreThan=0.5&pbLessThan=2&limit=8&apikey=ynOKFYxumAVxrcJAGhzuN4ZBjCtQcbR7
Value screening failed: 404 Client Error: Not Found for url: https://financialmodelingprep.com/stable/stock-screener?marketCapMoreThan=200000000&peMoreThan=3&peLessThan=15&priceMoreThan=5&priceLessThan=100&pbMoreThan=0.5&pbLessThan=2&limit=8&apikey=ynOKFYxumAVxrcJAGhzuN4ZBjCtQcbR7
FMP API request failed: https://financialmodelingprep.com/stable/stock-screener - 404 Client Error: Not Found for url: https://financialmodelingprep.com/stable/stock-screener?marketCapMoreThan=1000000000&dividendMoreThan=2&dividendLessThan=8&priceMoreThan=10&priceLessThan=200&peMoreThan=8&peLessThan=20&limit=6&apikey=ynOKFYxumAVxrcJAGhzuN4ZBjCtQcbR7
Dividend screening failed: 404 Client Error: Not Found for url: https://financialmodelingprep.com/stable/stock-screener?marketCapMoreThan=1000000000&dividendMoreThan=2&dividendLessThan=8&priceMoreThan=10&priceLessThan=200&peMoreThan=8&peLessThan=20&limit=6&apikey=ynOKFYxumAVxrcJAGhzuN4ZBjCtQcbR7
Enhanced discovery found 15 unique stocks
FMP API request failed: https://financialmodelingprep.com/stable/stock/list - 404 Client Error: Not Found for url: https://financialmodelingprep.com/stable/stock/list?apikey=ynOKFYxumAVxrcJAGhzuN4ZBjCtQcbR7
FMP API request failed: https://financialmodelingprep.com/stable/gainers - 404 Client Error: Not Found for url: https://financialmodelingprep.com/stable/gainers?apikey=ynOKFYxumAVxrcJAGhzuN4ZBjCtQcbR7
FMP API request failed: https://financialmodelingprep.com/stable/losers - 404 Client Error: Not Found for url: https://financialmodelingprep.com/stable/losers?apikey=ynOKFYxumAVxrcJAGhzuN4ZBjCtQcbR7
FMP API request failed: https://financialmodelingprep.com/stable/most-active - 404 Client Error: Not Found for url: https://financialmodelingprep.com/stable/most-active?apikey=ynOKFYxumAVxrcJAGhzuN4ZBjCtQcbR7
Successfully retrieved market movers from Alpha Vantage
Sector discovery found 0 stocks
High volume stocks found 6 stocks
Database discovery found 12 stocks
Enhanced discovery found 20 unique stocks
Starting batch Smart Analysis for 1 users
Best-buy-only mode: Skipping existing holdings analysis
Successfully retrieved market movers from Alpha Vantage
Found 15 Alpha Vantage candidates: ['STAI', 'YYAI', 'QNRX', 'VSEEW', 'GWH+', 'BURU', 'BITF', 'SGBX', 'SQQQ', 'ONMDW', 'YHGJ', 'BBAI', 'TSLL', 'GWH', 'SOXS']
Best-buy-only mode: Skipping sell candidates analysis
Found 10 additional Alpha Vantage candidates (top losers): ['NXPLW', 'ADVWW', 'BINI', 'PXSAW', 'TIRX', 'GCMGW', 'ASPCR', 'TDIC', 'CARM', 'CURIW']
Found 25 unique stocks to analyze across all users
Batch analyzing 25 unique stocks
Skipping STAI - recent recommendations exist
Skipping BINI - recent recommendations exist
Skipping YYAI - recent recommendations exist
Skipping ASPCR - recent recommendations exist
Skipping QNRX - recent recommendations exist
Skipping VSEEW - recent recommendations exist
Failed to get quote for GWH+: No price data available for GWH+
Yahoo Finance validation failed for GWH+: Failed to fetch quote for GWH+: No price data available for GWH+
Skipping GWH+ - not recognized by Yahoo Finance
Skipping PXSAW - recent recommendations exist
Skipping TIRX - recent recommendations exist
Skipping BURU - recent recommendations exist
Skipping BITF - recent recommendations exist
Skipping SGBX - recent recommendations exist
Yahoo Finance validation passed for SQQQ
Error analyzing stock SQQQ: [<class 'decimal.InvalidOperation'>]
Skipping ONMDW - recent recommendations exist
Skipping NXPLW - recent recommendations exist
Skipping YHGJ - recent recommendations exist
Skipping GCMGW - recent recommendations exist
Skipping BBAI - recent recommendations exist
Skipping TSLL - recent recommendations exist
Skipping GWH - recent recommendations exist
Skipping SOXS - recent recommendations exist
Skipping CARM - recent recommendations exist
Skipping CURIW - recent recommendations exist
Skipping ADVWW - recent recommendations exist
Skipping TDIC - recent recommendations exist
Analyzing user user7 with existing recommendations
Best-buy-only mode: Skipping existing holdings analysis
Found 15 Alpha Vantage candidates: ['STAI', 'YYAI', 'QNRX', 'VSEEW', 'GWH+', 'BURU', 'BITF', 'SGBX', 'SQQQ', 'ONMDW', 'YHGJ', 'BBAI', 'TSLL', 'GWH', 'SOXS']
Best-buy-only mode: Skipping sell candidates analysis
Found 10 additional Alpha Vantage candidates (top losers): ['NXPLW', 'ADVWW', 'BINI', 'PXSAW', 'TIRX', 'GCMGW', 'ASPCR', 'TDIC', 'CARM', 'CURIW']
Fetching real-time prices for 23 stocks
Updated STAI price in database: $0.625
Updated BINI price in database: $0.63
Updated YYAI price in database: $0.1899
Updated ASPCR price in database: $0.2
Updated QNRX price in database: $20.5
Updated VSEEW price in database: $0.0275
Updated PXSAW price in database: $0.0207
Updated TIRX price in database: $1.26
Updated BURU price in database: $0.4752
Updated BITF price in database: $4.2
Updated SGBX price in database: $6.24
Updated ONMDW price in database: $0.2099
Updated NXPLW price in database: $0.0572
Updated YHGJ price in database: $9.32
Updated GCMGW price in database: $0.2241
Updated TSLL price in database: $17.96
Updated BBAI price in database: $7.22
Updated GWH price in database: $4.16
Updated SOXS price in database: $4.94
Updated CARM price in database: $0.1539
Updated CURIW price in database: $0.003
Updated ADVWW price in database: $0.0053
Updated TDIC price in database: $1.16
Successfully fetched and updated 23 real-time prices
Raw confidence - BUY: 0.75, SELL: 1.20, SellWeight: 3.00
Adjusted confidence - BUY: 0.00, SELL: 2.85 → SELL @ 2.85
Penny stocks allowed for user7 - including SGBX (price: $6.24, market cap: $3141677)
Skipping SELL recommendation for SGBX: not owned
Raw confidence - BUY: 1.50, SELL: 0.60, SellWeight: 3.00
Adjusted confidence - BUY: 0.00, SELL: 0.30 → SELL @ 0.30
Filtering out QNRX: confidence 0.30 below minimum 0.60
Raw confidence - BUY: 0.00, SELL: 0.60, SellWeight: 3.00
Adjusted confidence - BUY: 0.00, SELL: 1.80 → SELL @ 1.80
Penny stocks allowed for user7 - including SOXS (price: $4.94, market cap: $N/A)
Skipping SELL recommendation for SOXS: not owned
Raw confidence - BUY: 0.00, SELL: 0.65, SellWeight: 3.00
Adjusted confidence - BUY: 0.00, SELL: 1.95 → SELL @ 1.95
Penny stocks allowed for user7 - including TIRX (price: $1.26, market cap: $30695402)
Skipping SELL recommendation for TIRX: not owned
Raw confidence - BUY: 0.75, SELL: 0.00, SellWeight: 3.00
Adjusted confidence - BUY: 0.75, SELL: 0.00 → BUY @ 0.75
Penny stocks allowed for user7 - including CARM (price: $0.15, market cap: $6431188)
Raw confidence - BUY: 0.00, SELL: 0.00, SellWeight: 3.00
Adjusted confidence - BUY: 0.00, SELL: 0.00 → HOLD @ 0.00
Filtering out ASPCR: confidence 0.00 below minimum 0.60
Raw confidence - BUY: 0.00, SELL: 0.65, SellWeight: 3.00
Adjusted confidence - BUY: 0.00, SELL: 1.95 → SELL @ 1.95
Penny stocks allowed for user7 - including PXSAW (price: $0.02, market cap: $N/A)
Skipping SELL recommendation for PXSAW: not owned
Raw confidence - BUY: 0.75, SELL: 0.65, SellWeight: 3.00
Adjusted confidence - BUY: 0.00, SELL: 1.20 → SELL @ 1.20
Penny stocks allowed for user7 - including TDIC (price: $1.16, market cap: $35960000)
Skipping SELL recommendation for TDIC: not owned
Raw confidence - BUY: 0.75, SELL: 0.00, SellWeight: 3.00
Adjusted confidence - BUY: 0.75, SELL: 0.00 → BUY @ 0.75
Penny stocks allowed for user7 - including STAI (price: $0.62, market cap: $40304768)
Raw confidence - BUY: 0.00, SELL: 0.65, SellWeight: 3.00
Adjusted confidence - BUY: 0.00, SELL: 1.95 → SELL @ 1.95
Penny stocks allowed for user7 - including ONMDW (price: $0.21, market cap: $N/A)
Skipping SELL recommendation for ONMDW: not owned
Raw confidence - BUY: 0.00, SELL: 0.00, SellWeight: 3.00
Adjusted confidence - BUY: 0.00, SELL: 0.00 → HOLD @ 0.00
Filtering out CURIW: confidence 0.00 below minimum 0.60
Raw confidence - BUY: 0.00, SELL: 0.00, SellWeight: 3.00
Adjusted confidence - BUY: 0.00, SELL: 0.00 → HOLD @ 0.00
Filtering out YHGJ: confidence 0.00 below minimum 0.60
Raw confidence - BUY: 0.75, SELL: 0.00, SellWeight: 3.00
Adjusted confidence - BUY: 0.75, SELL: 0.00 → BUY @ 0.75
Penny stocks allowed for user7 - including BINI (price: $0.63, market cap: $318835)
Raw confidence - BUY: 0.00, SELL: 1.25, SellWeight: 3.00
Adjusted confidence - BUY: 0.00, SELL: 3.75 → SELL @ 3.75
Penny stocks allowed for user7 - including ADVWW (price: $0.01, market cap: $N/A)
Skipping SELL recommendation for ADVWW: not owned
Raw confidence - BUY: 0.00, SELL: 0.60, SellWeight: 3.00
Adjusted confidence - BUY: 0.00, SELL: 1.80 → SELL @ 1.80
Penny stocks allowed for user7 - including YYAI (price: $0.19, market cap: $2621343)
Skipping SELL recommendation for YYAI: not owned
Raw confidence - BUY: 0.75, SELL: 0.00, SellWeight: 3.00
Adjusted confidence - BUY: 0.75, SELL: 0.00 → BUY @ 0.75
Penny stocks allowed for user7 - including BITF (price: $4.20, market cap: $2320918272)
Raw confidence - BUY: 0.00, SELL: 0.00, SellWeight: 3.00
Adjusted confidence - BUY: 0.00, SELL: 0.00 → HOLD @ 0.00
Filtering out TSLL: confidence 0.00 below minimum 0.60
Raw confidence - BUY: 0.00, SELL: 0.00, SellWeight: 3.00
Adjusted confidence - BUY: 0.00, SELL: 0.00 → HOLD @ 0.00
Filtering out VSEEW: confidence 0.00 below minimum 0.60
Raw confidence - BUY: 0.75, SELL: 0.65, SellWeight: 3.00
Adjusted confidence - BUY: 0.00, SELL: 1.20 → SELL @ 1.20
Penny stocks allowed for user7 - including BBAI (price: $7.22, market cap: $2676476928)
Skipping SELL recommendation for BBAI: not owned
Raw confidence - BUY: 0.75, SELL: 0.00, SellWeight: 3.00
Adjusted confidence - BUY: 0.75, SELL: 0.00 → BUY @ 0.75
Penny stocks allowed for user7 - including BURU (price: $0.48, market cap: $19671830)
Raw confidence - BUY: 0.00, SELL: 0.65, SellWeight: 3.00
Adjusted confidence - BUY: 0.00, SELL: 1.95 → SELL @ 1.95
Penny stocks allowed for user7 - including NXPLW (price: $0.06, market cap: $N/A)
Skipping SELL recommendation for NXPLW: not owned
Raw confidence - BUY: 0.00, SELL: 0.60, SellWeight: 3.00
Adjusted confidence - BUY: 0.00, SELL: 1.80 → SELL @ 1.80
Penny stocks allowed for user7 - including GCMGW (price: $0.22, market cap: $N/A)
Skipping SELL recommendation for GCMGW: not owned
Raw confidence - BUY: 0.00, SELL: 1.20, SellWeight: 3.00
Adjusted confidence - BUY: 0.00, SELL: 3.60 → SELL @ 3.60
Penny stocks allowed for user7 - including GWH (price: $4.16, market cap: $66646876)
Skipping SELL recommendation for GWH: not owned
Consolidated 5 recommendations with SellWeight=3.00
No sell candidates found
Checking profit-taking opportunities (threshold: 10.00%, volatility: 20.00%)
NVDA: Recent gain: 0.0%, Volatility: 20.0%
✗ NVDA: Gain 0.0% or volatility 20.0% below thresholds
BITF: Recent gain: 0.0%, Volatility: 25.0%
✗ BITF: Gain 0.0% or volatility 25.0% below thresholds
BINI: Recent gain: 0.0%, Volatility: 30.0%
✗ BINI: Gain 0.0% or volatility 30.0% below thresholds
CARM: Recent gain: 0.0%, Volatility: 30.0%
✗ CARM: Gain 0.0% or volatility 30.0% below thresholds
BURU: Recent gain: 0.0%, Volatility: 30.0%
✗ BURU: Gain 0.0% or volatility 30.0% below thresholds
STAI: Recent gain: 0.0%, Volatility: 30.0%
✗ STAI: Gain 0.0% or volatility 30.0% below thresholds
Profit-taking analysis completed: 0 opportunities found
Smart Analysis completed for user: user7. Generated 0 recommendations
Batch analysis completed for 1 users
FMP API request failed: https://financialmodelingprep.com/stable/company-screener - 402 Client Error: Payment Required for url: https://financialmodelingprep.com/stable/company-screener?marketCapMoreThan=100000000&priceMoreThan=5&priceLessThan=100&limit=10&apikey=ynOKFYxumAVxrcJAGhzuN4ZBjCtQcbR7
FMP API request failed: https://financialmodelingprep.com/stable/company-screener - 402 Client Error: Payment Required for url: https://financialmodelingprep.com/stable/company-screener?sector=Technology&marketCapMoreThan=50000000&peMoreThan=5&peLessThan=30&limit=5&apikey=ynOKFYxumAVxrcJAGhzuN4ZBjCtQcbR7
Found 8 undervalued growth stocks
Found 6 undervalued large cap stocks
Found 6 most active stocks
Yahoo Finance discovery found 15 unique stocks
Starting batch Smart Analysis for 1 users
Best-buy-only mode: Skipping existing holdings analysis
Successfully retrieved market movers from Alpha Vantage
Alpha Vantage found 14 candidates
Found 8 undervalued growth stocks
Found 6 undervalued large cap stocks
Found 6 most active stocks
Yahoo Finance discovery found 12 unique stocks
Yahoo Finance found 12 candidates
Found 20 total candidates: ['ZION', 'WES', 'BNKKW', 'YPF', 'SOXS', 'XYZ', 'QNRX', 'SGBX', 'WPP', 'WSBF', 'XPEV', 'XP', 'XNET', 'GWH+', 'GWH', 'YYAI', 'YHGJ', 'UTHR', 'WSR', 'BURU']
Alpha Vantage: 14, Yahoo Finance: 12
Best-buy-only mode: Skipping sell candidates analysis
Found 10 additional Alpha Vantage candidates (top losers): ['NXPLW', 'CARM', 'ADVWW', 'TIRX', 'PXSAW', 'GCMGW', 'BINI', 'ASPCR', 'TDIC', 'CURIW']
Found 30 unique stocks to analyze across all users
Batch analyzing 30 unique stocks
Yahoo Finance validation passed for ZION
Yahoo Finance validation passed for ZION
Updated quote for ZION: $52.35
Successfully created and updated stock: ZION
Getting recommendations for ZION
Price target endpoint failed (403), using recommendation data
Finnhub recommendation for ZION: BUY
Gemini recommendation for ZION: HOLD
Polygon recommendation for ZION: BUY
FMP API error for ZION: 402 Client Error: Payment Required for url: https://financialmodelingprep.com/stable/analyst-estimates?symbol=ZION&apikey=ynOKFYxumAVxrcJAGhzuN4ZBjCtQcbR7
Enhanced Yahoo recommendation for ZION: STRONG_BUY
Generated 4 recommendations for ZION
Yahoo Finance validation passed for WES
Yahoo Finance validation passed for WES
Updated quote for WES: $37.26
Successfully created and updated stock: WES
Getting recommendations for WES
Price target endpoint failed (403), using recommendation data
Finnhub recommendation for WES: BUY
Gemini recommendation for WES: BUY
Polygon recommendation for WES: BUY
FMP API error for WES: 402 Client Error: Payment Required for url: https://financialmodelingprep.com/stable/analyst-estimates?symbol=WES&apikey=ynOKFYxumAVxrcJAGhzuN4ZBjCtQcbR7
Enhanced Yahoo recommendation for WES: BUY
Generated 4 recommendations for WES
Skipping BNKKW - recent recommendations exist
Yahoo Finance validation passed for YPF
Yahoo Finance validation passed for YPF
Updated quote for YPF: $26.42
Successfully created and updated stock: YPF
Getting recommendations for YPF
Price target endpoint failed (403), using recommendation data
Finnhub recommendation for YPF: STRONG_BUY
Gemini recommendation for YPF: BUY
Polygon recommendation for YPF: BUY
FMP API error for YPF: 402 Client Error: Payment Required for url: https://financialmodelingprep.com/stable/analyst-estimates?symbol=YPF&apikey=ynOKFYxumAVxrcJAGhzuN4ZBjCtQcbR7
Enhanced Yahoo recommendation for YPF: STRONG_BUY
Generated 4 recommendations for YPF
Skipping TIRX - recent recommendations exist
Skipping BINI - recent recommendations exist
Skipping SOXS - recent recommendations exist
Skipping ASPCR - recent recommendations exist
Yahoo Finance validation passed for XYZ
Yahoo Finance validation passed for XYZ
Updated quote for XYZ: $74.67
Successfully created and updated stock: XYZ
Getting recommendations for XYZ
Price target endpoint failed (403), using recommendation data
Finnhub recommendation for XYZ: BUY
Gemini recommendation for XYZ: BUY
Polygon recommendation for XYZ: HOLD
FMP API error for XYZ: 402 Client Error: Payment Required for url: https://financialmodelingprep.com/stable/analyst-estimates?symbol=XYZ&apikey=ynOKFYxumAVxrcJAGhzuN4ZBjCtQcbR7
Enhanced Yahoo recommendation for XYZ: BUY
Generated 4 recommendations for XYZ
Skipping QNRX - recent recommendations exist
Skipping SGBX - recent recommendations exist
Yahoo Finance validation passed for WPP
Yahoo Finance validation passed for WPP
Updated quote for WPP: $22.54
Successfully created and updated stock: WPP
Getting recommendations for WPP
Price target endpoint failed (403), using recommendation data
Finnhub recommendation for WPP: HOLD
Gemini recommendation for WPP: HOLD
Polygon recommendation for WPP: HOLD
FMP API error for WPP: 402 Client Error: Payment Required for url: https://financialmodelingprep.com/stable/analyst-estimates?symbol=WPP&apikey=ynOKFYxumAVxrcJAGhzuN4ZBjCtQcbR7
Enhanced Yahoo recommendation for WPP: HOLD
Generated 4 recommendations for WPP
Yahoo Finance validation passed for WSBF
Yahoo Finance validation passed for WSBF
Updated quote for WSBF: $14.63
Successfully created and updated stock: WSBF
Getting recommendations for WSBF
Price target endpoint failed (403), using recommendation data
Finnhub recommendation for WSBF: HOLD
Gemini recommendation for WSBF: HOLD
Polygon recommendation for WSBF: BUY
FMP API error for WSBF: 402 Client Error: Payment Required for url: https://financialmodelingprep.com/stable/analyst-estimates?symbol=WSBF&apikey=ynOKFYxumAVxrcJAGhzuN4ZBjCtQcbR7
Enhanced Yahoo recommendation for WSBF: BUY
Generated 4 recommendations for WSBF
Skipping CARM - recent recommendations exist
Yahoo Finance validation passed for XPEV
Yahoo Finance validation passed for XPEV
Updated quote for XPEV: $21.02
Successfully created and updated stock: XPEV
Getting recommendations for XPEV
Price target endpoint failed (403), using recommendation data
Finnhub recommendation for XPEV: BUY
Gemini recommendation for XPEV: BUY
Polygon recommendation for XPEV: BUY
FMP API error for XPEV: 402 Client Error: Payment Required for url: https://financialmodelingprep.com/stable/analyst-estimates?symbol=XPEV&apikey=ynOKFYxumAVxrcJAGhzuN4ZBjCtQcbR7
Enhanced Yahoo recommendation for XPEV: BUY
Generated 4 recommendations for XPEV
Yahoo Finance validation passed for XP
Yahoo Finance validation passed for XP
Updated quote for XP: $15.81
Successfully created and updated stock: XP
Getting recommendations for XP
Price target endpoint failed (403), using recommendation data
Finnhub recommendation for XP: STRONG_BUY
Gemini recommendation for XP: BUY
Polygon recommendation for XP: HOLD
FMP API error for XP: 402 Client Error: Payment Required for url: https://financialmodelingprep.com/stable/analyst-estimates?symbol=XP&apikey=ynOKFYxumAVxrcJAGhzuN4ZBjCtQcbR7
Enhanced Yahoo recommendation for XP: STRONG_BUY
Generated 4 recommendations for XP
Skipping PXSAW - recent recommendations exist
Yahoo Finance validation passed for XNET
Yahoo Finance validation passed for XNET
Updated quote for XNET: $8.48
Successfully created and updated stock: XNET
Getting recommendations for XNET
Price target endpoint failed (403), using recommendation data
Finnhub recommendation for XNET: HOLD
Gemini recommendation for XNET: BUY
Polygon recommendation for XNET: BUY
FMP API error for XNET: 402 Client Error: Payment Required for url: https://financialmodelingprep.com/stable/analyst-estimates?symbol=XNET&apikey=ynOKFYxumAVxrcJAGhzuN4ZBjCtQcbR7
Enhanced Yahoo recommendation for XNET: STRONG_BUY
Generated 4 recommendations for XNET
Skipping CURIW - recent recommendations exist
Failed to get quote for GWH+: No price data available for GWH+
Yahoo Finance validation failed for GWH+: Failed to fetch quote for GWH+: No price data available for GWH+
Skipping GWH+ - not recognized by Yahoo Finance
Skipping GWH - recent recommendations exist
Skipping YYAI - recent recommendations exist
Skipping YHGJ - recent recommendations exist
Yahoo Finance validation passed for UTHR
Yahoo Finance validation passed for UTHR
Updated quote for UTHR: $440.0
Successfully created and updated stock: UTHR
Getting recommendations for UTHR
Price target endpoint failed (403), using recommendation data
Finnhub recommendation for UTHR: BUY
Gemini recommendation for UTHR: BUY
Polygon recommendation for UTHR: BUY
FMP API error for UTHR: 402 Client Error: Payment Required for url: https://financialmodelingprep.com/stable/analyst-estimates?symbol=UTHR&apikey=ynOKFYxumAVxrcJAGhzuN4ZBjCtQcbR7
Enhanced Yahoo recommendation for UTHR: BUY
Generated 4 recommendations for UTHR
Skipping ADVWW - recent recommendations exist
Yahoo Finance validation passed for WSR
Yahoo Finance validation passed for WSR
Updated quote for WSR: $11.46
Successfully created and updated stock: WSR
Getting recommendations for WSR
Price target endpoint failed (403), using recommendation data
Finnhub recommendation for WSR: BUY
Gemini recommendation for WSR: BUY
Polygon recommendation for WSR: HOLD
FMP API error for WSR: 402 Client Error: Payment Required for url: https://financialmodelingprep.com/stable/analyst-estimates?symbol=WSR&apikey=ynOKFYxumAVxrcJAGhzuN4ZBjCtQcbR7
Enhanced Yahoo recommendation for WSR: HOLD
Generated 4 recommendations for WSR
Skipping BURU - recent recommendations exist
Skipping GCMGW - recent recommendations exist
Skipping TDIC - recent recommendations exist
Skipping NXPLW - recent recommendations exist
Analyzing user user7 with existing recommendations
Best-buy-only mode: Skipping existing holdings analysis
Successfully retrieved market movers from Alpha Vantage
Alpha Vantage found 14 candidates
Yahoo Finance discovery found 12 unique stocks
Yahoo Finance found 12 candidates
Found 20 total candidates: ['ZION', 'WES', 'BNKKW', 'YPF', 'SOXS', 'XYZ', 'QNRX', 'SGBX', 'WPP', 'WSBF', 'XPEV', 'XP', 'XNET', 'GWH+', 'GWH', 'YYAI', 'YHGJ', 'UTHR', 'WSR', 'BURU']
Alpha Vantage: 14, Yahoo Finance: 12
Best-buy-only mode: Skipping sell candidates analysis
Found 10 additional Alpha Vantage candidates (top losers): ['NXPLW', 'CARM', 'ADVWW', 'TIRX', 'PXSAW', 'GCMGW', 'BINI', 'ASPCR', 'TDIC', 'CURIW']
Fetching real-time prices for 29 stocks
Updated ZION price in database: $52.35
Updated WES price in database: $37.26
Updated BNKKW price in database: $0.06
Updated YPF price in database: $26.42
Updated TIRX price in database: $1.26
Updated BINI price in database: $0.63
Updated SOXS price in database: $4.94
Updated ASPCR price in database: $0.2
Updated XYZ price in database: $74.67
Updated QNRX price in database: $20.5
Updated WPP price in database: $22.54
Updated WSBF price in database: $14.63
Updated SGBX price in database: $6.24
Updated CARM price in database: $0.1539
Updated XPEV price in database: $21.02
Updated XP price in database: $15.81
Updated PXSAW price in database: $0.0207
Updated XNET price in database: $8.48
Updated CURIW price in database: $0.003
Updated GWH price in database: $4.16
Updated YYAI price in database: $0.1899
Updated YHGJ price in database: $9.32
Updated UTHR price in database: $440.0
Updated ADVWW price in database: $0.0053
Updated WSR price in database: $11.46
Updated BURU price in database: $0.4752
Updated GCMGW price in database: $0.2241
Updated TDIC price in database: $1.16
Updated NXPLW price in database: $0.0572
Successfully fetched and updated 29 real-time prices
Raw confidence - BUY: 1.40, SELL: 0.00, SellWeight: 3.00
Adjusted confidence - BUY: 1.40, SELL: 0.00 → BUY @ 1.40
Penny stocks allowed for user7 - including WSR (price: $11.46, market cap: $592032384)
Raw confidence - BUY: 3.10, SELL: 0.00, SellWeight: 3.00
Adjusted confidence - BUY: 3.10, SELL: 0.00 → BUY @ 3.10
Penny stocks allowed for user7 - including UTHR (price: $440.00, market cap: $19899555840)
Raw confidence - BUY: 2.65, SELL: 0.00, SellWeight: 3.00
Adjusted confidence - BUY: 2.65, SELL: 0.00 → BUY @ 2.65
Penny stocks allowed for user7 - including XNET (price: $8.48, market cap: $530498016)
Raw confidence - BUY: 3.35, SELL: 0.00, SellWeight: 3.00
Adjusted confidence - BUY: 3.35, SELL: 0.00 → BUY @ 3.35
Penny stocks allowed for user7 - including XP (price: $15.81, market cap: $8328495616)
Raw confidence - BUY: 2.80, SELL: 0.00, SellWeight: 3.00
Adjusted confidence - BUY: 2.80, SELL: 0.00 → BUY @ 2.80
Penny stocks allowed for user7 - including XPEV (price: $21.02, market cap: $21320019968)
Raw confidence - BUY: 1.50, SELL: 0.00, SellWeight: 3.00
Adjusted confidence - BUY: 1.50, SELL: 0.00 → BUY @ 1.50
Penny stocks allowed for user7 - including WSBF (price: $14.63, market cap: $273276160)
Raw confidence - BUY: 0.00, SELL: 0.00, SellWeight: 3.00
Adjusted confidence - BUY: 0.00, SELL: 0.00 → HOLD @ 0.00
Filtering out WPP: confidence 0.00 below minimum 0.60
Raw confidence - BUY: 2.20, SELL: 0.00, SellWeight: 3.00
Adjusted confidence - BUY: 2.20, SELL: 0.00 → BUY @ 2.20
Penny stocks allowed for user7 - including XYZ (price: $74.67, market cap: $45517635584)
Raw confidence - BUY: 4.15, SELL: 0.00, SellWeight: 3.00
Adjusted confidence - BUY: 4.15, SELL: 0.00 → BUY @ 4.15
Penny stocks allowed for user7 - including YPF (price: $26.42, market cap: $10737253376)
Raw confidence - BUY: 3.10, SELL: 0.00, SellWeight: 3.00
Adjusted confidence - BUY: 3.10, SELL: 0.00 → BUY @ 3.10
Penny stocks allowed for user7 - including WES (price: $37.26, market cap: $14208388096)
Raw confidence - BUY: 2.75, SELL: 0.00, SellWeight: 3.00
Adjusted confidence - BUY: 2.75, SELL: 0.00 → BUY @ 2.75
Penny stocks allowed for user7 - including ZION (price: $52.35, market cap: $7728105472)
Raw confidence - BUY: 0.75, SELL: 1.20, SellWeight: 3.00
Adjusted confidence - BUY: 0.00, SELL: 2.85 → SELL @ 2.85
Penny stocks allowed for user7 - including SGBX (price: $6.24, market cap: $3141677)
Skipping SELL recommendation for SGBX: not owned
Raw confidence - BUY: 1.50, SELL: 0.60, SellWeight: 3.00
Adjusted confidence - BUY: 0.00, SELL: 0.30 → SELL @ 0.30
Filtering out QNRX: confidence 0.30 below minimum 0.60
Raw confidence - BUY: 0.00, SELL: 0.60, SellWeight: 3.00
Adjusted confidence - BUY: 0.00, SELL: 1.80 → SELL @ 1.80
Penny stocks allowed for user7 - including SOXS (price: $4.94, market cap: $N/A)
Skipping SELL recommendation for SOXS: not owned
Raw confidence - BUY: 0.00, SELL: 0.65, SellWeight: 3.00
Adjusted confidence - BUY: 0.00, SELL: 1.95 → SELL @ 1.95
Penny stocks allowed for user7 - including TIRX (price: $1.26, market cap: $30695402)
Skipping SELL recommendation for TIRX: not owned
Raw confidence - BUY: 0.75, SELL: 0.00, SellWeight: 3.00
Adjusted confidence - BUY: 0.75, SELL: 0.00 → BUY @ 0.75
Penny stocks allowed for user7 - including CARM (price: $0.15, market cap: $6431188)
Raw confidence - BUY: 0.00, SELL: 0.00, SellWeight: 3.00
Adjusted confidence - BUY: 0.00, SELL: 0.00 → HOLD @ 0.00
Filtering out ASPCR: confidence 0.00 below minimum 0.60
Raw confidence - BUY: 0.00, SELL: 0.65, SellWeight: 3.00
Adjusted confidence - BUY: 0.00, SELL: 1.95 → SELL @ 1.95
Penny stocks allowed for user7 - including PXSAW (price: $0.02, market cap: $N/A)
Skipping SELL recommendation for PXSAW: not owned
Raw confidence - BUY: 0.75, SELL: 0.65, SellWeight: 3.00
Adjusted confidence - BUY: 0.00, SELL: 1.20 → SELL @ 1.20
Penny stocks allowed for user7 - including TDIC (price: $1.16, market cap: $35960000)
Skipping SELL recommendation for TDIC: not owned
Raw confidence - BUY: 0.00, SELL: 0.00, SellWeight: 3.00
Adjusted confidence - BUY: 0.00, SELL: 0.00 → HOLD @ 0.00
Filtering out BNKKW: confidence 0.00 below minimum 0.60
Raw confidence - BUY: 0.00, SELL: 0.00, SellWeight: 3.00
Adjusted confidence - BUY: 0.00, SELL: 0.00 → HOLD @ 0.00
Filtering out CURIW: confidence 0.00 below minimum 0.60
Raw confidence - BUY: 0.00, SELL: 0.00, SellWeight: 3.00
Adjusted confidence - BUY: 0.00, SELL: 0.00 → HOLD @ 0.00
Filtering out YHGJ: confidence 0.00 below minimum 0.60
Raw confidence - BUY: 0.75, SELL: 0.00, SellWeight: 3.00
Adjusted confidence - BUY: 0.75, SELL: 0.00 → BUY @ 0.75
Penny stocks allowed for user7 - including BINI (price: $0.63, market cap: $318835)
Raw confidence - BUY: 0.00, SELL: 1.25, SellWeight: 3.00
Adjusted confidence - BUY: 0.00, SELL: 3.75 → SELL @ 3.75
Penny stocks allowed for user7 - including ADVWW (price: $0.01, market cap: $N/A)
Skipping SELL recommendation for ADVWW: not owned
Raw confidence - BUY: 0.00, SELL: 0.60, SellWeight: 3.00
Adjusted confidence - BUY: 0.00, SELL: 1.80 → SELL @ 1.80
Penny stocks allowed for user7 - including YYAI (price: $0.19, market cap: $2621343)
Skipping SELL recommendation for YYAI: not owned
Raw confidence - BUY: 0.75, SELL: 0.00, SellWeight: 3.00
Adjusted confidence - BUY: 0.75, SELL: 0.00 → BUY @ 0.75
Penny stocks allowed for user7 - including BURU (price: $0.48, market cap: $19671830)
Raw confidence - BUY: 0.00, SELL: 0.65, SellWeight: 3.00
Adjusted confidence - BUY: 0.00, SELL: 1.95 → SELL @ 1.95
Penny stocks allowed for user7 - including NXPLW (price: $0.06, market cap: $N/A)
Skipping SELL recommendation for NXPLW: not owned
Raw confidence - BUY: 0.00, SELL: 0.60, SellWeight: 3.00
Adjusted confidence - BUY: 0.00, SELL: 1.80 → SELL @ 1.80
Penny stocks allowed for user7 - including GCMGW (price: $0.22, market cap: $N/A)
Skipping SELL recommendation for GCMGW: not owned
Raw confidence - BUY: 0.00, SELL: 1.20, SellWeight: 3.00
Adjusted confidence - BUY: 0.00, SELL: 3.60 → SELL @ 3.60
Penny stocks allowed for user7 - including GWH (price: $4.16, market cap: $66646876)
Skipping SELL recommendation for GWH: not owned
Consolidated 13 recommendations with SellWeight=3.00
No sell candidates found
Checking profit-taking opportunities (threshold: 10.00%, volatility: 20.00%)
NVDA: Recent gain: 0.0%, Volatility: 20.0%
✗ NVDA: Gain 0.0% or volatility 20.0% below thresholds
BITF: Recent gain: 0.0%, Volatility: 25.0%
✗ BITF: Gain 0.0% or volatility 25.0% below thresholds
BINI: Recent gain: 0.0%, Volatility: 30.0%
✗ BINI: Gain 0.0% or volatility 30.0% below thresholds
CARM: Recent gain: 0.0%, Volatility: 30.0%
✗ CARM: Gain 0.0% or volatility 30.0% below thresholds
BURU: Recent gain: 0.0%, Volatility: 30.0%
✗ BURU: Gain 0.0% or volatility 30.0% below thresholds
STAI: Recent gain: 0.0%, Volatility: 30.0%
✗ STAI: Gain 0.0% or volatility 30.0% below thresholds
Profit-taking analysis completed: 0 opportunities found
Smart Analysis completed for user: user7. Generated 10 recommendations
Batch analysis completed for 1 users
Buy all smart recommendations requested by user: user7
Found 10 pending BUY recommendations
Portfolio cash: $60217.54
Total cost: $23529.45
Executing recommendation for YPF: 121 shares
  Cash allocated: 3196.82 (type: <class 'decimal.Decimal'>)
  Current price: 26.42 (type: <class 'decimal.Decimal'>)
  Portfolio cash: 60217.54 (type: <class 'decimal.Decimal'>)
Successfully executed YPF
Executing recommendation for XP: 177 shares
  Cash allocated: 2798.37 (type: <class 'decimal.Decimal'>)
  Current price: 15.81 (type: <class 'decimal.Decimal'>)
  Portfolio cash: 57017.52318 (type: <class 'decimal.Decimal'>)
Successfully executed XP
Executing recommendation for WES: 70 shares
  Cash allocated: 2608.20 (type: <class 'decimal.Decimal'>)
  Current price: 37.26 (type: <class 'decimal.Decimal'>)
  Portfolio cash: 54216.35481 (type: <class 'decimal.Decimal'>)
Successfully executed WES
Executing recommendation for UTHR: 5 shares
  Cash allocated: 2200.00 (type: <class 'decimal.Decimal'>)
  Current price: 440.00 (type: <class 'decimal.Decimal'>)
  Portfolio cash: 51605.54661 (type: <class 'decimal.Decimal'>)
Successfully executed UTHR
Executing recommendation for ZION: 47 shares
  Cash allocated: 2460.45 (type: <class 'decimal.Decimal'>)
  Current price: 52.35 (type: <class 'decimal.Decimal'>)
  Portfolio cash: 49403.34661 (type: <class 'decimal.Decimal'>)
Successfully executed ZION
Executing recommendation for XPEV: 111 shares
  Cash allocated: 2333.22 (type: <class 'decimal.Decimal'>)
  Current price: 21.02 (type: <class 'decimal.Decimal'>)
  Portfolio cash: 46940.43616 (type: <class 'decimal.Decimal'>)
Successfully executed XPEV
Executing recommendation for XNET: 272 shares
  Cash allocated: 2306.56 (type: <class 'decimal.Decimal'>)
  Current price: 8.48 (type: <class 'decimal.Decimal'>)
  Portfolio cash: 44604.88294 (type: <class 'decimal.Decimal'>)
Successfully executed XNET
Executing recommendation for XYZ: 28 shares
  Cash allocated: 2090.76 (type: <class 'decimal.Decimal'>)
  Current price: 74.67 (type: <class 'decimal.Decimal'>)
  Portfolio cash: 42296.01638 (type: <class 'decimal.Decimal'>)
Successfully executed XYZ
Executing recommendation for WSBF: 121 shares
  Cash allocated: 1770.23 (type: <class 'decimal.Decimal'>)
  Current price: 14.63 (type: <class 'decimal.Decimal'>)
  Portfolio cash: 40203.16562 (type: <class 'decimal.Decimal'>)
Successfully executed WSBF
Executing recommendation for WSR: 154 shares
  Cash allocated: 1764.84 (type: <class 'decimal.Decimal'>)
  Current price: 11.46 (type: <class 'decimal.Decimal'>)
  Portfolio cash: 38431.16539 (type: <class 'decimal.Decimal'>)
Successfully executed WSR
Buy all completed: 10 executed, 0 failed
Returning response: {'success': True, 'executed_trades': [{'symbol': 'YPF', 'shares': 121, 'cost': Decimal('3196.82'), 'trade_id': UUID('bbca219b-afe1-4501-8d89-a9a3cd067f20')}, {'symbol': 'XP', 'shares': 177, 'cost': Decimal('2798.37'), 'trade_id': UUID('73e4ef72-c935-4f27-ab18-d340e324ae88')}, {'symbol': 'WES', 'shares': 70, 'cost': Decimal('2608.20'), 'trade_id': UUID('5a0ad0e5-3299-4401-a1fb-f8a5ea81b4d8')}, {'symbol': 'UTHR', 'shares': 5, 'cost': Decimal('2200.00'), 'trade_id': UUID('4300685e-aeee-46d6-8f4f-43b6fdd21eda')}, {'symbol': 'ZION', 'shares': 47, 'cost': Decimal('2460.45'), 'trade_id': UUID('aa227d70-efd4-4072-bbda-58553813e061')}, {'symbol': 'XPEV', 'shares': 111, 'cost': Decimal('2333.22'), 'trade_id': UUID('82b36c32-83f1-4945-9bf0-af10ee9a81ee')}, {'symbol': 'XNET', 'shares': 272, 'cost': Decimal('2306.56'), 'trade_id': UUID('6cbeec49-2ce0-4cad-8c53-072dc4b6cf6c')}, {'symbol': 'XYZ', 'shares': 28, 'cost': Decimal('2090.76'), 'trade_id': UUID('12145067-3d4a-4377-afe8-e9f1b53e468b')}, {'symbol': 'WSBF', 'shares': 121, 'cost': Decimal('1770.23'), 'trade_id': UUID('d476b5b0-c94a-422b-9ffc-08a932cbebf8')}, {'symbol': 'WSR', 'shares': 154, 'cost': Decimal('1764.84'), 'trade_id': UUID('a5c07b49-9d73-4359-9960-62e19098abb4')}], 'failed_trades': [], 'total_executed': 10, 'total_failed': 0, 'total_cost': 23529.45}
Logo download command failed: [<class 'decimal.InvalidOperation'>]
Fetching real-time prices for 107 stocks
Updated BINI price in database: $0.63
Updated EPWK price in database: $0.09
Updated XYZ price in database: $74.67
Updated YCBD price in database: $1.23
Updated BIAFW price in database: $0.55
Updated DIS price in database: $109.19
Updated TSLL price in database: $17.96
Updated BNAI price in database: $0.5701
Updated BITF price in database: $4.2
Updated SLDPW price in database: $0.979
Updated UTHR price in database: $440.0
Updated SCWO price in database: $0.6836
Updated BQ price in database: $10.31
Updated DFLI price in database: $1.09
Updated QNRX price in database: $20.5
Updated GDEVW price in database: $0.0306
Updated RGTI price in database: $43.92
Updated WPP price in database: $22.54
Updated ATCH price in database: $0.4097
Updated EPSM price in database: $33.36
Updated BA price in database: $210.73
Updated PLUG price in database: $3.42
Updated APLT price in database: $0.9403
Updated YYAI price in database: $0.1899
Updated TDIC price in database: $1.16
Updated BNKKW price in database: $0.06
Updated DHAIW price in database: $0.0195
Updated WES price in database: $37.26
Updated AQMS price in database: $5.66
Updated ZNB price in database: $1.74
Updated DNN price in database: $2.88
Updated TLRY price in database: $1.72
Updated SMXWW price in database: $0.0353
Updated SUGP price in database: $9.15
Updated ONMD price in database: $3.14
Updated NXL price in database: $1.28
Updated ABVEW price in database: $0.6501
Updated GLTO price in database: $12.66
Updated GPUS price in database: $0.4799
Updated FGIWW price in database: $0.097
Updated COCHW price in database: $0.0589
Updated AGRI price in database: $3.63
Updated WSBF price in database: $14.63
Updated BURU price in database: $0.4752
Updated TIRX price in database: $1.26
Updated AAPL price in database: $245.27
Updated PSTV price in database: $0.6973
Updated RVSNW price in database: $0.11
Updated SVREW price in database: $0.0252
Updated XBIO price in database: $6.33
Updated CURIW price in database: $0.003
Updated YHGJ price in database: $9.32
Updated AMD price in database: $214.9
Updated RKT price in database: $16.39
Updated ONMDW price in database: $0.2099
Updated ASNS price in database: $0.5151
Updated JFU price in database: $5.03
Updated NFLX price in database: $1220.08
Updated OPEN price in database: $7.57
Updated BBAI price in database: $7.22
Updated ZION price in database: $52.35
Updated MRM price in database: $2.14
Updated NUAI price in database: $2.6
Updated UPC price in database: $6.71
Updated CHR price in database: $0.1471
Updated XP price in database: $15.81
Updated GCMGW price in database: $0.2241
Updated SOXS price in database: $4.94
Updated YPF price in database: $26.42
Updated QLGN price in database: $4.16
Updated ASPCR price in database: $0.2
Updated GWH price in database: $4.16
Updated AGMH price in database: $5.79
Updated VSEEW price in database: $0.0275
Updated PCSA price in database: $0.3788
Updated STAI price in database: $0.625
Updated ARBK price in database: $0.5523
Updated NVDA price in database: $183.16
Updated GIPRW price in database: $0.1198
Updated MSFT price in database: $510.96
Updated MBX price in database: $14.91
Updated SGBX price in database: $6.24
Updated ATON price in database: $6.3
Updated ADAP price in database: $0.1849
Updated TMQ price in database: $5.93
Updated XNET price in database: $8.48
Updated ACXP price in database: $7.48
Updated TLNCW price in database: $0.51
Updated BNAIW price in database: $0.0974
Updated ILLRW price in database: $0.049
Updated NVAWW price in database: $19.98
Updated BULL price in database: $11.4
Updated CISS price in database: $2.23
Updated SOPA price in database: $3.1
Updated NXPLW price in database: $0.0572
Updated PALI price in database: $2.0
Updated BJDX price in database: $3.19
Updated COCH price in database: $0.885
Updated DVLT price in database: $1.9
Updated XPEV price in database: $21.02
Updated WSR price in database: $11.46
Updated PXSAW price in database: $0.0207
Updated ADVWW price in database: $0.0053
Updated NVO price in database: $56.93
Updated CARM price in database: $0.1539
Updated GOOGL price in database: $236.57
Updated MYSEW price in database: $0.1302
Successfully fetched and updated 107 real-time prices
Pass 1: Analyzing 16 current holdings for SELL opportunities
Average confidence - BUY: 0.75, SELL: 0.00, Net Signal: 0.75
HOLD Range: [0.20, 0.80] → HOLD @ 0.00
Average confidence - BUY: 0.75, SELL: 0.00, Net Signal: 0.75
HOLD Range: [0.20, 0.80] → HOLD @ 0.00
Average confidence - BUY: 0.75, SELL: 0.60, Net Signal: 0.15
HOLD Range: [0.20, 0.80] → SELL @ 0.15
Filtering out BURU: confidence 0.15 below minimum 0.60
Average confidence - BUY: 0.75, SELL: 0.00, Net Signal: 0.75
HOLD Range: [0.20, 0.80] → HOLD @ 0.00
Average confidence - BUY: 0.89, SELL: 0.00, Net Signal: 0.89
HOLD Range: [0.20, 0.80] → BUY @ 0.89
Average confidence - BUY: 0.75, SELL: 0.00, Net Signal: 0.75
HOLD Range: [0.20, 0.80] → HOLD @ 0.00
Average confidence - BUY: 0.78, SELL: 0.00, Net Signal: 0.78
HOLD Range: [0.20, 0.80] → HOLD @ 0.00
Average confidence - BUY: 0.78, SELL: 0.00, Net Signal: 0.78
HOLD Range: [0.20, 0.80] → HOLD @ 0.00
Average confidence - BUY: 0.75, SELL: 0.00, Net Signal: 0.75
HOLD Range: [0.20, 0.80] → HOLD @ 0.00
Average confidence - BUY: 0.70, SELL: 0.00, Net Signal: 0.70
HOLD Range: [0.20, 0.80] → HOLD @ 0.00
Average confidence - BUY: 0.88, SELL: 0.00, Net Signal: 0.88
HOLD Range: [0.20, 0.80] → BUY @ 0.88
Average confidence - BUY: 1.12, SELL: 0.00, Net Signal: 1.12
HOLD Range: [0.20, 0.80] → BUY @ 1.12
Average confidence - BUY: 0.70, SELL: 0.00, Net Signal: 0.70
HOLD Range: [0.20, 0.80] → HOLD @ 0.00
Average confidence - BUY: 0.73, SELL: 0.00, Net Signal: 0.73
HOLD Range: [0.20, 0.80] → HOLD @ 0.00
Average confidence - BUY: 1.04, SELL: 0.00, Net Signal: 1.04
HOLD Range: [0.20, 0.80] → BUY @ 1.04
Average confidence - BUY: 0.92, SELL: 0.00, Net Signal: 0.92
HOLD Range: [0.20, 0.80] → BUY @ 0.92
Pass 2: Analyzing 107 candidates for BUY opportunities
Average confidence - BUY: 0.75, SELL: 0.00, Net Signal: 0.75
HOLD Range: [0.20, 0.80] → HOLD @ 0.00
Average confidence - BUY: 0.65, SELL: 0.65, Net Signal: 0.00
HOLD Range: [0.20, 0.80] → SELL @ 0.00
Average confidence - BUY: 0.75, SELL: 0.60, Net Signal: 0.15
HOLD Range: [0.20, 0.80] → SELL @ 0.15
Average confidence - BUY: 0.00, SELL: 0.60, Net Signal: -0.60
HOLD Range: [0.20, 0.80] → SELL @ 0.60
Average confidence - BUY: 0.00, SELL: 0.62, Net Signal: -0.62
HOLD Range: [0.20, 0.80] → SELL @ 0.62
Average confidence - BUY: 0.75, SELL: 0.00, Net Signal: 0.75
HOLD Range: [0.20, 0.80] → HOLD @ 0.00
Average confidence - BUY: 0.75, SELL: 0.60, Net Signal: 0.15
HOLD Range: [0.20, 0.80] → SELL @ 0.15
Average confidence - BUY: 0.75, SELL: 0.00, Net Signal: 0.75
HOLD Range: [0.20, 0.80] → HOLD @ 0.00
Average confidence - BUY: 0.75, SELL: 0.00, Net Signal: 0.75
HOLD Range: [0.20, 0.80] → HOLD @ 0.00
Average confidence - BUY: 0.75, SELL: 0.60, Net Signal: 0.15
HOLD Range: [0.20, 0.80] → SELL @ 0.15
Average confidence - BUY: 0.00, SELL: 0.62, Net Signal: -0.62
HOLD Range: [0.20, 0.80] → SELL @ 0.62
Average confidence - BUY: 0.75, SELL: 0.60, Net Signal: 0.15
HOLD Range: [0.20, 0.80] → SELL @ 0.15
Average confidence - BUY: 0.00, SELL: 0.00, Net Signal: 0.00
HOLD Range: [0.20, 0.80] → SELL @ 0.00
Average confidence - BUY: 0.00, SELL: 0.60, Net Signal: -0.60
HOLD Range: [0.20, 0.80] → SELL @ 0.60
Average confidence - BUY: 0.00, SELL: 0.60, Net Signal: -0.60
HOLD Range: [0.20, 0.80] → SELL @ 0.60
Average confidence - BUY: 0.75, SELL: 0.00, Net Signal: 0.75
HOLD Range: [0.20, 0.80] → HOLD @ 0.00
Average confidence - BUY: 0.75, SELL: 0.65, Net Signal: 0.10
HOLD Range: [0.20, 0.80] → SELL @ 0.10
Average confidence - BUY: 0.00, SELL: 0.65, Net Signal: -0.65
HOLD Range: [0.20, 0.80] → SELL @ 0.65
Average confidence - BUY: 0.75, SELL: 0.60, Net Signal: 0.15
HOLD Range: [0.20, 0.80] → SELL @ 0.15
Average confidence - BUY: 0.75, SELL: 0.60, Net Signal: 0.15
HOLD Range: [0.20, 0.80] → SELL @ 0.15
Average confidence - BUY: 0.00, SELL: 0.65, Net Signal: -0.65
HOLD Range: [0.20, 0.80] → SELL @ 0.65
Average confidence - BUY: 0.00, SELL: 0.00, Net Signal: 0.00
HOLD Range: [0.20, 0.80] → SELL @ 0.00
Average confidence - BUY: 0.72, SELL: 0.65, Net Signal: 0.07
HOLD Range: [0.20, 0.80] → SELL @ 0.07
Average confidence - BUY: 0.75, SELL: 0.00, Net Signal: 0.75
HOLD Range: [0.20, 0.80] → HOLD @ 0.00
Average confidence - BUY: 1.35, SELL: 0.60, Net Signal: 0.75
HOLD Range: [0.20, 0.80] → HOLD @ 0.00
Average confidence - BUY: 0.75, SELL: 0.60, Net Signal: 0.15
HOLD Range: [0.20, 0.80] → SELL @ 0.15
Average confidence - BUY: 0.75, SELL: 0.60, Net Signal: 0.15
HOLD Range: [0.20, 0.80] → SELL @ 0.15
Average confidence - BUY: 0.00, SELL: 0.00, Net Signal: 0.00
HOLD Range: [0.20, 0.80] → SELL @ 0.00
Average confidence - BUY: 0.00, SELL: 0.00, Net Signal: 0.00
HOLD Range: [0.20, 0.80] → SELL @ 0.00
Average confidence - BUY: 0.75, SELL: 0.60, Net Signal: 0.15
HOLD Range: [0.20, 0.80] → SELL @ 0.15
Average confidence - BUY: 0.00, SELL: 0.65, Net Signal: -0.65
HOLD Range: [0.20, 0.80] → SELL @ 0.65
Average confidence - BUY: 0.75, SELL: 0.00, Net Signal: 0.75
HOLD Range: [0.20, 0.80] → HOLD @ 0.00
Average confidence - BUY: 0.75, SELL: 0.00, Net Signal: 0.75
HOLD Range: [0.20, 0.80] → HOLD @ 0.00
Average confidence - BUY: 1.05, SELL: 0.00, Net Signal: 1.05
HOLD Range: [0.20, 0.80] → BUY @ 1.05
Penny stocks allowed for user7 - including DVLT (price: $1.91, market cap: $187308592)
Average confidence - BUY: 0.00, SELL: 0.65, Net Signal: -0.65
HOLD Range: [0.20, 0.80] → SELL @ 0.65
Average confidence - BUY: 0.00, SELL: 0.65, Net Signal: -0.65
HOLD Range: [0.20, 0.80] → SELL @ 0.65
Average confidence - BUY: 0.00, SELL: 0.65, Net Signal: -0.65
HOLD Range: [0.20, 0.80] → SELL @ 0.65
Average confidence - BUY: 0.00, SELL: 0.60, Net Signal: -0.60
HOLD Range: [0.20, 0.80] → SELL @ 0.60
Average confidence - BUY: 0.75, SELL: 0.00, Net Signal: 0.75
HOLD Range: [0.20, 0.80] → HOLD @ 0.00
Average confidence - BUY: 0.00, SELL: 0.63, Net Signal: -0.63
HOLD Range: [0.20, 0.80] → SELL @ 0.63
Average confidence - BUY: 0.00, SELL: 0.60, Net Signal: -0.60
HOLD Range: [0.20, 0.80] → SELL @ 0.60
Average confidence - BUY: 0.75, SELL: 0.00, Net Signal: 0.75
HOLD Range: [0.20, 0.80] → HOLD @ 0.00
Average confidence - BUY: 0.75, SELL: 0.60, Net Signal: 0.15
HOLD Range: [0.20, 0.80] → SELL @ 0.15
Average confidence - BUY: 0.00, SELL: 0.60, Net Signal: -0.60
HOLD Range: [0.20, 0.80] → SELL @ 0.60
Average confidence - BUY: 0.00, SELL: 0.60, Net Signal: -0.60
HOLD Range: [0.20, 0.80] → SELL @ 0.60
Average confidence - BUY: 0.75, SELL: 0.00, Net Signal: 0.75
HOLD Range: [0.20, 0.80] → HOLD @ 0.00
Average confidence - BUY: 0.75, SELL: 0.00, Net Signal: 0.75
HOLD Range: [0.20, 0.80] → HOLD @ 0.00
Average confidence - BUY: 1.35, SELL: 0.00, Net Signal: 1.35
HOLD Range: [0.20, 0.80] → BUY @ 1.35
Penny stocks allowed for user7 - including MRM (price: $2.11, market cap: $23231736)
Average confidence - BUY: 1.05, SELL: 0.00, Net Signal: 1.05
HOLD Range: [0.20, 0.80] → BUY @ 1.05
Penny stocks allowed for user7 - including MSFT (price: $514.10, market cap: $3830758244000)
Average confidence - BUY: 0.00, SELL: 0.65, Net Signal: -0.65
HOLD Range: [0.20, 0.80] → SELL @ 0.65
Average confidence - BUY: 0.75, SELL: 0.00, Net Signal: 0.75
HOLD Range: [0.20, 0.80] → HOLD @ 0.00
Average confidence - BUY: 0.75, SELL: 0.00, Net Signal: 0.75
HOLD Range: [0.20, 0.80] → HOLD @ 0.00
Average confidence - BUY: 0.65, SELL: 0.65, Net Signal: 0.00
HOLD Range: [0.20, 0.80] → SELL @ 0.00
Average confidence - BUY: 0.87, SELL: 0.00, Net Signal: 0.87
HOLD Range: [0.20, 0.80] → BUY @ 0.87
Penny stocks allowed for user7 - including NVO (price: $56.96, market cap: $272718020608)
Average confidence - BUY: 0.73, SELL: 0.00, Net Signal: 0.73
HOLD Range: [0.20, 0.80] → HOLD @ 0.00
Average confidence - BUY: 0.00, SELL: 0.65, Net Signal: -0.65
HOLD Range: [0.20, 0.80] → SELL @ 0.65
Average confidence - BUY: 0.65, SELL: 0.65, Net Signal: 0.00
HOLD Range: [0.20, 0.80] → SELL @ 0.00
Average confidence - BUY: 0.65, SELL: 0.65, Net Signal: 0.00
HOLD Range: [0.20, 0.80] → SELL @ 0.00
Average confidence - BUY: 0.65, SELL: 0.72, Net Signal: -0.07
HOLD Range: [0.20, 0.80] → SELL @ 0.07
Average confidence - BUY: 0.75, SELL: 0.60, Net Signal: 0.15
HOLD Range: [0.20, 0.80] → SELL @ 0.15
Average confidence - BUY: 0.75, SELL: 0.60, Net Signal: 0.15
HOLD Range: [0.20, 0.80] → SELL @ 0.15
Average confidence - BUY: 0.65, SELL: 0.00, Net Signal: 0.65
HOLD Range: [0.20, 0.80] → HOLD @ 0.00
Average confidence - BUY: 0.75, SELL: 0.00, Net Signal: 0.75
HOLD Range: [0.20, 0.80] → HOLD @ 0.00
Average confidence - BUY: 0.00, SELL: 0.65, Net Signal: -0.65
HOLD Range: [0.20, 0.80] → SELL @ 0.65
Average confidence - BUY: 0.75, SELL: 0.00, Net Signal: 0.75
HOLD Range: [0.20, 0.80] → HOLD @ 0.00
Average confidence - BUY: 0.75, SELL: 0.60, Net Signal: 0.15
HOLD Range: [0.20, 0.80] → SELL @ 0.15
Average confidence - BUY: 0.72, SELL: 0.65, Net Signal: 0.07
HOLD Range: [0.20, 0.80] → SELL @ 0.07
Average confidence - BUY: 0.00, SELL: 0.65, Net Signal: -0.65
HOLD Range: [0.20, 0.80] → SELL @ 0.65
Average confidence - BUY: 0.65, SELL: 0.65, Net Signal: 0.00
HOLD Range: [0.20, 0.80] → SELL @ 0.00
Average confidence - BUY: 0.75, SELL: 0.60, Net Signal: 0.15
HOLD Range: [0.20, 0.80] → SELL @ 0.15
Average confidence - BUY: 0.75, SELL: 1.20, Net Signal: -0.45
HOLD Range: [0.20, 0.80] → SELL @ 0.45
Average confidence - BUY: 0.00, SELL: 0.00, Net Signal: 0.00
HOLD Range: [0.20, 0.80] → SELL @ 0.00
Average confidence - BUY: 0.00, SELL: 0.65, Net Signal: -0.65
HOLD Range: [0.20, 0.80] → SELL @ 0.65
Average confidence - BUY: 0.74, SELL: 0.00, Net Signal: 0.74
HOLD Range: [0.20, 0.80] → HOLD @ 0.00
Average confidence - BUY: 0.00, SELL: 0.60, Net Signal: -0.60
HOLD Range: [0.20, 0.80] → SELL @ 0.60
Average confidence - BUY: 0.75, SELL: 0.60, Net Signal: 0.15
HOLD Range: [0.20, 0.80] → SELL @ 0.15
Average confidence - BUY: 0.00, SELL: 0.00, Net Signal: 0.00
HOLD Range: [0.20, 0.80] → SELL @ 0.00
Average confidence - BUY: 0.75, SELL: 0.65, Net Signal: 0.10
HOLD Range: [0.20, 0.80] → SELL @ 0.10
Average confidence - BUY: 0.00, SELL: 0.65, Net Signal: -0.65
HOLD Range: [0.20, 0.80] → SELL @ 0.65
Average confidence - BUY: 0.00, SELL: 0.00, Net Signal: 0.00
HOLD Range: [0.20, 0.80] → SELL @ 0.00
Average confidence - BUY: 0.00, SELL: 0.00, Net Signal: 0.00
HOLD Range: [0.20, 0.80] → SELL @ 0.00
Average confidence - BUY: 0.65, SELL: 0.00, Net Signal: 0.65
HOLD Range: [0.20, 0.80] → HOLD @ 0.00
Average confidence - BUY: 0.00, SELL: 0.00, Net Signal: 0.00
HOLD Range: [0.20, 0.80] → SELL @ 0.00
Average confidence - BUY: 0.00, SELL: 0.62, Net Signal: -0.62
HOLD Range: [0.20, 0.80] → SELL @ 0.62
Average confidence - BUY: 0.00, SELL: 0.00, Net Signal: 0.00
HOLD Range: [0.20, 0.80] → SELL @ 0.00
Average confidence - BUY: 0.00, SELL: 0.00, Net Signal: 0.00
HOLD Range: [0.20, 0.80] → SELL @ 0.00
Average confidence - BUY: 0.00, SELL: 0.62, Net Signal: -0.62
HOLD Range: [0.20, 0.80] → SELL @ 0.62
Average confidence - BUY: 0.75, SELL: 0.60, Net Signal: 0.15
HOLD Range: [0.20, 0.80] → SELL @ 0.15
Average confidence - BUY: 0.00, SELL: 0.00, Net Signal: 0.00
HOLD Range: [0.20, 0.80] → SELL @ 0.00
Average confidence - BUY: 0.00, SELL: 0.60, Net Signal: -0.60
HOLD Range: [0.20, 0.80] → SELL @ 0.60
Average confidence - BUY: 0.00, SELL: 0.00, Net Signal: 0.00
HOLD Range: [0.20, 0.80] → SELL @ 0.00
Average confidence - BUY: 0.75, SELL: 0.00, Net Signal: 0.75
HOLD Range: [0.20, 0.80] → HOLD @ 0.00
Average confidence - BUY: 0.75, SELL: 0.00, Net Signal: 0.75
HOLD Range: [0.20, 0.80] → HOLD @ 0.00
Average confidence - BUY: 0.75, SELL: 0.60, Net Signal: 0.15
HOLD Range: [0.20, 0.80] → SELL @ 0.15
Average confidence - BUY: 0.75, SELL: 0.00, Net Signal: 0.75
HOLD Range: [0.20, 0.80] → HOLD @ 0.00
Average confidence - BUY: 0.89, SELL: 0.00, Net Signal: 0.89
HOLD Range: [0.20, 0.80] → BUY @ 0.89
Penny stocks allowed for user7 - including NVDA (price: $183.16, market cap: $4329385492000)
Average confidence - BUY: 0.75, SELL: 0.00, Net Signal: 0.75
HOLD Range: [0.20, 0.80] → HOLD @ 0.00
Average confidence - BUY: 0.78, SELL: 0.00, Net Signal: 0.78
HOLD Range: [0.20, 0.80] → HOLD @ 0.00
Average confidence - BUY: 0.78, SELL: 0.00, Net Signal: 0.78
HOLD Range: [0.20, 0.80] → HOLD @ 0.00
Average confidence - BUY: 0.75, SELL: 0.00, Net Signal: 0.75
HOLD Range: [0.20, 0.80] → HOLD @ 0.00
Average confidence - BUY: 0.70, SELL: 0.00, Net Signal: 0.70
HOLD Range: [0.20, 0.80] → HOLD @ 0.00
Average confidence - BUY: 0.88, SELL: 0.00, Net Signal: 0.88
HOLD Range: [0.20, 0.80] → BUY @ 0.88
Penny stocks allowed for user7 - including XNET (price: $8.48, market cap: $530498016)
Average confidence - BUY: 1.12, SELL: 0.00, Net Signal: 1.12
HOLD Range: [0.20, 0.80] → BUY @ 1.12
Penny stocks allowed for user7 - including XP (price: $15.81, market cap: $8328495616)
Average confidence - BUY: 0.70, SELL: 0.00, Net Signal: 0.70
HOLD Range: [0.20, 0.80] → HOLD @ 0.00
Average confidence - BUY: 0.73, SELL: 0.00, Net Signal: 0.73
HOLD Range: [0.20, 0.80] → HOLD @ 0.00
Average confidence - BUY: 1.04, SELL: 0.00, Net Signal: 1.04
HOLD Range: [0.20, 0.80] → BUY @ 1.04
Penny stocks allowed for user7 - including YPF (price: $26.42, market cap: $10737253376)
Average confidence - BUY: 0.92, SELL: 0.00, Net Signal: 0.92
HOLD Range: [0.20, 0.80] → BUY @ 0.92
Penny stocks allowed for user7 - including ZION (price: $52.35, market cap: $7728105472)
Consolidated 9 recommendations: 0 SELL, 9 BUY
Fetching real-time prices for 107 stocks
Updated NFLX price in database: $1220.08
Updated XPEV price in database: $21.02
Updated DHAIW price in database: $0.0195
Updated MBX price in database: $14.91
Updated XNET price in database: $8.48
Updated EPWK price in database: $0.09
Updated BNAIW price in database: $0.0974
Updated NVAWW price in database: $19.98
Updated PCSA price in database: $0.3788
Updated PSTV price in database: $0.6973
Updated GWH price in database: $4.16
Updated MYSEW price in database: $0.1302
Updated ILLRW price in database: $0.049
Updated YYAI price in database: $0.1899
Updated BURU price in database: $0.4752
Updated TDIC price in database: $1.16
Updated ACXP price in database: $7.48
Updated PALI price in database: $2.0
Updated ATCH price in database: $0.4097
Updated TIRX price in database: $1.26
Updated BBAI price in database: $7.22
Updated YHGJ price in database: $9.32
Updated AGMH price in database: $5.79
Updated ONMD price in database: $3.14
Updated VSEEW price in database: $0.0275
Updated BULL price in database: $11.4
Updated WES price in database: $37.26
Updated XYZ price in database: $74.67
Updated PXSAW price in database: $0.0207
Updated ASPCR price in database: $0.2
Updated SMXWW price in database: $0.0353
Updated ADAP price in database: $0.1849
Updated ASNS price in database: $0.5151
Updated STAI price in database: $0.625
Updated BNAI price in database: $0.5701
Updated ONMDW price in database: $0.2099
Updated TLNCW price in database: $0.51
Updated AAPL price in database: $245.27
Updated JFU price in database: $5.03
Updated ZNB price in database: $1.74
Updated XP price in database: $15.81
Updated TMQ price in database: $5.93
Updated YCBD price in database: $1.23
Updated NVO price in database: $56.93
Updated NXPLW price in database: $0.0572
Updated BINI price in database: $0.63
Updated OPEN price in database: $7.57
Updated BQ price in database: $10.31
Updated EPSM price in database: $33.36
Updated COCHW price in database: $0.0589
Updated NUAI price in database: $2.6
Updated TSLL price in database: $17.96
Updated ADVWW price in database: $0.0053
Updated SVREW price in database: $0.0252
Updated BITF price in database: $4.2
Updated QNRX price in database: $20.5
Updated WPP price in database: $22.54
Updated BA price in database: $210.73
Updated GPUS price in database: $0.4799
Updated AQMS price in database: $5.66
Updated NVDA price in database: $183.16
Updated WSBF price in database: $14.63
Updated SOXS price in database: $4.94
Updated ZION price in database: $52.35
Updated FGIWW price in database: $0.097
Updated TLRY price in database: $1.72
Updated ARBK price in database: $0.5523
Updated GDEVW price in database: $0.0306
Updated DNN price in database: $2.88
Updated GOOGL price in database: $236.57
Updated GCMGW price in database: $0.2241
Updated SLDPW price in database: $0.979
Updated DIS price in database: $109.19
Updated UPC price in database: $6.71
Updated ATON price in database: $6.3
Updated CARM price in database: $0.1539
Updated SUGP price in database: $9.15
Updated DFLI price in database: $1.09
Updated MRM price in database: $2.14
Updated RVSNW price in database: $0.11
Updated AMD price in database: $214.9
Updated QLGN price in database: $4.16
Updated BIAFW price in database: $0.55
Updated RGTI price in database: $43.92
Updated WSR price in database: $11.46
Updated CURIW price in database: $0.003
Updated MSFT price in database: $510.96
Updated ABVEW price in database: $0.6501
Updated COCH price in database: $0.885
Updated CISS price in database: $2.23
Updated GLTO price in database: $12.66
Updated SCWO price in database: $0.6836
Updated RKT price in database: $16.39
Updated CHR price in database: $0.1471
Updated GIPRW price in database: $0.1198
Updated APLT price in database: $0.9403
Updated YPF price in database: $26.42
Updated BJDX price in database: $3.19
Updated XBIO price in database: $6.33
Updated DVLT price in database: $1.9
Updated PLUG price in database: $3.42
Updated SOPA price in database: $3.1
Updated UTHR price in database: $440.0
Updated SGBX price in database: $6.24
Updated NXL price in database: $1.28
Updated BNKKW price in database: $0.06
Updated AGRI price in database: $3.63
Successfully fetched and updated 107 real-time prices
Pass 1: Analyzing 16 current holdings for SELL opportunities
Average confidence - BUY: 0.75, SELL: 0.00, Net Signal: 0.75
HOLD Range: [0.20, 0.80] → HOLD @ 0.00
Average confidence - BUY: 0.75, SELL: 0.00, Net Signal: 0.75
HOLD Range: [0.20, 0.80] → HOLD @ 0.00
Average confidence - BUY: 0.75, SELL: 0.60, Net Signal: 0.15
HOLD Range: [0.20, 0.80] → SELL @ 0.15
Filtering out BURU: confidence 0.15 below minimum 0.60
Average confidence - BUY: 0.75, SELL: 0.00, Net Signal: 0.75
HOLD Range: [0.20, 0.80] → HOLD @ 0.00
Average confidence - BUY: 0.78, SELL: 0.00, Net Signal: 0.78
HOLD Range: [0.20, 0.80] → HOLD @ 0.00
Average confidence - BUY: 0.75, SELL: 0.00, Net Signal: 0.75
HOLD Range: [0.20, 0.80] → HOLD @ 0.00
Average confidence - BUY: 0.78, SELL: 0.00, Net Signal: 0.78
HOLD Range: [0.20, 0.80] → HOLD @ 0.00
Average confidence - BUY: 0.78, SELL: 0.00, Net Signal: 0.78
HOLD Range: [0.20, 0.80] → HOLD @ 0.00
Average confidence - BUY: 0.75, SELL: 0.00, Net Signal: 0.75
HOLD Range: [0.20, 0.80] → HOLD @ 0.00
Average confidence - BUY: 0.70, SELL: 0.00, Net Signal: 0.70
HOLD Range: [0.20, 0.80] → HOLD @ 0.00
Average confidence - BUY: 0.73, SELL: 0.00, Net Signal: 0.73
HOLD Range: [0.20, 0.80] → HOLD @ 0.00
Average confidence - BUY: 0.82, SELL: 0.00, Net Signal: 0.82
HOLD Range: [0.20, 0.80] → BUY @ 0.82
Average confidence - BUY: 0.70, SELL: 0.00, Net Signal: 0.70
HOLD Range: [0.20, 0.80] → HOLD @ 0.00
Average confidence - BUY: 0.73, SELL: 0.00, Net Signal: 0.73
HOLD Range: [0.20, 0.80] → HOLD @ 0.00
Average confidence - BUY: 0.81, SELL: 0.00, Net Signal: 0.81
HOLD Range: [0.20, 0.80] → BUY @ 0.81
Average confidence - BUY: 0.77, SELL: 0.00, Net Signal: 0.77
HOLD Range: [0.20, 0.80] → HOLD @ 0.00
Pass 2: Analyzing 107 candidates for BUY opportunities
Average confidence - BUY: 0.75, SELL: 0.00, Net Signal: 0.75
HOLD Range: [0.20, 0.80] → HOLD @ 0.00
Average confidence - BUY: 0.65, SELL: 0.65, Net Signal: 0.00
HOLD Range: [0.20, 0.80] → SELL @ 0.00
Average confidence - BUY: 0.75, SELL: 0.60, Net Signal: 0.15
HOLD Range: [0.20, 0.80] → SELL @ 0.15
Average confidence - BUY: 0.00, SELL: 0.60, Net Signal: -0.60
HOLD Range: [0.20, 0.80] → SELL @ 0.60
Average confidence - BUY: 0.00, SELL: 0.62, Net Signal: -0.62
HOLD Range: [0.20, 0.80] → SELL @ 0.62
Average confidence - BUY: 0.75, SELL: 0.00, Net Signal: 0.75
HOLD Range: [0.20, 0.80] → HOLD @ 0.00
Average confidence - BUY: 0.75, SELL: 0.60, Net Signal: 0.15
HOLD Range: [0.20, 0.80] → SELL @ 0.15
Average confidence - BUY: 0.75, SELL: 0.00, Net Signal: 0.75
HOLD Range: [0.20, 0.80] → HOLD @ 0.00
Average confidence - BUY: 0.75, SELL: 0.00, Net Signal: 0.75
HOLD Range: [0.20, 0.80] → HOLD @ 0.00
Average confidence - BUY: 0.75, SELL: 0.60, Net Signal: 0.15
HOLD Range: [0.20, 0.80] → SELL @ 0.15
Average confidence - BUY: 0.00, SELL: 0.62, Net Signal: -0.62
HOLD Range: [0.20, 0.80] → SELL @ 0.62
Average confidence - BUY: 0.75, SELL: 0.60, Net Signal: 0.15
HOLD Range: [0.20, 0.80] → SELL @ 0.15
Average confidence - BUY: 0.00, SELL: 0.00, Net Signal: 0.00
HOLD Range: [0.20, 0.80] → SELL @ 0.00
Average confidence - BUY: 0.00, SELL: 0.60, Net Signal: -0.60
HOLD Range: [0.20, 0.80] → SELL @ 0.60
Average confidence - BUY: 0.00, SELL: 0.60, Net Signal: -0.60
HOLD Range: [0.20, 0.80] → SELL @ 0.60
Average confidence - BUY: 0.75, SELL: 0.00, Net Signal: 0.75
HOLD Range: [0.20, 0.80] → HOLD @ 0.00
Average confidence - BUY: 0.75, SELL: 0.65, Net Signal: 0.10
HOLD Range: [0.20, 0.80] → SELL @ 0.10
Average confidence - BUY: 0.00, SELL: 0.65, Net Signal: -0.65
HOLD Range: [0.20, 0.80] → SELL @ 0.65
Average confidence - BUY: 0.75, SELL: 0.60, Net Signal: 0.15
HOLD Range: [0.20, 0.80] → SELL @ 0.15
Average confidence - BUY: 0.75, SELL: 0.60, Net Signal: 0.15
HOLD Range: [0.20, 0.80] → SELL @ 0.15
Average confidence - BUY: 0.00, SELL: 0.65, Net Signal: -0.65
HOLD Range: [0.20, 0.80] → SELL @ 0.65
Average confidence - BUY: 0.00, SELL: 0.00, Net Signal: 0.00
HOLD Range: [0.20, 0.80] → SELL @ 0.00
Average confidence - BUY: 0.72, SELL: 0.65, Net Signal: 0.07
HOLD Range: [0.20, 0.80] → SELL @ 0.07
Average confidence - BUY: 0.75, SELL: 0.00, Net Signal: 0.75
HOLD Range: [0.20, 0.80] → HOLD @ 0.00
Average confidence - BUY: 0.90, SELL: 0.60, Net Signal: 0.30
HOLD Range: [0.20, 0.80] → HOLD @ 0.00
Average confidence - BUY: 0.75, SELL: 0.60, Net Signal: 0.15
HOLD Range: [0.20, 0.80] → SELL @ 0.15
Average confidence - BUY: 0.75, SELL: 0.60, Net Signal: 0.15
HOLD Range: [0.20, 0.80] → SELL @ 0.15
Average confidence - BUY: 0.00, SELL: 0.00, Net Signal: 0.00
HOLD Range: [0.20, 0.80] → SELL @ 0.00
Average confidence - BUY: 0.00, SELL: 0.00, Net Signal: 0.00
HOLD Range: [0.20, 0.80] → SELL @ 0.00
Average confidence - BUY: 0.75, SELL: 0.60, Net Signal: 0.15
HOLD Range: [0.20, 0.80] → SELL @ 0.15
Average confidence - BUY: 0.00, SELL: 0.65, Net Signal: -0.65
HOLD Range: [0.20, 0.80] → SELL @ 0.65
Average confidence - BUY: 0.75, SELL: 0.00, Net Signal: 0.75
HOLD Range: [0.20, 0.80] → HOLD @ 0.00
Average confidence - BUY: 0.75, SELL: 0.00, Net Signal: 0.75
HOLD Range: [0.20, 0.80] → HOLD @ 0.00
Average confidence - BUY: 0.82, SELL: 0.00, Net Signal: 0.82
HOLD Range: [0.20, 0.80] → BUY @ 0.82
Penny stocks allowed for user7 - including DVLT (price: $1.90, market cap: $187308592)
Average confidence - BUY: 0.00, SELL: 0.65, Net Signal: -0.65
HOLD Range: [0.20, 0.80] → SELL @ 0.65
Average confidence - BUY: 0.00, SELL: 0.65, Net Signal: -0.65
HOLD Range: [0.20, 0.80] → SELL @ 0.65
Average confidence - BUY: 0.00, SELL: 0.65, Net Signal: -0.65
HOLD Range: [0.20, 0.80] → SELL @ 0.65
Average confidence - BUY: 0.00, SELL: 0.60, Net Signal: -0.60
HOLD Range: [0.20, 0.80] → SELL @ 0.60
Average confidence - BUY: 0.75, SELL: 0.00, Net Signal: 0.75
HOLD Range: [0.20, 0.80] → HOLD @ 0.00
Average confidence - BUY: 0.00, SELL: 0.63, Net Signal: -0.63
HOLD Range: [0.20, 0.80] → SELL @ 0.63
Average confidence - BUY: 0.00, SELL: 0.60, Net Signal: -0.60
HOLD Range: [0.20, 0.80] → SELL @ 0.60
Average confidence - BUY: 0.75, SELL: 0.00, Net Signal: 0.75
HOLD Range: [0.20, 0.80] → HOLD @ 0.00
Average confidence - BUY: 0.75, SELL: 0.60, Net Signal: 0.15
HOLD Range: [0.20, 0.80] → SELL @ 0.15
Average confidence - BUY: 0.00, SELL: 0.60, Net Signal: -0.60
HOLD Range: [0.20, 0.80] → SELL @ 0.60
Average confidence - BUY: 0.00, SELL: 0.60, Net Signal: -0.60
HOLD Range: [0.20, 0.80] → SELL @ 0.60
Average confidence - BUY: 0.75, SELL: 0.00, Net Signal: 0.75
HOLD Range: [0.20, 0.80] → HOLD @ 0.00
Average confidence - BUY: 0.75, SELL: 0.00, Net Signal: 0.75
HOLD Range: [0.20, 0.80] → HOLD @ 0.00
Average confidence - BUY: 0.90, SELL: 0.00, Net Signal: 0.90
HOLD Range: [0.20, 0.80] → BUY @ 0.90
Penny stocks allowed for user7 - including MRM (price: $2.14, market cap: $23231736)
Average confidence - BUY: 0.82, SELL: 0.00, Net Signal: 0.82
HOLD Range: [0.20, 0.80] → BUY @ 0.82
Penny stocks allowed for user7 - including MSFT (price: $510.96, market cap: $3830758244000)
Average confidence - BUY: 0.00, SELL: 0.65, Net Signal: -0.65
HOLD Range: [0.20, 0.80] → SELL @ 0.65
Average confidence - BUY: 0.75, SELL: 0.00, Net Signal: 0.75
HOLD Range: [0.20, 0.80] → HOLD @ 0.00
Average confidence - BUY: 0.75, SELL: 0.00, Net Signal: 0.75
HOLD Range: [0.20, 0.80] → HOLD @ 0.00
Average confidence - BUY: 0.65, SELL: 0.65, Net Signal: 0.00
HOLD Range: [0.20, 0.80] → SELL @ 0.00
Average confidence - BUY: 0.78, SELL: 0.00, Net Signal: 0.78
HOLD Range: [0.20, 0.80] → HOLD @ 0.00
Average confidence - BUY: 0.73, SELL: 0.00, Net Signal: 0.73
HOLD Range: [0.20, 0.80] → HOLD @ 0.00
Average confidence - BUY: 0.00, SELL: 0.65, Net Signal: -0.65
HOLD Range: [0.20, 0.80] → SELL @ 0.65
Average confidence - BUY: 0.65, SELL: 0.65, Net Signal: 0.00
HOLD Range: [0.20, 0.80] → SELL @ 0.00
Average confidence - BUY: 0.65, SELL: 0.65, Net Signal: 0.00
HOLD Range: [0.20, 0.80] → SELL @ 0.00
Average confidence - BUY: 0.65, SELL: 0.65, Net Signal: 0.00
HOLD Range: [0.20, 0.80] → SELL @ 0.00
Average confidence - BUY: 0.75, SELL: 0.60, Net Signal: 0.15
HOLD Range: [0.20, 0.80] → SELL @ 0.15
Average confidence - BUY: 0.75, SELL: 0.60, Net Signal: 0.15
HOLD Range: [0.20, 0.80] → SELL @ 0.15
Average confidence - BUY: 0.65, SELL: 0.00, Net Signal: 0.65
HOLD Range: [0.20, 0.80] → HOLD @ 0.00
Average confidence - BUY: 0.75, SELL: 0.00, Net Signal: 0.75
HOLD Range: [0.20, 0.80] → HOLD @ 0.00
Average confidence - BUY: 0.00, SELL: 0.65, Net Signal: -0.65
HOLD Range: [0.20, 0.80] → SELL @ 0.65
Average confidence - BUY: 0.75, SELL: 0.00, Net Signal: 0.75
HOLD Range: [0.20, 0.80] → HOLD @ 0.00
Average confidence - BUY: 0.75, SELL: 0.60, Net Signal: 0.15
HOLD Range: [0.20, 0.80] → SELL @ 0.15
Average confidence - BUY: 0.72, SELL: 0.65, Net Signal: 0.07
HOLD Range: [0.20, 0.80] → SELL @ 0.07
Average confidence - BUY: 0.00, SELL: 0.65, Net Signal: -0.65
HOLD Range: [0.20, 0.80] → SELL @ 0.65
Average confidence - BUY: 0.65, SELL: 0.65, Net Signal: 0.00
HOLD Range: [0.20, 0.80] → SELL @ 0.00
Average confidence - BUY: 0.75, SELL: 0.60, Net Signal: 0.15
HOLD Range: [0.20, 0.80] → SELL @ 0.15
Average confidence - BUY: 0.75, SELL: 0.80, Net Signal: -0.05
HOLD Range: [0.20, 0.80] → SELL @ 0.05
Average confidence - BUY: 0.00, SELL: 0.00, Net Signal: 0.00
HOLD Range: [0.20, 0.80] → SELL @ 0.00
Average confidence - BUY: 0.00, SELL: 0.65, Net Signal: -0.65
HOLD Range: [0.20, 0.80] → SELL @ 0.65
Average confidence - BUY: 0.74, SELL: 0.00, Net Signal: 0.74
HOLD Range: [0.20, 0.80] → HOLD @ 0.00
Average confidence - BUY: 0.00, SELL: 0.60, Net Signal: -0.60
HOLD Range: [0.20, 0.80] → SELL @ 0.60
Average confidence - BUY: 0.75, SELL: 0.60, Net Signal: 0.15
HOLD Range: [0.20, 0.80] → SELL @ 0.15
Average confidence - BUY: 0.00, SELL: 0.00, Net Signal: 0.00
HOLD Range: [0.20, 0.80] → SELL @ 0.00
Average confidence - BUY: 0.75, SELL: 0.65, Net Signal: 0.10
HOLD Range: [0.20, 0.80] → SELL @ 0.10
Average confidence - BUY: 0.00, SELL: 0.65, Net Signal: -0.65
HOLD Range: [0.20, 0.80] → SELL @ 0.65
Average confidence - BUY: 0.00, SELL: 0.00, Net Signal: 0.00
HOLD Range: [0.20, 0.80] → SELL @ 0.00
Average confidence - BUY: 0.00, SELL: 0.00, Net Signal: 0.00
HOLD Range: [0.20, 0.80] → SELL @ 0.00
Average confidence - BUY: 0.65, SELL: 0.00, Net Signal: 0.65
HOLD Range: [0.20, 0.80] → HOLD @ 0.00
Average confidence - BUY: 0.00, SELL: 0.00, Net Signal: 0.00
HOLD Range: [0.20, 0.80] → SELL @ 0.00
Average confidence - BUY: 0.00, SELL: 0.62, Net Signal: -0.62
HOLD Range: [0.20, 0.80] → SELL @ 0.62
Average confidence - BUY: 0.00, SELL: 0.00, Net Signal: 0.00
HOLD Range: [0.20, 0.80] → SELL @ 0.00
Average confidence - BUY: 0.00, SELL: 0.00, Net Signal: 0.00
HOLD Range: [0.20, 0.80] → SELL @ 0.00
Average confidence - BUY: 0.00, SELL: 0.62, Net Signal: -0.62
HOLD Range: [0.20, 0.80] → SELL @ 0.62
Average confidence - BUY: 0.75, SELL: 0.60, Net Signal: 0.15
HOLD Range: [0.20, 0.80] → SELL @ 0.15
Average confidence - BUY: 0.00, SELL: 0.00, Net Signal: 0.00
HOLD Range: [0.20, 0.80] → SELL @ 0.00
Average confidence - BUY: 0.00, SELL: 0.60, Net Signal: -0.60
HOLD Range: [0.20, 0.80] → SELL @ 0.60
Average confidence - BUY: 0.00, SELL: 0.00, Net Signal: 0.00
HOLD Range: [0.20, 0.80] → SELL @ 0.00
Average confidence - BUY: 0.75, SELL: 0.00, Net Signal: 0.75
HOLD Range: [0.20, 0.80] → HOLD @ 0.00
Average confidence - BUY: 0.75, SELL: 0.00, Net Signal: 0.75
HOLD Range: [0.20, 0.80] → HOLD @ 0.00
Average confidence - BUY: 0.75, SELL: 0.60, Net Signal: 0.15
HOLD Range: [0.20, 0.80] → SELL @ 0.15
Average confidence - BUY: 0.75, SELL: 0.00, Net Signal: 0.75
HOLD Range: [0.20, 0.80] → HOLD @ 0.00
Average confidence - BUY: 0.78, SELL: 0.00, Net Signal: 0.78
HOLD Range: [0.20, 0.80] → HOLD @ 0.00
Average confidence - BUY: 0.75, SELL: 0.00, Net Signal: 0.75
HOLD Range: [0.20, 0.80] → HOLD @ 0.00
Average confidence - BUY: 0.78, SELL: 0.00, Net Signal: 0.78
HOLD Range: [0.20, 0.80] → HOLD @ 0.00
Average confidence - BUY: 0.78, SELL: 0.00, Net Signal: 0.78
HOLD Range: [0.20, 0.80] → HOLD @ 0.00
Average confidence - BUY: 0.75, SELL: 0.00, Net Signal: 0.75
HOLD Range: [0.20, 0.80] → HOLD @ 0.00
Average confidence - BUY: 0.70, SELL: 0.00, Net Signal: 0.70
HOLD Range: [0.20, 0.80] → HOLD @ 0.00
Average confidence - BUY: 0.73, SELL: 0.00, Net Signal: 0.73
HOLD Range: [0.20, 0.80] → HOLD @ 0.00
Average confidence - BUY: 0.82, SELL: 0.00, Net Signal: 0.82
HOLD Range: [0.20, 0.80] → BUY @ 0.82
Penny stocks allowed for user7 - including XP (price: $15.81, market cap: $8328495616)
Average confidence - BUY: 0.70, SELL: 0.00, Net Signal: 0.70
HOLD Range: [0.20, 0.80] → HOLD @ 0.00
Average confidence - BUY: 0.73, SELL: 0.00, Net Signal: 0.73
HOLD Range: [0.20, 0.80] → HOLD @ 0.00
Average confidence - BUY: 0.81, SELL: 0.00, Net Signal: 0.81
HOLD Range: [0.20, 0.80] → BUY @ 0.81
Penny stocks allowed for user7 - including YPF (price: $26.42, market cap: $10737253376)
Average confidence - BUY: 0.77, SELL: 0.00, Net Signal: 0.77
HOLD Range: [0.20, 0.80] → HOLD @ 0.00
Consolidated 5 recommendations: 0 SELL, 5 BUY
Fetching real-time prices for 37 stocks
Updated PXSAW price in database: $0.0207
Updated NVDA price in database: $183.16
Updated WSR price in database: $11.46
Updated BITF price in database: $4.2
Updated TIRX price in database: $1.26
Updated UTHR price in database: $440.0
Updated SOXS price in database: $4.94
Updated CARM price in database: $0.1539
Updated XP price in database: $15.81
Updated TDIC price in database: $1.16
Updated CURIW price in database: $0.003
Updated ASPCR price in database: $0.2
Updated BURU price in database: $0.4752
Updated SGBX price in database: $6.24
Updated XNET price in database: $8.48
Updated NVAWW price in database: $19.98
Updated XYZ price in database: $74.67
Updated BBAI price in database: $7.22
Updated STAI price in database: $0.625
Updated ZION price in database: $52.35
Updated WES price in database: $37.26
Updated ADVWW price in database: $0.0053
Updated ONMDW price in database: $0.2099
Updated WSBF price in database: $14.63
Updated GWH price in database: $4.16
Updated VSEEW price in database: $0.0275
Updated BINI price in database: $0.63
Updated YYAI price in database: $0.1899
Updated QNRX price in database: $20.5
Updated YPF price in database: $26.42
Updated YHGJ price in database: $9.32
Updated NXPLW price in database: $0.0572
Updated GCMGW price in database: $0.2241
Updated WPP price in database: $22.54
Updated TSLL price in database: $17.96
Updated BNKKW price in database: $0.06
Updated XPEV price in database: $21.02
Successfully fetched and updated 37 real-time prices
Pass 1: Analyzing 16 current holdings for SELL opportunities
Average confidence - BUY: 0.75, SELL: 0.00, Net Signal: 0.75
HOLD Range: [0.20, 0.80] → HOLD @ 0.00
Average confidence - BUY: 0.75, SELL: 0.00, Net Signal: 0.75
HOLD Range: [0.20, 0.80] → HOLD @ 0.00
Average confidence - BUY: 0.75, SELL: 0.00, Net Signal: 0.75
HOLD Range: [0.20, 0.80] → HOLD @ 0.00
Average confidence - BUY: 0.75, SELL: 0.00, Net Signal: 0.75
HOLD Range: [0.20, 0.80] → HOLD @ 0.00
Average confidence - BUY: 0.82, SELL: 0.00, Net Signal: 0.82
HOLD Range: [0.20, 0.80] → BUY @ 0.82
Average confidence - BUY: 0.75, SELL: 0.00, Net Signal: 0.75
HOLD Range: [0.20, 0.80] → HOLD @ 0.00
Average confidence - BUY: 0.78, SELL: 0.00, Net Signal: 0.78
HOLD Range: [0.20, 0.80] → HOLD @ 0.00
Average confidence - BUY: 0.78, SELL: 0.00, Net Signal: 0.78
HOLD Range: [0.20, 0.80] → HOLD @ 0.00
Average confidence - BUY: 0.75, SELL: 0.00, Net Signal: 0.75
HOLD Range: [0.20, 0.80] → HOLD @ 0.00
Average confidence - BUY: 0.70, SELL: 0.00, Net Signal: 0.70
HOLD Range: [0.20, 0.80] → HOLD @ 0.00
Average confidence - BUY: 0.73, SELL: 0.00, Net Signal: 0.73
HOLD Range: [0.20, 0.80] → HOLD @ 0.00
Average confidence - BUY: 0.82, SELL: 0.00, Net Signal: 0.82
HOLD Range: [0.20, 0.80] → BUY @ 0.82
Average confidence - BUY: 0.70, SELL: 0.00, Net Signal: 0.70
HOLD Range: [0.20, 0.80] → HOLD @ 0.00
Average confidence - BUY: 0.73, SELL: 0.00, Net Signal: 0.73
HOLD Range: [0.20, 0.80] → HOLD @ 0.00
Average confidence - BUY: 0.81, SELL: 0.00, Net Signal: 0.81
HOLD Range: [0.20, 0.80] → BUY @ 0.81
Average confidence - BUY: 0.77, SELL: 0.00, Net Signal: 0.77
HOLD Range: [0.20, 0.80] → HOLD @ 0.00
Pass 2: Analyzing 37 candidates for BUY opportunities
Average confidence - BUY: 0.00, SELL: 0.62, Net Signal: -0.62
HOLD Range: [0.20, 0.80] → SELL @ 0.62
Average confidence - BUY: 0.00, SELL: 0.00, Net Signal: 0.00
HOLD Range: [0.20, 0.80] → SELL @ 0.00
Average confidence - BUY: 0.75, SELL: 0.65, Net Signal: 0.10
HOLD Range: [0.20, 0.80] → SELL @ 0.10
Average confidence - BUY: 0.00, SELL: 0.00, Net Signal: 0.00
HOLD Range: [0.20, 0.80] → SELL @ 0.00
Average confidence - BUY: 0.00, SELL: 0.00, Net Signal: 0.00
HOLD Range: [0.20, 0.80] → SELL @ 0.00
Average confidence - BUY: 0.00, SELL: 0.60, Net Signal: -0.60
HOLD Range: [0.20, 0.80] → SELL @ 0.60
Average confidence - BUY: 0.00, SELL: 0.60, Net Signal: -0.60
HOLD Range: [0.20, 0.80] → SELL @ 0.60
Average confidence - BUY: 0.65, SELL: 0.65, Net Signal: 0.00
HOLD Range: [0.20, 0.80] → SELL @ 0.00
Average confidence - BUY: 0.00, SELL: 0.65, Net Signal: -0.65
HOLD Range: [0.20, 0.80] → SELL @ 0.65
Average confidence - BUY: 0.00, SELL: 0.65, Net Signal: -0.65
HOLD Range: [0.20, 0.80] → SELL @ 0.65
Average confidence - BUY: 0.00, SELL: 0.65, Net Signal: -0.65
HOLD Range: [0.20, 0.80] → SELL @ 0.65
Average confidence - BUY: 0.75, SELL: 0.60, Net Signal: 0.15
HOLD Range: [0.20, 0.80] → SELL @ 0.15
Average confidence - BUY: 0.75, SELL: 0.80, Net Signal: -0.05
HOLD Range: [0.20, 0.80] → SELL @ 0.05
Average confidence - BUY: 0.00, SELL: 0.60, Net Signal: -0.60
HOLD Range: [0.20, 0.80] → SELL @ 0.60
Average confidence - BUY: 0.75, SELL: 0.65, Net Signal: 0.10
HOLD Range: [0.20, 0.80] → SELL @ 0.10
Average confidence - BUY: 0.00, SELL: 0.65, Net Signal: -0.65
HOLD Range: [0.20, 0.80] → SELL @ 0.65
Average confidence - BUY: 0.00, SELL: 0.00, Net Signal: 0.00
HOLD Range: [0.20, 0.80] → SELL @ 0.00
Average confidence - BUY: 0.00, SELL: 0.00, Net Signal: 0.00
HOLD Range: [0.20, 0.80] → SELL @ 0.00
Average confidence - BUY: 0.00, SELL: 0.00, Net Signal: 0.00
HOLD Range: [0.20, 0.80] → SELL @ 0.00
Average confidence - BUY: 0.00, SELL: 0.00, Net Signal: 0.00
HOLD Range: [0.20, 0.80] → SELL @ 0.00
Average confidence - BUY: 0.00, SELL: 0.60, Net Signal: -0.60
HOLD Range: [0.20, 0.80] → SELL @ 0.60
Average confidence - BUY: 0.75, SELL: 0.00, Net Signal: 0.75
HOLD Range: [0.20, 0.80] → HOLD @ 0.00
Average confidence - BUY: 0.75, SELL: 0.00, Net Signal: 0.75
HOLD Range: [0.20, 0.80] → HOLD @ 0.00
Average confidence - BUY: 0.75, SELL: 0.00, Net Signal: 0.75
HOLD Range: [0.20, 0.80] → HOLD @ 0.00
Average confidence - BUY: 0.75, SELL: 0.00, Net Signal: 0.75
HOLD Range: [0.20, 0.80] → HOLD @ 0.00
Average confidence - BUY: 0.82, SELL: 0.00, Net Signal: 0.82
HOLD Range: [0.20, 0.80] → BUY @ 0.82
Penny stocks allowed for user7 - including NVDA (price: $183.16, market cap: $4329385492000)
Average confidence - BUY: 0.75, SELL: 0.00, Net Signal: 0.75
HOLD Range: [0.20, 0.80] → HOLD @ 0.00
Average confidence - BUY: 0.78, SELL: 0.00, Net Signal: 0.78
HOLD Range: [0.20, 0.80] → HOLD @ 0.00
Average confidence - BUY: 0.78, SELL: 0.00, Net Signal: 0.78
HOLD Range: [0.20, 0.80] → HOLD @ 0.00
Average confidence - BUY: 0.75, SELL: 0.00, Net Signal: 0.75
HOLD Range: [0.20, 0.80] → HOLD @ 0.00
Average confidence - BUY: 0.70, SELL: 0.00, Net Signal: 0.70
HOLD Range: [0.20, 0.80] → HOLD @ 0.00
Average confidence - BUY: 0.73, SELL: 0.00, Net Signal: 0.73
HOLD Range: [0.20, 0.80] → HOLD @ 0.00
Average confidence - BUY: 0.82, SELL: 0.00, Net Signal: 0.82
HOLD Range: [0.20, 0.80] → BUY @ 0.82
Penny stocks allowed for user7 - including XP (price: $15.81, market cap: $8328495616)
Average confidence - BUY: 0.70, SELL: 0.00, Net Signal: 0.70
HOLD Range: [0.20, 0.80] → HOLD @ 0.00
Average confidence - BUY: 0.73, SELL: 0.00, Net Signal: 0.73
HOLD Range: [0.20, 0.80] → HOLD @ 0.00
Average confidence - BUY: 0.81, SELL: 0.00, Net Signal: 0.81
HOLD Range: [0.20, 0.80] → BUY @ 0.81
Penny stocks allowed for user7 - including YPF (price: $26.42, market cap: $10737253376)
Average confidence - BUY: 0.77, SELL: 0.00, Net Signal: 0.77
HOLD Range: [0.20, 0.80] → HOLD @ 0.00
Consolidated 3 recommendations: 0 SELL, 3 BUY
Fetching real-time prices for 37 stocks
Updated TIRX price in database: $1.26
Updated BURU price in database: $0.4752
Updated ASPCR price in database: $0.2
Updated UTHR price in database: $440.0
Updated WPP price in database: $22.54
Updated YHGJ price in database: $9.32
Updated PXSAW price in database: $0.0207
Updated BITF price in database: $4.2
Updated ONMDW price in database: $0.2099
Updated YYAI price in database: $0.1899
Updated ZION price in database: $52.35
Updated BINI price in database: $0.63
Updated CARM price in database: $0.1539
Updated TDIC price in database: $1.16
Updated BNKKW price in database: $0.06
Updated NXPLW price in database: $0.0572
Updated XYZ price in database: $74.67
Updated GWH price in database: $4.16
Updated NVDA price in database: $183.16
Updated XPEV price in database: $21.02
Updated GCMGW price in database: $0.2241
Updated STAI price in database: $0.625
Updated SOXS price in database: $4.94
Updated WSBF price in database: $14.63
Updated XNET price in database: $8.48
Updated QNRX price in database: $20.5
Updated VSEEW price in database: $0.0275
Updated XP price in database: $15.81
Updated TSLL price in database: $17.96
Updated WES price in database: $37.26
Updated CURIW price in database: $0.003
Updated WSR price in database: $11.46
Updated ADVWW price in database: $0.0053
Updated YPF price in database: $26.42
Updated SGBX price in database: $6.24
Updated NVAWW price in database: $19.98
Updated BBAI price in database: $7.22
Successfully fetched and updated 37 real-time prices
Pass 1: Analyzing 16 current holdings for SELL opportunities
Average confidence - BUY: 0.75, SELL: 0.00, Net Signal: 0.75
HOLD Range: [0.20, 0.80] → HOLD @ 0.00
Average confidence - BUY: 0.75, SELL: 0.00, Net Signal: 0.75
HOLD Range: [0.20, 0.80] → HOLD @ 0.00
Average confidence - BUY: 0.75, SELL: 0.00, Net Signal: 0.75
HOLD Range: [0.20, 0.80] → HOLD @ 0.00
Average confidence - BUY: 0.75, SELL: 0.00, Net Signal: 0.75
HOLD Range: [0.20, 0.80] → HOLD @ 0.00
Average confidence - BUY: 0.92, SELL: 0.00, Net Signal: 0.92
HOLD Range: [0.20, 0.80] → BUY @ 0.92
Average confidence - BUY: 0.75, SELL: 0.00, Net Signal: 0.75
HOLD Range: [0.20, 0.80] → HOLD @ 0.00
Average confidence - BUY: 0.78, SELL: 0.00, Net Signal: 0.78
HOLD Range: [0.20, 0.80] → HOLD @ 0.00
Average confidence - BUY: 0.78, SELL: 0.00, Net Signal: 0.78
HOLD Range: [0.20, 0.80] → HOLD @ 0.00
Average confidence - BUY: 0.75, SELL: 0.00, Net Signal: 0.75
HOLD Range: [0.20, 0.80] → HOLD @ 0.00
Average confidence - BUY: 0.70, SELL: 0.00, Net Signal: 0.70
HOLD Range: [0.20, 0.80] → HOLD @ 0.00
Average confidence - BUY: 0.79, SELL: 0.00, Net Signal: 0.79
HOLD Range: [0.20, 0.80] → HOLD @ 0.00
Average confidence - BUY: 0.94, SELL: 0.00, Net Signal: 0.94
HOLD Range: [0.20, 0.80] → BUY @ 0.94
Average confidence - BUY: 0.70, SELL: 0.00, Net Signal: 0.70
HOLD Range: [0.20, 0.80] → HOLD @ 0.00
Average confidence - BUY: 0.73, SELL: 0.00, Net Signal: 0.73
HOLD Range: [0.20, 0.80] → HOLD @ 0.00
Average confidence - BUY: 0.90, SELL: 0.00, Net Signal: 0.90
HOLD Range: [0.20, 0.80] → BUY @ 0.90
Average confidence - BUY: 0.83, SELL: 0.00, Net Signal: 0.83
HOLD Range: [0.20, 0.80] → BUY @ 0.83
Pass 2: Analyzing 37 candidates for BUY opportunities
Average confidence - BUY: 0.00, SELL: 0.62, Net Signal: -0.62
HOLD Range: [0.20, 0.80] → SELL @ 0.62
Average confidence - BUY: 0.00, SELL: 0.00, Net Signal: 0.00
HOLD Range: [0.20, 0.80] → SELL @ 0.00
Average confidence - BUY: 0.75, SELL: 0.65, Net Signal: 0.10
HOLD Range: [0.20, 0.80] → SELL @ 0.10
Average confidence - BUY: 0.00, SELL: 0.00, Net Signal: 0.00
HOLD Range: [0.20, 0.80] → SELL @ 0.00
Average confidence - BUY: 0.00, SELL: 0.00, Net Signal: 0.00
HOLD Range: [0.20, 0.80] → SELL @ 0.00
Average confidence - BUY: 0.00, SELL: 0.60, Net Signal: -0.60
HOLD Range: [0.20, 0.80] → SELL @ 0.60
Average confidence - BUY: 0.00, SELL: 0.60, Net Signal: -0.60
HOLD Range: [0.20, 0.80] → SELL @ 0.60
Average confidence - BUY: 0.65, SELL: 0.65, Net Signal: 0.00
HOLD Range: [0.20, 0.80] → SELL @ 0.00
Average confidence - BUY: 0.00, SELL: 0.65, Net Signal: -0.65
HOLD Range: [0.20, 0.80] → SELL @ 0.65
Average confidence - BUY: 0.00, SELL: 0.65, Net Signal: -0.65
HOLD Range: [0.20, 0.80] → SELL @ 0.65
Average confidence - BUY: 0.00, SELL: 0.65, Net Signal: -0.65
HOLD Range: [0.20, 0.80] → SELL @ 0.65
Average confidence - BUY: 0.75, SELL: 0.60, Net Signal: 0.15
HOLD Range: [0.20, 0.80] → SELL @ 0.15
Average confidence - BUY: 0.75, SELL: 0.96, Net Signal: -0.21
HOLD Range: [0.20, 0.80] → SELL @ 0.21
Average confidence - BUY: 0.00, SELL: 0.60, Net Signal: -0.60
HOLD Range: [0.20, 0.80] → SELL @ 0.60
Average confidence - BUY: 0.75, SELL: 0.65, Net Signal: 0.10
HOLD Range: [0.20, 0.80] → SELL @ 0.10
Average confidence - BUY: 0.00, SELL: 0.65, Net Signal: -0.65
HOLD Range: [0.20, 0.80] → SELL @ 0.65
Average confidence - BUY: 0.00, SELL: 0.00, Net Signal: 0.00
HOLD Range: [0.20, 0.80] → SELL @ 0.00
Average confidence - BUY: 0.00, SELL: 0.00, Net Signal: 0.00
HOLD Range: [0.20, 0.80] → SELL @ 0.00
Average confidence - BUY: 0.00, SELL: 0.00, Net Signal: 0.00
HOLD Range: [0.20, 0.80] → SELL @ 0.00
Average confidence - BUY: 0.00, SELL: 0.00, Net Signal: 0.00
HOLD Range: [0.20, 0.80] → SELL @ 0.00
Average confidence - BUY: 0.00, SELL: 0.60, Net Signal: -0.60
HOLD Range: [0.20, 0.80] → SELL @ 0.60
Average confidence - BUY: 0.75, SELL: 0.00, Net Signal: 0.75
HOLD Range: [0.20, 0.80] → HOLD @ 0.00
Average confidence - BUY: 0.75, SELL: 0.00, Net Signal: 0.75
HOLD Range: [0.20, 0.80] → HOLD @ 0.00
Average confidence - BUY: 0.75, SELL: 0.00, Net Signal: 0.75
HOLD Range: [0.20, 0.80] → HOLD @ 0.00
Average confidence - BUY: 0.75, SELL: 0.00, Net Signal: 0.75
HOLD Range: [0.20, 0.80] → HOLD @ 0.00
Average confidence - BUY: 0.92, SELL: 0.00, Net Signal: 0.92
HOLD Range: [0.20, 0.80] → BUY @ 0.92
Penny stocks allowed for user7 - including NVDA (price: $183.16, market cap: $4329385492000)
Average confidence - BUY: 0.75, SELL: 0.00, Net Signal: 0.75
HOLD Range: [0.20, 0.80] → HOLD @ 0.00
Average confidence - BUY: 0.78, SELL: 0.00, Net Signal: 0.78
HOLD Range: [0.20, 0.80] → HOLD @ 0.00
Average confidence - BUY: 0.78, SELL: 0.00, Net Signal: 0.78
HOLD Range: [0.20, 0.80] → HOLD @ 0.00
Average confidence - BUY: 0.75, SELL: 0.00, Net Signal: 0.75
HOLD Range: [0.20, 0.80] → HOLD @ 0.00
Average confidence - BUY: 0.70, SELL: 0.00, Net Signal: 0.70
HOLD Range: [0.20, 0.80] → HOLD @ 0.00
Average confidence - BUY: 0.79, SELL: 0.00, Net Signal: 0.79
HOLD Range: [0.20, 0.80] → HOLD @ 0.00
Average confidence - BUY: 0.94, SELL: 0.00, Net Signal: 0.94
HOLD Range: [0.20, 0.80] → BUY @ 0.94
Penny stocks allowed for user7 - including XP (price: $15.81, market cap: $8328495616)
Average confidence - BUY: 0.70, SELL: 0.00, Net Signal: 0.70
HOLD Range: [0.20, 0.80] → HOLD @ 0.00
Average confidence - BUY: 0.73, SELL: 0.00, Net Signal: 0.73
HOLD Range: [0.20, 0.80] → HOLD @ 0.00
Average confidence - BUY: 0.90, SELL: 0.00, Net Signal: 0.90
HOLD Range: [0.20, 0.80] → BUY @ 0.90
Penny stocks allowed for user7 - including YPF (price: $26.42, market cap: $10737253376)
Average confidence - BUY: 0.83, SELL: 0.00, Net Signal: 0.83
HOLD Range: [0.20, 0.80] → BUY @ 0.83
Penny stocks allowed for user7 - including ZION (price: $52.35, market cap: $7728105472)
Consolidated 4 recommendations: 0 SELL, 4 BUY
Fetching real-time prices for 24 stocks
Updated YAAS price in database: $2.94
Updated ATCH price in database: $0.4097
Updated AQMS price in database: $5.66
Updated GPUS price in database: $0.4799
Updated APLT price in database: $0.9403
Updated AGMH price in database: $5.79
Updated DVLT price in database: $1.9
Updated NUAI price in database: $2.6
Updated MSFT price in database: $510.96
Updated SOXS price in database: $4.94
Updated NRSNW price in database: $0.32
Updated BIAF price in database: $2.72
Updated QLGN price in database: $4.16
Updated DFLI price in database: $1.09
Updated NVDA price in database: $183.16
Updated MBX price in database: $14.91
Updated SDSTW price in database: $0.107
Updated GDEVW price in database: $0.0306
Updated INTC price in database: $36.37
Updated BIAFW price in database: $0.55
Updated PXSAW price in database: $0.0207
Updated FOFO price in database: $11.7
Updated OPEN price in database: $7.57
Updated MRM price in database: $2.14
Successfully fetched and updated 24 real-time prices
Pass 1: Analyzing 1 current holdings for SELL opportunities
Average confidence - BUY: 0.90, SELL: 0.00, Net Signal: 0.90
HOLD Range: [0.20, 0.80] → BUY @ 0.90
Pass 2: Analyzing 24 candidates for BUY opportunities
Average confidence - BUY: 0.75, SELL: 0.60, Net Signal: 0.15
HOLD Range: [0.20, 0.80] → SELL @ 0.15
Average confidence - BUY: 0.75, SELL: 0.60, Net Signal: 0.15
HOLD Range: [0.20, 0.80] → SELL @ 0.15
Average confidence - BUY: 0.75, SELL: 0.60, Net Signal: 0.15
HOLD Range: [0.20, 0.80] → SELL @ 0.15
Average confidence - BUY: 0.75, SELL: 0.00, Net Signal: 0.75
HOLD Range: [0.20, 0.80] → HOLD @ 0.00
Average confidence - BUY: 0.00, SELL: 0.74, Net Signal: -0.74
HOLD Range: [0.20, 0.80] → SELL @ 0.74
Average confidence - BUY: 0.00, SELL: 0.63, Net Signal: -0.63
HOLD Range: [0.20, 0.80] → SELL @ 0.63
Average confidence - BUY: 0.75, SELL: 0.00, Net Signal: 0.75
HOLD Range: [0.20, 0.80] → HOLD @ 0.00
Average confidence - BUY: 0.92, SELL: 0.00, Net Signal: 0.92
HOLD Range: [0.20, 0.80] → BUY @ 0.92
Penny stocks allowed for user7 - including DVLT (price: $1.90, market cap: $187308592)
Average confidence - BUY: 0.00, SELL: 0.65, Net Signal: -0.65
HOLD Range: [0.20, 0.80] → SELL @ 0.65
Average confidence - BUY: 0.75, SELL: 0.60, Net Signal: 0.15
HOLD Range: [0.20, 0.80] → SELL @ 0.15
Average confidence - BUY: 0.75, SELL: 0.63, Net Signal: 0.12
HOLD Range: [0.20, 0.80] → SELL @ 0.12
Average confidence - BUY: 0.00, SELL: 0.65, Net Signal: -0.65
HOLD Range: [0.20, 0.80] → SELL @ 0.65
Average confidence - BUY: 0.75, SELL: 0.00, Net Signal: 0.75
HOLD Range: [0.20, 0.80] → HOLD @ 0.00
Average confidence - BUY: 0.92, SELL: 0.60, Net Signal: 0.32
HOLD Range: [0.20, 0.80] → HOLD @ 0.00
Average confidence - BUY: 0.90, SELL: 0.00, Net Signal: 0.90
HOLD Range: [0.20, 0.80] → BUY @ 0.90
Penny stocks allowed for user7 - including MSFT (price: $510.96, market cap: $3830758244000)
Average confidence - BUY: 0.65, SELL: 0.00, Net Signal: 0.65
HOLD Range: [0.20, 0.80] → HOLD @ 0.00
Average confidence - BUY: 0.75, SELL: 0.00, Net Signal: 0.75
HOLD Range: [0.20, 0.80] → HOLD @ 0.00
Average confidence - BUY: 0.65, SELL: 0.62, Net Signal: 0.02
HOLD Range: [0.20, 0.80] → SELL @ 0.02
Average confidence - BUY: 0.00, SELL: 0.64, Net Signal: -0.64
HOLD Range: [0.20, 0.80] → SELL @ 0.64
Average confidence - BUY: 0.75, SELL: 0.60, Net Signal: 0.15
HOLD Range: [0.20, 0.80] → SELL @ 0.15
Average confidence - BUY: 0.00, SELL: 0.00, Net Signal: 0.00
HOLD Range: [0.20, 0.80] → SELL @ 0.00
Average confidence - BUY: 0.00, SELL: 0.00, Net Signal: 0.00
HOLD Range: [0.20, 0.80] → SELL @ 0.00
Average confidence - BUY: 0.00, SELL: 0.00, Net Signal: 0.00
HOLD Range: [0.20, 0.80] → SELL @ 0.00
Average confidence - BUY: 0.90, SELL: 0.00, Net Signal: 0.90
HOLD Range: [0.20, 0.80] → BUY @ 0.90
Penny stocks allowed for user7 - including NVDA (price: $183.16, market cap: $4329385492000)
Consolidated 3 recommendations: 0 SELL, 3 BUY
Fetching real-time prices for 37 stocks
Updated YHGJ price in database: $9.32
Updated TIRX price in database: $1.26
Updated GCMGW price in database: $0.2241
Updated NVDA price in database: $183.16
Updated YYAI price in database: $0.1899
Updated ADVWW price in database: $0.0053
Updated NXPLW price in database: $0.0572
Updated BITF price in database: $4.2
Updated BURU price in database: $0.4752
Updated WES price in database: $37.26
Updated STAI price in database: $0.625
Updated XNET price in database: $8.48
Updated BBAI price in database: $7.22
Updated WSBF price in database: $14.63
Updated WSR price in database: $11.46
Updated SGBX price in database: $6.24
Updated UTHR price in database: $440.0
Updated CURIW price in database: $0.003
Updated BINI price in database: $0.63
Updated VSEEW price in database: $0.0275
Updated GWH price in database: $4.16
Updated QNRX price in database: $20.5
Updated ONMDW price in database: $0.2099
Updated WPP price in database: $22.54
Updated CARM price in database: $0.1539
Updated NVAWW price in database: $19.98
Updated YPF price in database: $26.42
Updated ASPCR price in database: $0.2
Updated TSLL price in database: $17.96
Updated XP price in database: $15.81
Updated BNKKW price in database: $0.06
Updated ZION price in database: $52.35
Updated TDIC price in database: $1.16
Updated XPEV price in database: $21.02
Updated SOXS price in database: $4.94
Updated XYZ price in database: $74.67
Updated PXSAW price in database: $0.0207
Successfully fetched and updated 37 real-time prices
Pass 1: Analyzing 16 current holdings for SELL opportunities
Average confidence - BUY: 0.75, SELL: 0.00, Net Signal: 0.75
HOLD Range: [0.20, 0.80] → HOLD @ 0.00
Average confidence - BUY: 0.75, SELL: 0.00, Net Signal: 0.75
HOLD Range: [0.20, 0.80] → HOLD @ 0.00
Average confidence - BUY: 0.75, SELL: 0.00, Net Signal: 0.75
HOLD Range: [0.20, 0.80] → HOLD @ 0.00
Average confidence - BUY: 0.75, SELL: 0.00, Net Signal: 0.75
HOLD Range: [0.20, 0.80] → HOLD @ 0.00
Average confidence - BUY: 0.92, SELL: 0.00, Net Signal: 0.92
HOLD Range: [0.20, 0.80] → BUY @ 0.92
Average confidence - BUY: 0.75, SELL: 0.00, Net Signal: 0.75
HOLD Range: [0.20, 0.80] → HOLD @ 0.00
Average confidence - BUY: 0.78, SELL: 0.00, Net Signal: 0.78
HOLD Range: [0.20, 0.80] → HOLD @ 0.00
Average confidence - BUY: 0.78, SELL: 0.00, Net Signal: 0.78
HOLD Range: [0.20, 0.80] → HOLD @ 0.00
Average confidence - BUY: 0.75, SELL: 0.00, Net Signal: 0.75
HOLD Range: [0.20, 0.80] → HOLD @ 0.00
Average confidence - BUY: 0.70, SELL: 0.00, Net Signal: 0.70
HOLD Range: [0.20, 0.80] → HOLD @ 0.00
Average confidence - BUY: 0.79, SELL: 0.00, Net Signal: 0.79
HOLD Range: [0.20, 0.80] → HOLD @ 0.00
Average confidence - BUY: 0.94, SELL: 0.00, Net Signal: 0.94
HOLD Range: [0.20, 0.80] → BUY @ 0.94
Average confidence - BUY: 0.70, SELL: 0.00, Net Signal: 0.70
HOLD Range: [0.20, 0.80] → HOLD @ 0.00
Average confidence - BUY: 0.73, SELL: 0.00, Net Signal: 0.73
HOLD Range: [0.20, 0.80] → HOLD @ 0.00
Average confidence - BUY: 0.90, SELL: 0.00, Net Signal: 0.90
HOLD Range: [0.20, 0.80] → BUY @ 0.90
Average confidence - BUY: 0.83, SELL: 0.00, Net Signal: 0.83
HOLD Range: [0.20, 0.80] → BUY @ 0.83
Pass 2: Analyzing 37 candidates for BUY opportunities
Average confidence - BUY: 0.00, SELL: 0.62, Net Signal: -0.62
HOLD Range: [0.20, 0.80] → SELL @ 0.62
Average confidence - BUY: 0.00, SELL: 0.00, Net Signal: 0.00
HOLD Range: [0.20, 0.80] → SELL @ 0.00
Average confidence - BUY: 0.75, SELL: 0.65, Net Signal: 0.10
HOLD Range: [0.20, 0.80] → SELL @ 0.10
Average confidence - BUY: 0.00, SELL: 0.00, Net Signal: 0.00
HOLD Range: [0.20, 0.80] → SELL @ 0.00
Average confidence - BUY: 0.00, SELL: 0.00, Net Signal: 0.00
HOLD Range: [0.20, 0.80] → SELL @ 0.00
Average confidence - BUY: 0.00, SELL: 0.60, Net Signal: -0.60
HOLD Range: [0.20, 0.80] → SELL @ 0.60
Average confidence - BUY: 0.00, SELL: 0.60, Net Signal: -0.60
HOLD Range: [0.20, 0.80] → SELL @ 0.60
Average confidence - BUY: 0.65, SELL: 0.65, Net Signal: 0.00
HOLD Range: [0.20, 0.80] → SELL @ 0.00
Average confidence - BUY: 0.00, SELL: 0.65, Net Signal: -0.65
HOLD Range: [0.20, 0.80] → SELL @ 0.65
Average confidence - BUY: 0.00, SELL: 0.65, Net Signal: -0.65
HOLD Range: [0.20, 0.80] → SELL @ 0.65
Average confidence - BUY: 0.00, SELL: 0.65, Net Signal: -0.65
HOLD Range: [0.20, 0.80] → SELL @ 0.65
Average confidence - BUY: 0.75, SELL: 0.60, Net Signal: 0.15
HOLD Range: [0.20, 0.80] → SELL @ 0.15
Average confidence - BUY: 0.75, SELL: 0.96, Net Signal: -0.21
HOLD Range: [0.20, 0.80] → SELL @ 0.21
Average confidence - BUY: 0.00, SELL: 0.60, Net Signal: -0.60
HOLD Range: [0.20, 0.80] → SELL @ 0.60
Average confidence - BUY: 0.75, SELL: 0.65, Net Signal: 0.10
HOLD Range: [0.20, 0.80] → SELL @ 0.10
Average confidence - BUY: 0.00, SELL: 0.65, Net Signal: -0.65
HOLD Range: [0.20, 0.80] → SELL @ 0.65
Average confidence - BUY: 0.00, SELL: 0.00, Net Signal: 0.00
HOLD Range: [0.20, 0.80] → SELL @ 0.00
Average confidence - BUY: 0.00, SELL: 0.00, Net Signal: 0.00
HOLD Range: [0.20, 0.80] → SELL @ 0.00
Average confidence - BUY: 0.00, SELL: 0.00, Net Signal: 0.00
HOLD Range: [0.20, 0.80] → SELL @ 0.00
Average confidence - BUY: 0.00, SELL: 0.00, Net Signal: 0.00
HOLD Range: [0.20, 0.80] → SELL @ 0.00
Average confidence - BUY: 0.00, SELL: 0.60, Net Signal: -0.60
HOLD Range: [0.20, 0.80] → SELL @ 0.60
Average confidence - BUY: 0.75, SELL: 0.00, Net Signal: 0.75
HOLD Range: [0.20, 0.80] → HOLD @ 0.00
Average confidence - BUY: 0.75, SELL: 0.00, Net Signal: 0.75
HOLD Range: [0.20, 0.80] → HOLD @ 0.00
Average confidence - BUY: 0.75, SELL: 0.00, Net Signal: 0.75
HOLD Range: [0.20, 0.80] → HOLD @ 0.00
Average confidence - BUY: 0.75, SELL: 0.00, Net Signal: 0.75
HOLD Range: [0.20, 0.80] → HOLD @ 0.00
Average confidence - BUY: 0.92, SELL: 0.00, Net Signal: 0.92
HOLD Range: [0.20, 0.80] → BUY @ 0.92
Penny stocks allowed for user7 - including NVDA (price: $183.16, market cap: $4329385492000)
Average confidence - BUY: 0.75, SELL: 0.00, Net Signal: 0.75
HOLD Range: [0.20, 0.80] → HOLD @ 0.00
Average confidence - BUY: 0.78, SELL: 0.00, Net Signal: 0.78
HOLD Range: [0.20, 0.80] → HOLD @ 0.00
Average confidence - BUY: 0.78, SELL: 0.00, Net Signal: 0.78
HOLD Range: [0.20, 0.80] → HOLD @ 0.00
Average confidence - BUY: 0.75, SELL: 0.00, Net Signal: 0.75
HOLD Range: [0.20, 0.80] → HOLD @ 0.00
Average confidence - BUY: 0.70, SELL: 0.00, Net Signal: 0.70
HOLD Range: [0.20, 0.80] → HOLD @ 0.00
Average confidence - BUY: 0.79, SELL: 0.00, Net Signal: 0.79
HOLD Range: [0.20, 0.80] → HOLD @ 0.00
Average confidence - BUY: 0.94, SELL: 0.00, Net Signal: 0.94
HOLD Range: [0.20, 0.80] → BUY @ 0.94
Penny stocks allowed for user7 - including XP (price: $15.81, market cap: $8328495616)
Average confidence - BUY: 0.70, SELL: 0.00, Net Signal: 0.70
HOLD Range: [0.20, 0.80] → HOLD @ 0.00
Average confidence - BUY: 0.73, SELL: 0.00, Net Signal: 0.73
HOLD Range: [0.20, 0.80] → HOLD @ 0.00
Average confidence - BUY: 0.90, SELL: 0.00, Net Signal: 0.90
HOLD Range: [0.20, 0.80] → BUY @ 0.90
Penny stocks allowed for user7 - including YPF (price: $26.42, market cap: $10737253376)
Average confidence - BUY: 0.83, SELL: 0.00, Net Signal: 0.83
HOLD Range: [0.20, 0.80] → BUY @ 0.83
Penny stocks allowed for user7 - including ZION (price: $52.35, market cap: $7728105472)
Consolidated 4 recommendations: 0 SELL, 4 BUY
Average confidence - BUY: 0.92, SELL: 0.00, Net Signal: 0.92
HOLD Range: [0.20, 0.80] → BUY @ 0.92
Average confidence - BUY: 0.75, SELL: 0.00, Net Signal: 0.75
HOLD Range: [0.20, 0.80] → HOLD @ 0.00
Average confidence - BUY: 0.75, SELL: 0.00, Net Signal: 0.75
HOLD Range: [0.20, 0.80] → HOLD @ 0.00
Average confidence - BUY: 0.75, SELL: 0.00, Net Signal: 0.75
HOLD Range: [0.20, 0.80] → HOLD @ 0.00
Average confidence - BUY: 0.75, SELL: 0.00, Net Signal: 0.75
HOLD Range: [0.20, 0.80] → HOLD @ 0.00
Average confidence - BUY: 0.75, SELL: 0.00, Net Signal: 0.75
HOLD Range: [0.20, 0.80] → HOLD @ 0.00
Average confidence - BUY: 0.90, SELL: 0.00, Net Signal: 0.90
HOLD Range: [0.20, 0.80] → BUY @ 0.90
Average confidence - BUY: 0.94, SELL: 0.00, Net Signal: 0.94
HOLD Range: [0.20, 0.80] → BUY @ 0.94
Average confidence - BUY: 0.78, SELL: 0.00, Net Signal: 0.78
HOLD Range: [0.20, 0.80] → HOLD @ 0.00
Average confidence - BUY: 0.78, SELL: 0.00, Net Signal: 0.78
HOLD Range: [0.20, 0.80] → HOLD @ 0.00
Average confidence - BUY: 0.83, SELL: 0.00, Net Signal: 0.83
HOLD Range: [0.20, 0.80] → BUY @ 0.83
Average confidence - BUY: 0.70, SELL: 0.00, Net Signal: 0.70
HOLD Range: [0.20, 0.80] → HOLD @ 0.00
Average confidence - BUY: 0.79, SELL: 0.00, Net Signal: 0.79
HOLD Range: [0.20, 0.80] → HOLD @ 0.00
Average confidence - BUY: 0.73, SELL: 0.00, Net Signal: 0.73
HOLD Range: [0.20, 0.80] → HOLD @ 0.00
Average confidence - BUY: 0.75, SELL: 0.00, Net Signal: 0.75
HOLD Range: [0.20, 0.80] → HOLD @ 0.00
Average confidence - BUY: 0.70, SELL: 0.00, Net Signal: 0.70
HOLD Range: [0.20, 0.80] → HOLD @ 0.00
Fetching real-time prices for 37 stocks
Updated WPP price in database: $22.54
Updated YPF price in database: $26.42
Updated QNRX price in database: $20.5
Updated BURU price in database: $0.4752
Updated UTHR price in database: $440.0
Updated GCMGW price in database: $0.2241
Updated WES price in database: $37.26
Updated TSLL price in database: $17.96
Updated XYZ price in database: $74.67
Updated ONMDW price in database: $0.2099
Updated YHGJ price in database: $9.32
Updated NXPLW price in database: $0.0572
Updated ASPCR price in database: $0.2
Updated WSR price in database: $11.46
Updated BINI price in database: $0.63
Updated GWH price in database: $4.16
Updated XPEV price in database: $21.02
Updated BNKKW price in database: $0.06
Updated CURIW price in database: $0.003
Updated SOXS price in database: $4.94
Updated WSBF price in database: $14.63
Updated SGBX price in database: $6.24
Updated ZION price in database: $52.35
Updated NVAWW price in database: $19.98
Updated TIRX price in database: $1.26
Updated XP price in database: $15.81
Updated CARM price in database: $0.1539
Updated BITF price in database: $4.2
Updated XNET price in database: $8.48
Updated TDIC price in database: $1.16
Updated YYAI price in database: $0.1899
Updated VSEEW price in database: $0.0275
Updated BBAI price in database: $7.22
Updated ADVWW price in database: $0.0053
Updated NVDA price in database: $183.16
Updated PXSAW price in database: $0.0207
Updated STAI price in database: $0.625
Successfully fetched and updated 37 real-time prices
Pass 1: Analyzing 0 current holdings for SELL opportunities
Pass 2: Analyzing 37 candidates for BUY opportunities
Average confidence - BUY: 0.00, SELL: 0.62, Net Signal: -0.62
HOLD Range: [0.20, 0.70] → SELL @ 0.62
Average confidence - BUY: 0.00, SELL: 0.00, Net Signal: 0.00
HOLD Range: [0.20, 0.70] → SELL @ 0.00
Average confidence - BUY: 0.75, SELL: 0.65, Net Signal: 0.10
HOLD Range: [0.20, 0.70] → SELL @ 0.10
Average confidence - BUY: 0.75, SELL: 0.00, Net Signal: 0.75
HOLD Range: [0.20, 0.70] → BUY @ 0.75
Filtering out penny stock: BINI (price: $0.63, min: $5.00)
Average confidence - BUY: 0.75, SELL: 0.00, Net Signal: 0.75
HOLD Range: [0.20, 0.70] → BUY @ 0.75
Filtering out penny stock: BITF (price: $4.20, min: $5.00)
Average confidence - BUY: 0.00, SELL: 0.00, Net Signal: 0.00
HOLD Range: [0.20, 0.70] → SELL @ 0.00
Average confidence - BUY: 0.75, SELL: 0.00, Net Signal: 0.75
HOLD Range: [0.20, 0.70] → BUY @ 0.75
Filtering out penny stock: BURU (price: $0.48, min: $5.00)
Average confidence - BUY: 0.75, SELL: 0.00, Net Signal: 0.75
HOLD Range: [0.20, 0.70] → BUY @ 0.75
Filtering out penny stock: CARM (price: $0.15, min: $5.00)
Average confidence - BUY: 0.00, SELL: 0.00, Net Signal: 0.00
HOLD Range: [0.20, 0.70] → SELL @ 0.00
Average confidence - BUY: 0.00, SELL: 0.60, Net Signal: -0.60
HOLD Range: [0.20, 0.70] → SELL @ 0.60
Average confidence - BUY: 0.00, SELL: 0.60, Net Signal: -0.60
HOLD Range: [0.20, 0.70] → SELL @ 0.60
Average confidence - BUY: 0.65, SELL: 0.65, Net Signal: 0.00
HOLD Range: [0.20, 0.70] → SELL @ 0.00
Average confidence - BUY: 0.92, SELL: 0.00, Net Signal: 0.92
HOLD Range: [0.20, 0.70] → BUY @ 0.92
Average confidence - BUY: 0.00, SELL: 0.65, Net Signal: -0.65
HOLD Range: [0.20, 0.70] → SELL @ 0.65
Average confidence - BUY: 0.00, SELL: 0.65, Net Signal: -0.65
HOLD Range: [0.20, 0.70] → SELL @ 0.65
Average confidence - BUY: 0.00, SELL: 0.65, Net Signal: -0.65
HOLD Range: [0.20, 0.70] → SELL @ 0.65
Average confidence - BUY: 0.75, SELL: 0.60, Net Signal: 0.15
HOLD Range: [0.20, 0.70] → SELL @ 0.15
Average confidence - BUY: 0.75, SELL: 0.96, Net Signal: -0.21
HOLD Range: [0.20, 0.70] → SELL @ 0.21
Average confidence - BUY: 0.00, SELL: 0.60, Net Signal: -0.60
HOLD Range: [0.20, 0.70] → SELL @ 0.60
Average confidence - BUY: 0.75, SELL: 0.00, Net Signal: 0.75
HOLD Range: [0.20, 0.70] → BUY @ 0.75
Filtering out penny stock: STAI (price: $0.62, min: $5.00)
Average confidence - BUY: 0.75, SELL: 0.65, Net Signal: 0.10
HOLD Range: [0.20, 0.70] → SELL @ 0.10
Average confidence - BUY: 0.00, SELL: 0.65, Net Signal: -0.65
HOLD Range: [0.20, 0.70] → SELL @ 0.65
Average confidence - BUY: 0.00, SELL: 0.00, Net Signal: 0.00
HOLD Range: [0.20, 0.70] → SELL @ 0.00
Average confidence - BUY: 0.78, SELL: 0.00, Net Signal: 0.78
HOLD Range: [0.20, 0.70] → BUY @ 0.78
Average confidence - BUY: 0.00, SELL: 0.00, Net Signal: 0.00
HOLD Range: [0.20, 0.70] → SELL @ 0.00
Average confidence - BUY: 0.78, SELL: 0.00, Net Signal: 0.78
HOLD Range: [0.20, 0.70] → BUY @ 0.78
Average confidence - BUY: 0.00, SELL: 0.00, Net Signal: 0.00
HOLD Range: [0.20, 0.70] → SELL @ 0.00
Average confidence - BUY: 0.75, SELL: 0.00, Net Signal: 0.75
HOLD Range: [0.20, 0.70] → BUY @ 0.75
Average confidence - BUY: 0.70, SELL: 0.00, Net Signal: 0.70
HOLD Range: [0.20, 0.70] → HOLD @ 0.00
Average confidence - BUY: 0.79, SELL: 0.00, Net Signal: 0.79
HOLD Range: [0.20, 0.70] → BUY @ 0.79
Average confidence - BUY: 0.94, SELL: 0.00, Net Signal: 0.94
HOLD Range: [0.20, 0.70] → BUY @ 0.94
Average confidence - BUY: 0.70, SELL: 0.00, Net Signal: 0.70
HOLD Range: [0.20, 0.70] → HOLD @ 0.00
Average confidence - BUY: 0.73, SELL: 0.00, Net Signal: 0.73
HOLD Range: [0.20, 0.70] → BUY @ 0.73
Average confidence - BUY: 0.00, SELL: 0.00, Net Signal: 0.00
HOLD Range: [0.20, 0.70] → SELL @ 0.00
Average confidence - BUY: 0.90, SELL: 0.00, Net Signal: 0.90
HOLD Range: [0.20, 0.70] → BUY @ 0.90
Average confidence - BUY: 0.00, SELL: 0.60, Net Signal: -0.60
HOLD Range: [0.20, 0.70] → SELL @ 0.60
Average confidence - BUY: 0.83, SELL: 0.00, Net Signal: 0.83
HOLD Range: [0.20, 0.70] → BUY @ 0.83
Consolidated 9 recommendations: 0 SELL, 9 BUY
Fetching real-time prices for 37 stocks
Updated XYZ price in database: $74.67
Updated VSEEW price in database: $0.0275
Updated GWH price in database: $4.16
Updated ASPCR price in database: $0.2
Updated GCMGW price in database: $0.2241
Updated YPF price in database: $26.42
Updated BINI price in database: $0.63
Updated QNRX price in database: $20.5
Updated SOXS price in database: $4.94
Updated STAI price in database: $0.625
Updated UTHR price in database: $440.0
Updated ADVWW price in database: $0.0053
Updated BBAI price in database: $7.22
Updated YHGJ price in database: $9.32
Updated XNET price in database: $8.48
Updated CURIW price in database: $0.003
Updated BNKKW price in database: $0.06
Updated NVAWW price in database: $19.98
Updated XPEV price in database: $21.02
Updated WES price in database: $37.26
Updated ZION price in database: $52.35
Updated PXSAW price in database: $0.0207
Updated XP price in database: $15.81
Updated TSLL price in database: $17.96
Updated SGBX price in database: $6.24
Updated YYAI price in database: $0.1899
Updated CARM price in database: $0.1539
Updated BURU price in database: $0.4752
Updated TIRX price in database: $1.26
Updated WSBF price in database: $14.63
Updated NXPLW price in database: $0.0572
Updated NVDA price in database: $183.16
Updated ONMDW price in database: $0.2099
Updated WSR price in database: $11.46
Updated TDIC price in database: $1.16
Updated WPP price in database: $22.54
Updated BITF price in database: $4.2
Successfully fetched and updated 37 real-time prices
Pass 1: Analyzing 0 current holdings for SELL opportunities
Pass 2: Analyzing 37 candidates for BUY opportunities
Average confidence - BUY: 0.00, SELL: 0.62, Net Signal: -0.62
HOLD Range: [0.20, 0.70] → SELL @ 0.62
Average confidence - BUY: 0.00, SELL: 0.00, Net Signal: 0.00
HOLD Range: [0.20, 0.70] → SELL @ 0.00
Average confidence - BUY: 0.75, SELL: 0.65, Net Signal: 0.10
HOLD Range: [0.20, 0.70] → SELL @ 0.10
Average confidence - BUY: 0.75, SELL: 0.00, Net Signal: 0.75
HOLD Range: [0.20, 0.70] → BUY @ 0.75
Filtering out penny stock: BINI (price: $0.63, min: $5.00)
Average confidence - BUY: 0.75, SELL: 0.00, Net Signal: 0.75
HOLD Range: [0.20, 0.70] → BUY @ 0.75
Filtering out penny stock: BITF (price: $4.20, min: $5.00)
Average confidence - BUY: 0.00, SELL: 0.00, Net Signal: 0.00
HOLD Range: [0.20, 0.70] → SELL @ 0.00
Average confidence - BUY: 0.75, SELL: 0.00, Net Signal: 0.75
HOLD Range: [0.20, 0.70] → BUY @ 0.75
Filtering out penny stock: BURU (price: $0.48, min: $5.00)
Average confidence - BUY: 0.75, SELL: 0.00, Net Signal: 0.75
HOLD Range: [0.20, 0.70] → BUY @ 0.75
Filtering out penny stock: CARM (price: $0.15, min: $5.00)
Average confidence - BUY: 0.00, SELL: 0.00, Net Signal: 0.00
HOLD Range: [0.20, 0.70] → SELL @ 0.00
Average confidence - BUY: 0.00, SELL: 0.60, Net Signal: -0.60
HOLD Range: [0.20, 0.70] → SELL @ 0.60
Average confidence - BUY: 0.00, SELL: 0.60, Net Signal: -0.60
HOLD Range: [0.20, 0.70] → SELL @ 0.60
Average confidence - BUY: 0.65, SELL: 0.65, Net Signal: 0.00
HOLD Range: [0.20, 0.70] → SELL @ 0.00
Average confidence - BUY: 0.92, SELL: 0.00, Net Signal: 0.92
HOLD Range: [0.20, 0.70] → BUY @ 0.92
Average confidence - BUY: 0.00, SELL: 0.65, Net Signal: -0.65
HOLD Range: [0.20, 0.70] → SELL @ 0.65
Average confidence - BUY: 0.00, SELL: 0.65, Net Signal: -0.65
HOLD Range: [0.20, 0.70] → SELL @ 0.65
Average confidence - BUY: 0.00, SELL: 0.65, Net Signal: -0.65
HOLD Range: [0.20, 0.70] → SELL @ 0.65
Average confidence - BUY: 0.75, SELL: 0.60, Net Signal: 0.15
HOLD Range: [0.20, 0.70] → SELL @ 0.15
Average confidence - BUY: 0.75, SELL: 0.96, Net Signal: -0.21
HOLD Range: [0.20, 0.70] → SELL @ 0.21
Average confidence - BUY: 0.00, SELL: 0.60, Net Signal: -0.60
HOLD Range: [0.20, 0.70] → SELL @ 0.60
Average confidence - BUY: 0.75, SELL: 0.00, Net Signal: 0.75
HOLD Range: [0.20, 0.70] → BUY @ 0.75
Filtering out penny stock: STAI (price: $0.62, min: $5.00)
Average confidence - BUY: 0.75, SELL: 0.65, Net Signal: 0.10
HOLD Range: [0.20, 0.70] → SELL @ 0.10
Average confidence - BUY: 0.00, SELL: 0.65, Net Signal: -0.65
HOLD Range: [0.20, 0.70] → SELL @ 0.65
Average confidence - BUY: 0.00, SELL: 0.00, Net Signal: 0.00
HOLD Range: [0.20, 0.70] → SELL @ 0.00
Average confidence - BUY: 0.78, SELL: 0.00, Net Signal: 0.78
HOLD Range: [0.20, 0.70] → BUY @ 0.78
Average confidence - BUY: 0.00, SELL: 0.00, Net Signal: 0.00
HOLD Range: [0.20, 0.70] → SELL @ 0.00
Average confidence - BUY: 0.78, SELL: 0.00, Net Signal: 0.78
HOLD Range: [0.20, 0.70] → BUY @ 0.78
Average confidence - BUY: 0.00, SELL: 0.00, Net Signal: 0.00
HOLD Range: [0.20, 0.70] → SELL @ 0.00
Average confidence - BUY: 0.75, SELL: 0.00, Net Signal: 0.75
HOLD Range: [0.20, 0.70] → BUY @ 0.75
Average confidence - BUY: 0.70, SELL: 0.00, Net Signal: 0.70
HOLD Range: [0.20, 0.70] → HOLD @ 0.00
Average confidence - BUY: 0.79, SELL: 0.00, Net Signal: 0.79
HOLD Range: [0.20, 0.70] → BUY @ 0.79
Average confidence - BUY: 0.94, SELL: 0.00, Net Signal: 0.94
HOLD Range: [0.20, 0.70] → BUY @ 0.94
Average confidence - BUY: 0.70, SELL: 0.00, Net Signal: 0.70
HOLD Range: [0.20, 0.70] → HOLD @ 0.00
Average confidence - BUY: 0.73, SELL: 0.00, Net Signal: 0.73
HOLD Range: [0.20, 0.70] → BUY @ 0.73
Average confidence - BUY: 0.00, SELL: 0.00, Net Signal: 0.00
HOLD Range: [0.20, 0.70] → SELL @ 0.00
Average confidence - BUY: 0.90, SELL: 0.00, Net Signal: 0.90
HOLD Range: [0.20, 0.70] → BUY @ 0.90
Average confidence - BUY: 0.00, SELL: 0.60, Net Signal: -0.60
HOLD Range: [0.20, 0.70] → SELL @ 0.60
Average confidence - BUY: 0.83, SELL: 0.00, Net Signal: 0.83
HOLD Range: [0.20, 0.70] → BUY @ 0.83
Consolidated 9 recommendations: 0 SELL, 9 BUY
Starting batch Smart Analysis for 1 users
Successfully retrieved market movers from Alpha Vantage
Alpha Vantage found 14 candidates
Found 8 undervalued growth stocks
Found 6 undervalued large cap stocks
Found 6 most active stocks
Yahoo Finance discovery found 12 unique stocks
Yahoo Finance found 12 candidates
Found 20 total candidates: ['BNKKW', 'GWH', 'HYAC+', 'XYF', 'WES', 'XNET', 'ZETA', 'WTBA', 'YPF', 'GWH+', 'XRAY', 'WSBF', 'ZION', 'VG', 'YOU', 'WF', 'SOXS', 'BBAI', 'YYAI', 'NVDA']
Alpha Vantage: 14, Yahoo Finance: 12
Found 10 additional Alpha Vantage candidates (top losers): ['CARM', 'NXPLW', 'ADVWW', 'PXSAW', 'GCMGW', 'TDIC', 'ASPCR', 'BINI', 'TIRX', 'CURIW']
Found 30 unique stocks to analyze across all users
Batch analyzing 30 unique stocks
Yahoo Finance validation passed for CARM
Getting recommendations for CARM
Price target endpoint failed (403), using recommendation data
Finnhub recommendation for CARM: BUY
Gemini recommendation for CARM: HOLD
Polygon recommendation for CARM: SELL
FMP API error for CARM: 402 Client Error: Payment Required for url: https://financialmodelingprep.com/stable/analyst-estimates?symbol=CARM&apikey=ynOKFYxumAVxrcJAGhzuN4ZBjCtQcbR7
Enhanced Yahoo recommendation for CARM: HOLD
Generated 4 recommendations for CARM
Yahoo Finance validation passed for BNKKW
Getting recommendations for BNKKW
Price target endpoint failed (403), using recommendation data
Finnhub recommendation for BNKKW: HOLD
Gemini recommendation for BNKKW: HOLD
Polygon recommendation for BNKKW: HOLD
FMP API error for BNKKW: 402 Client Error: Payment Required for url: https://financialmodelingprep.com/stable/analyst-estimates?symbol=BNKKW&apikey=ynOKFYxumAVxrcJAGhzuN4ZBjCtQcbR7
Enhanced Yahoo recommendation for BNKKW: SELL
Generated 4 recommendations for BNKKW
Yahoo Finance validation passed for ADVWW
Getting recommendations for ADVWW
Price target endpoint failed (403), using recommendation data
Finnhub recommendation for ADVWW: HOLD
Gemini recommendation for ADVWW: STRONG_SELL
Polygon recommendation for ADVWW: SELL
FMP API error for ADVWW: 402 Client Error: Payment Required for url: https://financialmodelingprep.com/stable/analyst-estimates?symbol=ADVWW&apikey=ynOKFYxumAVxrcJAGhzuN4ZBjCtQcbR7
Enhanced Yahoo recommendation for ADVWW: SELL
Generated 4 recommendations for ADVWW
Yahoo Finance validation passed for GWH
Getting recommendations for GWH
Price target endpoint failed (403), using recommendation data
Finnhub recommendation for GWH: SELL
Gemini recommendation for GWH: HOLD
Polygon recommendation for GWH: SELL
FMP API error for GWH: 402 Client Error: Payment Required for url: https://financialmodelingprep.com/stable/analyst-estimates?symbol=GWH&apikey=ynOKFYxumAVxrcJAGhzuN4ZBjCtQcbR7
Enhanced Yahoo recommendation for GWH: HOLD
Generated 4 recommendations for GWH
Failed to get quote for HYAC+: No price data available for HYAC+
Yahoo Finance validation failed for HYAC+: Failed to fetch quote for HYAC+: No price data available for HYAC+
Skipping HYAC+ - not recognized by Yahoo Finance
Yahoo Finance validation passed for XYF
Yahoo Finance validation passed for XYF
Updated quote for XYF: $13.13
Successfully created and updated stock: XYF
Getting recommendations for XYF
Price target endpoint failed (403), using recommendation data
Finnhub recommendation for XYF: HOLD
Gemini recommendation for XYF: SELL
Polygon recommendation for XYF: BUY
FMP API error for XYF: 402 Client Error: Payment Required for url: https://financialmodelingprep.com/stable/analyst-estimates?symbol=XYF&apikey=ynOKFYxumAVxrcJAGhzuN4ZBjCtQcbR7
Enhanced Yahoo recommendation for XYF: STRONG_BUY
Generated 4 recommendations for XYF
Yahoo Finance validation passed for WES
Getting recommendations for WES
Price target endpoint failed (403), using recommendation data
Finnhub recommendation for WES: BUY
Gemini recommendation for WES: BUY
Polygon recommendation for WES: BUY
FMP API error for WES: 402 Client Error: Payment Required for url: https://financialmodelingprep.com/stable/analyst-estimates?symbol=WES&apikey=ynOKFYxumAVxrcJAGhzuN4ZBjCtQcbR7
Enhanced Yahoo recommendation for WES: BUY
Generated 4 recommendations for WES
Yahoo Finance validation passed for XNET
Getting recommendations for XNET
Price target endpoint failed (403), using recommendation data
Finnhub recommendation for XNET: HOLD
Gemini recommendation for XNET: HOLD
Polygon recommendation for XNET: BUY
FMP API error for XNET: 402 Client Error: Payment Required for url: https://financialmodelingprep.com/stable/analyst-estimates?symbol=XNET&apikey=ynOKFYxumAVxrcJAGhzuN4ZBjCtQcbR7
Enhanced Yahoo recommendation for XNET: STRONG_BUY
Generated 4 recommendations for XNET
Yahoo Finance validation passed for TDIC
Getting recommendations for TDIC
Price target endpoint failed (403), using recommendation data
Finnhub recommendation for TDIC: BUY
Gemini recommendation for TDIC: HOLD
Polygon recommendation for TDIC: HOLD
FMP API error for TDIC: 402 Client Error: Payment Required for url: https://financialmodelingprep.com/stable/analyst-estimates?symbol=TDIC&apikey=ynOKFYxumAVxrcJAGhzuN4ZBjCtQcbR7
Enhanced Yahoo recommendation for TDIC: SELL
Generated 4 recommendations for TDIC
Yahoo Finance validation passed for ZETA
Yahoo Finance validation passed for ZETA
Updated quote for ZETA: $18.4
Successfully created and updated stock: ZETA
Getting recommendations for ZETA
Price target endpoint failed (403), using recommendation data
Finnhub recommendation for ZETA: BUY
Gemini recommendation for ZETA: BUY
Polygon recommendation for ZETA: BUY
FMP API error for ZETA: 402 Client Error: Payment Required for url: https://financialmodelingprep.com/stable/analyst-estimates?symbol=ZETA&apikey=ynOKFYxumAVxrcJAGhzuN4ZBjCtQcbR7
Enhanced Yahoo recommendation for ZETA: BUY
Generated 4 recommendations for ZETA
Yahoo Finance validation passed for WTBA
Yahoo Finance validation passed for WTBA
Updated quote for WTBA: $19.23
Successfully created and updated stock: WTBA
Getting recommendations for WTBA
Price target endpoint failed (403), using recommendation data
Finnhub recommendation for WTBA: HOLD
Gemini recommendation for WTBA: HOLD
Polygon recommendation for WTBA: BUY
FMP API error for WTBA: 402 Client Error: Payment Required for url: https://financialmodelingprep.com/stable/analyst-estimates?symbol=WTBA&apikey=ynOKFYxumAVxrcJAGhzuN4ZBjCtQcbR7
Enhanced Yahoo recommendation for WTBA: STRONG_BUY
Generated 4 recommendations for WTBA
Yahoo Finance validation passed for YPF
Getting recommendations for YPF
Price target endpoint failed (403), using recommendation data
Finnhub recommendation for YPF: STRONG_BUY
Gemini recommendation for YPF: HOLD
Polygon recommendation for YPF: BUY
FMP API error for YPF: 402 Client Error: Payment Required for url: https://financialmodelingprep.com/stable/analyst-estimates?symbol=YPF&apikey=ynOKFYxumAVxrcJAGhzuN4ZBjCtQcbR7
Enhanced Yahoo recommendation for YPF: STRONG_BUY
Generated 4 recommendations for YPF
Failed to get quote for GWH+: No price data available for GWH+
Yahoo Finance validation failed for GWH+: Failed to fetch quote for GWH+: No price data available for GWH+
Skipping GWH+ - not recognized by Yahoo Finance
Yahoo Finance validation passed for XRAY
Yahoo Finance validation passed for XRAY
Updated quote for XRAY: $11.83
Successfully created and updated stock: XRAY
Getting recommendations for XRAY
Price target endpoint failed (403), using recommendation data
Finnhub recommendation for XRAY: HOLD
Gemini recommendation for XRAY: HOLD
Polygon recommendation for XRAY: HOLD
FMP API error for XRAY: 402 Client Error: Payment Required for url: https://financialmodelingprep.com/stable/analyst-estimates?symbol=XRAY&apikey=ynOKFYxumAVxrcJAGhzuN4ZBjCtQcbR7
Enhanced Yahoo recommendation for XRAY: HOLD
Generated 4 recommendations for XRAY
Yahoo Finance validation passed for WSBF
Getting recommendations for WSBF
Price target endpoint failed (403), using recommendation data
Finnhub recommendation for WSBF: HOLD
Gemini recommendation for WSBF: HOLD
Polygon recommendation for WSBF: BUY
FMP API error for WSBF: 402 Client Error: Payment Required for url: https://financialmodelingprep.com/stable/analyst-estimates?symbol=WSBF&apikey=ynOKFYxumAVxrcJAGhzuN4ZBjCtQcbR7
Enhanced Yahoo recommendation for WSBF: BUY
Generated 4 recommendations for WSBF
Yahoo Finance validation passed for TIRX
Getting recommendations for TIRX
Price target endpoint failed (403), using recommendation data
Finnhub recommendation for TIRX: HOLD
Gemini recommendation for TIRX: HOLD
Polygon recommendation for TIRX: SELL
FMP API error for TIRX: 402 Client Error: Payment Required for url: https://financialmodelingprep.com/stable/analyst-estimates?symbol=TIRX&apikey=ynOKFYxumAVxrcJAGhzuN4ZBjCtQcbR7
Enhanced Yahoo recommendation for TIRX: SELL
Generated 4 recommendations for TIRX
Yahoo Finance validation passed for ZION
Getting recommendations for ZION
Price target endpoint failed (403), using recommendation data
Finnhub recommendation for ZION: BUY
Gemini recommendation for ZION: HOLD
Polygon recommendation for ZION: BUY
FMP API error for ZION: 402 Client Error: Payment Required for url: https://financialmodelingprep.com/stable/analyst-estimates?symbol=ZION&apikey=ynOKFYxumAVxrcJAGhzuN4ZBjCtQcbR7
Enhanced Yahoo recommendation for ZION: STRONG_BUY
Generated 4 recommendations for ZION
Yahoo Finance validation passed for CURIW
Getting recommendations for CURIW
Price target endpoint failed (403), using recommendation data
Finnhub recommendation for CURIW: HOLD
Gemini recommendation for CURIW: HOLD
Polygon recommendation for CURIW: SELL
FMP API error for CURIW: 402 Client Error: Payment Required for url: https://financialmodelingprep.com/stable/analyst-estimates?symbol=CURIW&apikey=ynOKFYxumAVxrcJAGhzuN4ZBjCtQcbR7
Enhanced Yahoo recommendation for CURIW: HOLD
Generated 4 recommendations for CURIW
Yahoo Finance validation passed for VG
Yahoo Finance validation passed for VG
Updated quote for VG: $9.45
Successfully created and updated stock: VG
Getting recommendations for VG
Price target endpoint failed (403), using recommendation data
Finnhub recommendation for VG: STRONG_BUY
Gemini recommendation for VG: HOLD
Polygon recommendation for VG: HOLD
FMP API error for VG: 402 Client Error: Payment Required for url: https://financialmodelingprep.com/stable/analyst-estimates?symbol=VG&apikey=ynOKFYxumAVxrcJAGhzuN4ZBjCtQcbR7
Enhanced Yahoo recommendation for VG: BUY
Generated 4 recommendations for VG
Yahoo Finance validation passed for NXPLW
Getting recommendations for NXPLW
Price target endpoint failed (403), using recommendation data
Finnhub recommendation for NXPLW: HOLD
Gemini recommendation for NXPLW: HOLD
Polygon recommendation for NXPLW: SELL
FMP API error for NXPLW: 402 Client Error: Payment Required for url: https://financialmodelingprep.com/stable/analyst-estimates?symbol=NXPLW&apikey=ynOKFYxumAVxrcJAGhzuN4ZBjCtQcbR7
Enhanced Yahoo recommendation for NXPLW: SELL
Generated 4 recommendations for NXPLW
Yahoo Finance validation passed for YOU
Yahoo Finance validation passed for YOU
Updated quote for YOU: $29.61
Successfully created and updated stock: YOU
Getting recommendations for YOU
Price target endpoint failed (403), using recommendation data
Finnhub recommendation for YOU: BUY
Gemini recommendation for YOU: HOLD
Polygon recommendation for YOU: BUY
FMP API error for YOU: 402 Client Error: Payment Required for url: https://financialmodelingprep.com/stable/analyst-estimates?symbol=YOU&apikey=ynOKFYxumAVxrcJAGhzuN4ZBjCtQcbR7
Enhanced Yahoo recommendation for YOU: STRONG_BUY
Generated 4 recommendations for YOU
Yahoo Finance validation passed for WF
Yahoo Finance validation passed for WF
Updated quote for WF: $52.98
Successfully created and updated stock: WF
Getting recommendations for WF
Price target endpoint failed (403), using recommendation data
Finnhub recommendation for WF: STRONG_BUY
Gemini recommendation for WF: BUY
Polygon recommendation for WF: BUY
FMP API error for WF: 402 Client Error: Payment Required for url: https://financialmodelingprep.com/stable/analyst-estimates?symbol=WF&apikey=ynOKFYxumAVxrcJAGhzuN4ZBjCtQcbR7
Enhanced Yahoo recommendation for WF: BUY
Generated 4 recommendations for WF
Yahoo Finance validation passed for SOXS
Getting recommendations for SOXS
Price target endpoint failed (403), using recommendation data
Finnhub recommendation for SOXS: HOLD
Gemini recommendation for SOXS: HOLD
Polygon recommendation for SOXS: SELL
FMP API error for SOXS: 402 Client Error: Payment Required for url: https://financialmodelingprep.com/stable/analyst-estimates?symbol=SOXS&apikey=ynOKFYxumAVxrcJAGhzuN4ZBjCtQcbR7
Enhanced Yahoo recommendation for SOXS: HOLD
Generated 4 recommendations for SOXS
Yahoo Finance validation passed for BBAI
Getting recommendations for BBAI
Price target endpoint failed (403), using recommendation data
Finnhub recommendation for BBAI: BUY
Gemini recommendation for BBAI: HOLD
Polygon recommendation for BBAI: BUY
FMP API error for BBAI: 402 Client Error: Payment Required for url: https://financialmodelingprep.com/stable/analyst-estimates?symbol=BBAI&apikey=ynOKFYxumAVxrcJAGhzuN4ZBjCtQcbR7
Enhanced Yahoo recommendation for BBAI: SELL
Generated 4 recommendations for BBAI
Yahoo Finance validation passed for YYAI
Getting recommendations for YYAI
Price target endpoint failed (403), using recommendation data
Finnhub recommendation for YYAI: HOLD
Gemini recommendation for YYAI: HOLD
Polygon recommendation for YYAI: SELL
FMP API error for YYAI: 402 Client Error: Payment Required for url: https://financialmodelingprep.com/stable/analyst-estimates?symbol=YYAI&apikey=ynOKFYxumAVxrcJAGhzuN4ZBjCtQcbR7
Enhanced Yahoo recommendation for YYAI: HOLD
Generated 4 recommendations for YYAI
Yahoo Finance validation passed for NVDA
Getting recommendations for NVDA
Price target endpoint failed (403), using recommendation data
Finnhub recommendation for NVDA: BUY
Gemini recommendation for NVDA: STRONG_BUY
Polygon recommendation for NVDA: BUY
FMP API error for NVDA: 400 Client Error: Bad Request for url: https://financialmodelingprep.com/stable/analyst-estimates?symbol=NVDA&apikey=ynOKFYxumAVxrcJAGhzuN4ZBjCtQcbR7
Enhanced Yahoo recommendation for NVDA: STRONG_BUY
Generated 4 recommendations for NVDA
Yahoo Finance validation passed for BINI
Getting recommendations for BINI
Price target endpoint failed (403), using recommendation data
Finnhub recommendation for BINI: BUY
Gemini recommendation for BINI: HOLD
Polygon recommendation for BINI: HOLD
FMP API error for BINI: 402 Client Error: Payment Required for url: https://financialmodelingprep.com/stable/analyst-estimates?symbol=BINI&apikey=ynOKFYxumAVxrcJAGhzuN4ZBjCtQcbR7
Enhanced Yahoo recommendation for BINI: HOLD
Generated 4 recommendations for BINI
Yahoo Finance validation passed for ASPCR
Getting recommendations for ASPCR
Price target endpoint failed (403), using recommendation data
Finnhub recommendation for ASPCR: HOLD
Gemini recommendation for ASPCR: HOLD
Polygon recommendation for ASPCR: HOLD
FMP API error for ASPCR: 402 Client Error: Payment Required for url: https://financialmodelingprep.com/stable/analyst-estimates?symbol=ASPCR&apikey=ynOKFYxumAVxrcJAGhzuN4ZBjCtQcbR7
Enhanced Yahoo recommendation for ASPCR: HOLD
Generated 4 recommendations for ASPCR
Yahoo Finance validation passed for PXSAW
Getting recommendations for PXSAW
Price target endpoint failed (403), using recommendation data
Finnhub recommendation for PXSAW: HOLD
Gemini recommendation for PXSAW: HOLD
Polygon recommendation for PXSAW: SELL
FMP API error for PXSAW: 402 Client Error: Payment Required for url: https://financialmodelingprep.com/stable/analyst-estimates?symbol=PXSAW&apikey=ynOKFYxumAVxrcJAGhzuN4ZBjCtQcbR7
Enhanced Yahoo recommendation for PXSAW: SELL
Generated 4 recommendations for PXSAW
Yahoo Finance validation passed for GCMGW
Getting recommendations for GCMGW
Price target endpoint failed (403), using recommendation data
Finnhub recommendation for GCMGW: HOLD
Gemini recommendation for GCMGW: STRONG_SELL
Polygon recommendation for GCMGW: SELL
FMP API error for GCMGW: 402 Client Error: Payment Required for url: https://financialmodelingprep.com/stable/analyst-estimates?symbol=GCMGW&apikey=ynOKFYxumAVxrcJAGhzuN4ZBjCtQcbR7
Enhanced Yahoo recommendation for GCMGW: HOLD
Generated 4 recommendations for GCMGW
Analyzing user user8 with existing recommendations
Successfully retrieved market movers from Alpha Vantage
Alpha Vantage found 14 candidates
Yahoo Finance discovery found 12 unique stocks
Yahoo Finance found 12 candidates
Found 20 total candidates: ['BNKKW', 'GWH', 'HYAC+', 'XYF', 'WES', 'XNET', 'ZETA', 'WTBA', 'YPF', 'GWH+', 'XRAY', 'WSBF', 'ZION', 'VG', 'YOU', 'WF', 'SOXS', 'BBAI', 'YYAI', 'NVDA']
Alpha Vantage: 14, Yahoo Finance: 12
Found 10 additional Alpha Vantage candidates (top losers): ['CARM', 'NXPLW', 'ADVWW', 'PXSAW', 'GCMGW', 'TDIC', 'ASPCR', 'BINI', 'TIRX', 'CURIW']
Fetching real-time prices for 28 stocks
Updated CARM price in database: $0.1539
Updated BNKKW price in database: $0.06
Updated ADVWW price in database: $0.0053
Updated GWH price in database: $4.16
Updated XYF price in database: $13.13
Updated WES price in database: $37.26
Updated TDIC price in database: $1.16
Updated XNET price in database: $8.48
Updated ZETA price in database: $18.4
Updated WTBA price in database: $19.23
Updated YPF price in database: $26.42
Updated XRAY price in database: $11.83
Updated WSBF price in database: $14.63
Updated TIRX price in database: $1.26
Updated ZION price in database: $52.35
Updated VG price in database: $9.45
Updated CURIW price in database: $0.003
Updated NXPLW price in database: $0.0572
Updated YOU price in database: $29.61
Updated WF price in database: $52.98
Updated SOXS price in database: $4.94
Updated BBAI price in database: $7.22
Updated YYAI price in database: $0.1899
Updated NVDA price in database: $183.16
Updated BINI price in database: $0.63
Updated ASPCR price in database: $0.2
Updated PXSAW price in database: $0.0207
Updated GCMGW price in database: $0.2241
Successfully fetched and updated 28 real-time prices
Pass 1: Analyzing 0 current holdings for SELL opportunities
Pass 2: Analyzing 28 candidates for BUY opportunities
Average confidence - BUY: 0.00, SELL: 0.81, Net Signal: -0.81
HOLD Range: [0.20, 0.70] → SELL @ 0.81
Average confidence - BUY: 0.00, SELL: 0.62, Net Signal: -0.62
HOLD Range: [0.20, 0.70] → SELL @ 0.62
Average confidence - BUY: 0.00, SELL: 0.00, Net Signal: 0.00
HOLD Range: [0.20, 0.70] → SELL @ 0.00
Average confidence - BUY: 0.75, SELL: 0.00, Net Signal: 0.75
HOLD Range: [0.20, 0.70] → BUY @ 0.75
Filtering out penny stock: BINI (price: $0.63, min: $5.00)
Average confidence - BUY: 0.88, SELL: 0.00, Net Signal: 0.88
HOLD Range: [0.20, 0.70] → BUY @ 0.88
Average confidence - BUY: 0.00, SELL: 0.60, Net Signal: -0.60
HOLD Range: [0.20, 0.70] → SELL @ 0.60
Average confidence - BUY: 0.70, SELL: 0.65, Net Signal: 0.05
HOLD Range: [0.20, 0.70] → SELL @ 0.05
Average confidence - BUY: 0.00, SELL: 0.60, Net Signal: -0.60
HOLD Range: [0.20, 0.70] → SELL @ 0.60
Average confidence - BUY: 0.86, SELL: 0.00, Net Signal: 0.86
HOLD Range: [0.20, 0.70] → BUY @ 0.86
Average confidence - BUY: 0.83, SELL: 0.00, Net Signal: 0.83
HOLD Range: [0.20, 0.70] → BUY @ 0.83
Average confidence - BUY: 0.00, SELL: 0.62, Net Signal: -0.62
HOLD Range: [0.20, 0.70] → SELL @ 0.62
Average confidence - BUY: 0.92, SELL: 0.00, Net Signal: 0.92
HOLD Range: [0.20, 0.70] → BUY @ 0.92
Average confidence - BUY: 0.00, SELL: 0.60, Net Signal: -0.60
HOLD Range: [0.20, 0.70] → SELL @ 0.60
Average confidence - BUY: 0.83, SELL: 0.00, Net Signal: 0.83
HOLD Range: [0.20, 0.70] → BUY @ 0.83
Average confidence - BUY: 0.00, SELL: 0.62, Net Signal: -0.62
HOLD Range: [0.20, 0.70] → SELL @ 0.62
Average confidence - BUY: 0.75, SELL: 0.00, Net Signal: 0.75
HOLD Range: [0.20, 0.70] → BUY @ 0.75
Average confidence - BUY: 0.00, SELL: 0.00, Net Signal: 0.00
HOLD Range: [0.20, 0.70] → SELL @ 0.00
Average confidence - BUY: 0.97, SELL: 0.00, Net Signal: 0.97
HOLD Range: [0.20, 0.70] → BUY @ 0.97
Average confidence - BUY: 0.92, SELL: 0.00, Net Signal: 0.92
HOLD Range: [0.20, 0.70] → BUY @ 0.92
Average confidence - BUY: 0.75, SELL: 0.00, Net Signal: 0.75
HOLD Range: [0.20, 0.70] → BUY @ 0.75
Average confidence - BUY: 0.75, SELL: 0.65, Net Signal: 0.10
HOLD Range: [0.20, 0.70] → SELL @ 0.10
Average confidence - BUY: 0.86, SELL: 0.00, Net Signal: 0.86
HOLD Range: [0.20, 0.70] → BUY @ 0.86
Average confidence - BUY: 0.78, SELL: 0.00, Net Signal: 0.78
HOLD Range: [0.20, 0.70] → BUY @ 0.78
Average confidence - BUY: 0.86, SELL: 0.65, Net Signal: 0.22
HOLD Range: [0.20, 0.70] → HOLD @ 0.00
Average confidence - BUY: 0.00, SELL: 0.60, Net Signal: -0.60
HOLD Range: [0.20, 0.70] → SELL @ 0.60
Average confidence - BUY: 0.00, SELL: 0.80, Net Signal: -0.80
HOLD Range: [0.20, 0.70] → SELL @ 0.80
Average confidence - BUY: 0.00, SELL: 0.65, Net Signal: -0.65
HOLD Range: [0.20, 0.70] → SELL @ 0.65
Average confidence - BUY: 0.75, SELL: 0.60, Net Signal: 0.15
HOLD Range: [0.20, 0.70] → SELL @ 0.15
Consolidated 11 recommendations: 0 SELL, 11 BUY
No sell candidates found
Checking profit-taking opportunities (threshold: 10.00%, volatility: 20.00%)
Profit-taking analysis completed: 0 opportunities found
Smart Analysis completed for user: user8. Generated 11 recommendations
Batch analysis completed for 1 users
Buy all smart recommendations requested by user: user8
Found 11 pending BUY recommendations
Portfolio cash: $100000.00
Total cost: $19795.48
Executing recommendation for NVDA: 12 shares
  Cash allocated: 2197.92 (type: <class 'decimal.Decimal'>)
  Current price: 183.16 (type: <class 'decimal.Decimal'>)
  Portfolio cash: 100000.00 (type: <class 'decimal.Decimal'>)
Successfully executed NVDA
Executing recommendation for WF: 41 shares
  Cash allocated: 2172.18 (type: <class 'decimal.Decimal'>)
  Current price: 52.98 (type: <class 'decimal.Decimal'>)
  Portfolio cash: 97799.88208 (type: <class 'decimal.Decimal'>)
Successfully executed WF
Executing recommendation for YPF: 79 shares
  Cash allocated: 2087.18 (type: <class 'decimal.Decimal'>)
  Current price: 26.42 (type: <class 'decimal.Decimal'>)
  Portfolio cash: 95625.52990 (type: <class 'decimal.Decimal'>)
Successfully executed YPF
Executing recommendation for WES: 51 shares
  Cash allocated: 1900.26 (type: <class 'decimal.Decimal'>)
  Current price: 37.26 (type: <class 'decimal.Decimal'>)
  Portfolio cash: 93536.26272 (type: <class 'decimal.Decimal'>)
Successfully executed WES
Executing recommendation for ZETA: 100 shares
  Cash allocated: 1840.00 (type: <class 'decimal.Decimal'>)
  Current price: 18.40 (type: <class 'decimal.Decimal'>)
  Portfolio cash: 91634.10246 (type: <class 'decimal.Decimal'>)
Successfully executed ZETA
Executing recommendation for YOU: 61 shares
  Cash allocated: 1806.21 (type: <class 'decimal.Decimal'>)
  Current price: 29.61 (type: <class 'decimal.Decimal'>)
  Portfolio cash: 89792.26246 (type: <class 'decimal.Decimal'>)
Successfully executed YOU
Executing recommendation for ZION: 34 shares
  Cash allocated: 1779.90 (type: <class 'decimal.Decimal'>)
  Current price: 52.35 (type: <class 'decimal.Decimal'>)
  Portfolio cash: 87984.24625 (type: <class 'decimal.Decimal'>)
Successfully executed ZION
Executing recommendation for VG: 170 shares
  Cash allocated: 1606.50 (type: <class 'decimal.Decimal'>)
  Current price: 9.45 (type: <class 'decimal.Decimal'>)
  Portfolio cash: 86202.56635 (type: <class 'decimal.Decimal'>)
Successfully executed VG
Executing recommendation for WTBA: 82 shares
  Cash allocated: 1576.86 (type: <class 'decimal.Decimal'>)
  Current price: 19.23 (type: <class 'decimal.Decimal'>)
  Portfolio cash: 84594.45985 (type: <class 'decimal.Decimal'>)
Successfully executed WTBA
Executing recommendation for XNET: 180 shares
  Cash allocated: 1526.40 (type: <class 'decimal.Decimal'>)
  Current price: 8.48 (type: <class 'decimal.Decimal'>)
  Portfolio cash: 83016.02299 (type: <class 'decimal.Decimal'>)
Successfully executed XNET
Executing recommendation for WSBF: 89 shares
  Cash allocated: 1302.07 (type: <class 'decimal.Decimal'>)
  Current price: 14.63 (type: <class 'decimal.Decimal'>)
  Portfolio cash: 81488.09659 (type: <class 'decimal.Decimal'>)
Successfully executed WSBF
Buy all completed: 11 executed, 0 failed
Returning response: {'success': True, 'executed_trades': [{'symbol': 'NVDA', 'shares': 12, 'cost': Decimal('2197.92'), 'trade_id': UUID('17fb9058-a24b-49e8-9f3e-9543aa14f675')}, {'symbol': 'WF', 'shares': 41, 'cost': Decimal('2172.18'), 'trade_id': UUID('e208b4b9-b93a-4ddb-a8a1-2e4a539d9fe9')}, {'symbol': 'YPF', 'shares': 79, 'cost': Decimal('2087.18'), 'trade_id': UUID('43d855d7-2ba2-436a-8b2a-710cbf8cb12e')}, {'symbol': 'WES', 'shares': 51, 'cost': Decimal('1900.26'), 'trade_id': UUID('83a0aca6-4dd1-446f-9851-38150185dd4f')}, {'symbol': 'ZETA', 'shares': 100, 'cost': Decimal('1840.00'), 'trade_id': UUID('66ce2e8c-f5fe-43bd-8fc8-4bccc6f8674f')}, {'symbol': 'YOU', 'shares': 61, 'cost': Decimal('1806.21'), 'trade_id': UUID('122a6cd1-cff3-4e19-ad39-ed72860d7f4a')}, {'symbol': 'ZION', 'shares': 34, 'cost': Decimal('1779.90'), 'trade_id': UUID('fdc060b0-fdbe-435c-ab03-3bc4f9a54391')}, {'symbol': 'VG', 'shares': 170, 'cost': Decimal('1606.50'), 'trade_id': UUID('70635608-02d5-4f89-826f-1eaab7969e2c')}, {'symbol': 'WTBA', 'shares': 82, 'cost': Decimal('1576.86'), 'trade_id': UUID('381f1399-4da3-404a-95be-d68950efcb9e')}, {'symbol': 'XNET', 'shares': 180, 'cost': Decimal('1526.40'), 'trade_id': UUID('7c1f9ea7-cd1e-4fb3-9373-0699a58938a5')}, {'symbol': 'WSBF', 'shares': 89, 'cost': Decimal('1302.07'), 'trade_id': UUID('939eb3ee-3596-4153-a5bd-a8418ca79da4')}], 'failed_trades': [], 'total_executed': 11, 'total_failed': 0, 'total_cost': 19795.48}
Starting batch Smart Analysis for 1 users
Successfully retrieved market movers from Alpha Vantage
Alpha Vantage found 14 candidates
Found 8 undervalued growth stocks
Found 6 undervalued large cap stocks
Found 6 most active stocks
Yahoo Finance discovery found 12 unique stocks
Yahoo Finance found 12 candidates
Found 20 total candidates: ['WES', 'XPEV', 'BNKKW', 'BBAI', 'ZION', 'YMM', 'VALE', 'XP', 'SOXS', 'VNOM', 'XYZ', 'YHGJ', 'WF', 'QNRX', 'WSBF', 'YPF', 'WPP', 'GWH+', 'HYAC+', 'SGBX']
Alpha Vantage: 14, Yahoo Finance: 12
Found 10 additional Alpha Vantage candidates (top losers): ['ASPCR', 'NXPLW', 'ADVWW', 'TDIC', 'BINI', 'GCMGW', 'CURIW', 'CARM', 'PXSAW', 'TIRX']
Found 36 unique stocks to analyze across all users
Batch analyzing 36 unique stocks
Skipping ASPCR - recent recommendations exist
Skipping WES - recent recommendations exist
Skipping TDIC - recent recommendations exist
Yahoo Finance validation passed for XPEV
Getting recommendations for XPEV
Price target endpoint failed (403), using recommendation data
Finnhub recommendation for XPEV: BUY
Gemini recommendation for XPEV: BUY
Polygon recommendation for XPEV: BUY
FMP API error for XPEV: 402 Client Error: Payment Required for url: https://financialmodelingprep.com/stable/analyst-estimates?symbol=XPEV&apikey=ynOKFYxumAVxrcJAGhzuN4ZBjCtQcbR7
Enhanced Yahoo recommendation for XPEV: BUY
Generated 4 recommendations for XPEV
Skipping BNKKW - recent recommendations exist
Skipping ZION - recent recommendations exist
Skipping BBAI - recent recommendations exist
Yahoo Finance validation passed for YMM
Alpha Vantage found 14 candidates
Yahoo Finance discovery found 12 unique stocks
Yahoo Finance found 12 candidates
Yahoo Finance validation passed for YMM
Updated quote for YMM: $11.78
Successfully created and updated stock: YMM
Getting recommendations for YMM
Price target endpoint failed (403), using recommendation data
Finnhub recommendation for YMM: BUY
Gemini recommendation for YMM: BUY
Polygon recommendation for YMM: BUY
FMP API error for YMM: 402 Client Error: Payment Required for url: https://financialmodelingprep.com/stable/analyst-estimates?symbol=YMM&apikey=ynOKFYxumAVxrcJAGhzuN4ZBjCtQcbR7
Enhanced Yahoo recommendation for YMM: STRONG_BUY
Generated 4 recommendations for YMM
Yahoo Finance validation passed for VALE
Alpha Vantage found 14 candidates
Yahoo Finance discovery found 12 unique stocks
Yahoo Finance found 12 candidates
Yahoo Finance validation passed for VALE
Updated quote for VALE: $10.75
Could not update stock info for VALE: [<class 'decimal.InvalidOperation'>]
Getting recommendations for VALE
Price target endpoint failed (403), using recommendation data
Finnhub API error for VALE: NOT NULL constraint failed: soulstrader_aiadvisorrecommendation.price_at_recommendation
Gemini API error for VALE: NOT NULL constraint failed: soulstrader_aiadvisorrecommendation.price_at_recommendation
Polygon API error for VALE: NOT NULL constraint failed: soulstrader_aiadvisorrecommendation.price_at_recommendation
FMP API error for VALE: 402 Client Error: Payment Required for url: https://financialmodelingprep.com/stable/analyst-estimates?symbol=VALE&apikey=ynOKFYxumAVxrcJAGhzuN4ZBjCtQcbR7
Enhanced Yahoo error for VALE: NOT NULL constraint failed: soulstrader_aiadvisorrecommendation.price_at_recommendation
No recommendations generated for VALE
Yahoo Finance validation passed for XP
Getting recommendations for XP
Price target endpoint failed (403), using recommendation data
Finnhub recommendation for XP: STRONG_BUY
FMP API error for XP: 402 Client Error: Payment Required for url: https://financialmodelingprep.com/stable/analyst-estimates?symbol=XP&apikey=ynOKFYxumAVxrcJAGhzuN4ZBjCtQcbR7
Enhanced Yahoo recommendation for XP: STRONG_BUY
Generated 2 recommendations for XP
Skipping GCMGW - recent recommendations exist
Skipping CURIW - recent recommendations exist
Skipping SOXS - recent recommendations exist
Yahoo Finance validation passed for VNOM
Alpha Vantage found 14 candidates
Yahoo Finance discovery found 12 unique stocks
Yahoo Finance found 12 candidates
Yahoo Finance validation passed for VNOM
Updated quote for VNOM: $36.59
Successfully created and updated stock: VNOM
Getting recommendations for VNOM
Price target endpoint failed (403), using recommendation data
Finnhub recommendation for VNOM: BUY
FMP API error for VNOM: 402 Client Error: Payment Required for url: https://financialmodelingprep.com/stable/analyst-estimates?symbol=VNOM&apikey=ynOKFYxumAVxrcJAGhzuN4ZBjCtQcbR7
Enhanced Yahoo recommendation for VNOM: STRONG_BUY
Generated 2 recommendations for VNOM
Yahoo Finance validation passed for XYZ
Getting recommendations for XYZ
Price target endpoint failed (403), using recommendation data
Finnhub recommendation for XYZ: BUY
FMP API error for XYZ: 402 Client Error: Payment Required for url: https://financialmodelingprep.com/stable/analyst-estimates?symbol=XYZ&apikey=ynOKFYxumAVxrcJAGhzuN4ZBjCtQcbR7
Enhanced Yahoo recommendation for XYZ: BUY
Generated 2 recommendations for XYZ
Yahoo Finance validation passed for YHGJ
Getting recommendations for YHGJ
Price target endpoint failed (403), using recommendation data
Finnhub recommendation for YHGJ: HOLD
FMP API error for YHGJ: 402 Client Error: Payment Required for url: https://financialmodelingprep.com/stable/analyst-estimates?symbol=YHGJ&apikey=ynOKFYxumAVxrcJAGhzuN4ZBjCtQcbR7
Enhanced Yahoo recommendation for YHGJ: HOLD
Generated 2 recommendations for YHGJ
Skipping TIRX - recent recommendations exist
Skipping NXPLW - recent recommendations exist
Skipping WF - recent recommendations exist
Skipping ADVWW - recent recommendations exist
Yahoo Finance validation passed for QNRX
Getting recommendations for QNRX
Price target endpoint failed (403), using recommendation data
Finnhub recommendation for QNRX: BUY
FMP API error for QNRX: 402 Client Error: Payment Required for url: https://financialmodelingprep.com/stable/analyst-estimates?symbol=QNRX&apikey=ynOKFYxumAVxrcJAGhzuN4ZBjCtQcbR7
Enhanced Yahoo recommendation for QNRX: BUY
Generated 2 recommendations for QNRX
Skipping WSBF - recent recommendations exist
Skipping BINI - recent recommendations exist
Skipping YPF - recent recommendations exist
Yahoo Finance validation passed for WPP
Getting recommendations for WPP
Price target endpoint failed (403), using recommendation data
Finnhub recommendation for WPP: HOLD
FMP API error for WPP: 402 Client Error: Payment Required for url: https://financialmodelingprep.com/stable/analyst-estimates?symbol=WPP&apikey=ynOKFYxumAVxrcJAGhzuN4ZBjCtQcbR7
Enhanced Yahoo recommendation for WPP: HOLD
Generated 2 recommendations for WPP
Skipping VG - recent recommendations exist
Failed to get quote for GWH+: No price data available for GWH+
Yahoo Finance validation failed for GWH+: Failed to fetch quote for GWH+: No price data available for GWH+
Skipping GWH+ - not recognized by Yahoo Finance
Failed to get quote for HYAC+: No price data available for HYAC+
Yahoo Finance validation failed for HYAC+: Failed to fetch quote for HYAC+: No price data available for HYAC+
Skipping HYAC+ - not recognized by Yahoo Finance
Yahoo Finance validation passed for SGBX
Getting recommendations for SGBX
Price target endpoint failed (403), using recommendation data
Finnhub recommendation for SGBX: BUY
FMP API error for SGBX: 402 Client Error: Payment Required for url: https://financialmodelingprep.com/stable/analyst-estimates?symbol=SGBX&apikey=ynOKFYxumAVxrcJAGhzuN4ZBjCtQcbR7
Enhanced Yahoo recommendation for SGBX: STRONG_SELL
Generated 2 recommendations for SGBX
Skipping XNET - recent recommendations exist
Skipping YOU - recent recommendations exist
Skipping CARM - recent recommendations exist
Skipping ZETA - recent recommendations exist
Skipping WTBA - recent recommendations exist
Skipping NVDA - recent recommendations exist
Skipping PXSAW - recent recommendations exist
Analyzing user user8 with existing recommendations
Alpha Vantage found 14 candidates
Yahoo Finance discovery found 12 unique stocks
Yahoo Finance found 12 candidates
Found 20 total candidates: ['WES', 'XPEV', 'BNKKW', 'BBAI', 'ZION', 'YMM', 'VALE', 'XP', 'SOXS', 'VNOM', 'XYZ', 'YHGJ', 'WF', 'QNRX', 'WSBF', 'YPF', 'WPP', 'GWH+', 'HYAC+', 'SGBX']
Alpha Vantage: 14, Yahoo Finance: 12
Found 10 additional Alpha Vantage candidates (top losers): ['ASPCR', 'NXPLW', 'ADVWW', 'TDIC', 'BINI', 'GCMGW', 'CURIW', 'CARM', 'PXSAW', 'TIRX']
Fetching real-time prices for 33 stocks
Updated ASPCR price in database: $0.2
Updated WES price in database: $37.26
Updated TDIC price in database: $1.16
Updated XPEV price in database: $21.02
Updated GCMGW price in database: $0.2241
Updated BBAI price in database: $7.22
Updated CURIW price in database: $0.003
Updated XP price in database: $15.81
Updated YMM price in database: $11.78
Updated ZION price in database: $52.35
Updated BNKKW price in database: $0.06
Updated SOXS price in database: $4.94
Updated VNOM price in database: $36.59
Updated XYZ price in database: $74.67
Updated YHGJ price in database: $9.32
Updated TIRX price in database: $1.26
Updated NXPLW price in database: $0.0572
Updated WF price in database: $52.98
Updated ADVWW price in database: $0.0053
Updated QNRX price in database: $20.5
Updated WSBF price in database: $14.63
Updated BINI price in database: $0.63
Updated YPF price in database: $26.42
Updated WPP price in database: $22.54
Updated VG price in database: $9.45
Updated SGBX price in database: $6.24
Updated XNET price in database: $8.48
Updated YOU price in database: $29.61
Updated CARM price in database: $0.1539
Updated ZETA price in database: $18.4
Updated WTBA price in database: $19.23
Updated NVDA price in database: $183.16
Updated PXSAW price in database: $0.0207
Successfully fetched and updated 33 real-time prices
Pass 1: Analyzing 11 current holdings for SELL opportunities
Average confidence - BUY: 0.88, SELL: 0.00, Net Signal: 0.88
HOLD Range: [0.20, 0.70] → BUY @ 0.88
Average confidence - BUY: 0.86, SELL: 0.00, Net Signal: 0.86
HOLD Range: [0.20, 0.70] → BUY @ 0.86
Average confidence - BUY: 0.83, SELL: 0.00, Net Signal: 0.83
HOLD Range: [0.20, 0.70] → BUY @ 0.83
Average confidence - BUY: 0.92, SELL: 0.00, Net Signal: 0.92
HOLD Range: [0.20, 0.70] → BUY @ 0.92
Average confidence - BUY: 0.83, SELL: 0.00, Net Signal: 0.83
HOLD Range: [0.20, 0.70] → BUY @ 0.83
Average confidence - BUY: 0.75, SELL: 0.00, Net Signal: 0.75
HOLD Range: [0.20, 0.70] → BUY @ 0.75
Average confidence - BUY: 0.97, SELL: 0.00, Net Signal: 0.97
HOLD Range: [0.20, 0.70] → BUY @ 0.97
Average confidence - BUY: 0.92, SELL: 0.00, Net Signal: 0.92
HOLD Range: [0.20, 0.70] → BUY @ 0.92
Average confidence - BUY: 0.75, SELL: 0.00, Net Signal: 0.75
HOLD Range: [0.20, 0.70] → BUY @ 0.75
Average confidence - BUY: 0.86, SELL: 0.00, Net Signal: 0.86
HOLD Range: [0.20, 0.70] → BUY @ 0.86
Average confidence - BUY: 0.78, SELL: 0.00, Net Signal: 0.78
HOLD Range: [0.20, 0.70] → BUY @ 0.78
Pass 2: Analyzing 33 candidates for BUY opportunities
Average confidence - BUY: 0.75, SELL: 0.96, Net Signal: -0.21
HOLD Range: [0.20, 0.70] → SELL @ 0.21
Average confidence - BUY: 0.00, SELL: 0.00, Net Signal: 0.00
HOLD Range: [0.20, 0.70] → SELL @ 0.00
Average confidence - BUY: 0.75, SELL: 0.00, Net Signal: 0.75
HOLD Range: [0.20, 0.70] → BUY @ 0.75
Filtering out micro-cap stock: QNRX (market cap: $12,057,424, min: $100,000,000)
Average confidence - BUY: 0.00, SELL: 0.00, Net Signal: 0.00
HOLD Range: [0.20, 0.70] → SELL @ 0.00
Average confidence - BUY: 0.75, SELL: 0.00, Net Signal: 0.75
HOLD Range: [0.20, 0.70] → BUY @ 0.75
Average confidence - BUY: 0.92, SELL: 0.00, Net Signal: 0.92
HOLD Range: [0.20, 0.70] → BUY @ 0.92
Average confidence - BUY: 1.08, SELL: 0.00, Net Signal: 1.08
HOLD Range: [0.20, 0.70] → BUY @ 1.08
Average confidence - BUY: 0.83, SELL: 0.00, Net Signal: 0.83
HOLD Range: [0.20, 0.70] → BUY @ 0.83
Average confidence - BUY: 0.71, SELL: 0.00, Net Signal: 0.71
HOLD Range: [0.20, 0.70] → BUY @ 0.71
Average confidence - BUY: 0.00, SELL: 0.81, Net Signal: -0.81
HOLD Range: [0.20, 0.70] → SELL @ 0.81
Average confidence - BUY: 0.00, SELL: 0.62, Net Signal: -0.62
HOLD Range: [0.20, 0.70] → SELL @ 0.62
Average confidence - BUY: 0.00, SELL: 0.00, Net Signal: 0.00
HOLD Range: [0.20, 0.70] → SELL @ 0.00
Average confidence - BUY: 0.75, SELL: 0.00, Net Signal: 0.75
HOLD Range: [0.20, 0.70] → BUY @ 0.75
Filtering out penny stock: BINI (price: $0.63, min: $5.00)
Average confidence - BUY: 0.70, SELL: 0.65, Net Signal: 0.05
HOLD Range: [0.20, 0.70] → SELL @ 0.05
Average confidence - BUY: 0.00, SELL: 0.60, Net Signal: -0.60
HOLD Range: [0.20, 0.70] → SELL @ 0.60
Average confidence - BUY: 0.00, SELL: 0.62, Net Signal: -0.62
HOLD Range: [0.20, 0.70] → SELL @ 0.62
Average confidence - BUY: 0.00, SELL: 0.60, Net Signal: -0.60
HOLD Range: [0.20, 0.70] → SELL @ 0.60
Average confidence - BUY: 0.00, SELL: 0.62, Net Signal: -0.62
HOLD Range: [0.20, 0.70] → SELL @ 0.62
Average confidence - BUY: 0.75, SELL: 0.65, Net Signal: 0.10
HOLD Range: [0.20, 0.70] → SELL @ 0.10
Average confidence - BUY: 0.00, SELL: 0.80, Net Signal: -0.80
HOLD Range: [0.20, 0.70] → SELL @ 0.80
Average confidence - BUY: 0.00, SELL: 0.65, Net Signal: -0.65
HOLD Range: [0.20, 0.70] → SELL @ 0.65
Average confidence - BUY: 0.75, SELL: 0.60, Net Signal: 0.15
HOLD Range: [0.20, 0.70] → SELL @ 0.15
Average confidence - BUY: 0.88, SELL: 0.00, Net Signal: 0.88
HOLD Range: [0.20, 0.70] → BUY @ 0.88
Average confidence - BUY: 0.86, SELL: 0.00, Net Signal: 0.86
HOLD Range: [0.20, 0.70] → BUY @ 0.86
Average confidence - BUY: 0.83, SELL: 0.00, Net Signal: 0.83
HOLD Range: [0.20, 0.70] → BUY @ 0.83
Average confidence - BUY: 0.92, SELL: 0.00, Net Signal: 0.92
HOLD Range: [0.20, 0.70] → BUY @ 0.92
Average confidence - BUY: 0.83, SELL: 0.00, Net Signal: 0.83
HOLD Range: [0.20, 0.70] → BUY @ 0.83
Average confidence - BUY: 0.75, SELL: 0.00, Net Signal: 0.75
HOLD Range: [0.20, 0.70] → BUY @ 0.75
Average confidence - BUY: 0.97, SELL: 0.00, Net Signal: 0.97
HOLD Range: [0.20, 0.70] → BUY @ 0.97
Average confidence - BUY: 0.92, SELL: 0.00, Net Signal: 0.92
HOLD Range: [0.20, 0.70] → BUY @ 0.92
Average confidence - BUY: 0.75, SELL: 0.00, Net Signal: 0.75
HOLD Range: [0.20, 0.70] → BUY @ 0.75
Average confidence - BUY: 0.86, SELL: 0.00, Net Signal: 0.86
HOLD Range: [0.20, 0.70] → BUY @ 0.86
Average confidence - BUY: 0.78, SELL: 0.00, Net Signal: 0.78
HOLD Range: [0.20, 0.70] → BUY @ 0.78
Consolidated 16 recommendations: 0 SELL, 16 BUY
No sell candidates found
Checking profit-taking opportunities (threshold: 10.00%, volatility: 20.00%)
NVDA: Recent gain: 0.0%, Volatility: 20.0%
✗ NVDA: Gain 0.0% or volatility 20.0% below thresholds
WF: Recent gain: 0.0%, Volatility: 20.0%
✗ WF: Gain 0.0% or volatility 20.0% below thresholds
YPF: Recent gain: 0.0%, Volatility: 20.0%
✗ YPF: Gain 0.0% or volatility 20.0% below thresholds
WES: Recent gain: 0.0%, Volatility: 20.0%
✗ WES: Gain 0.0% or volatility 20.0% below thresholds
ZETA: Recent gain: 0.0%, Volatility: 25.0%
✗ ZETA: Gain 0.0% or volatility 25.0% below thresholds
YOU: Recent gain: 0.0%, Volatility: 25.0%
✗ YOU: Gain 0.0% or volatility 25.0% below thresholds
ZION: Recent gain: 0.0%, Volatility: 25.0%
✗ ZION: Gain 0.0% or volatility 25.0% below thresholds
VG: Recent gain: 0.0%, Volatility: 20.0%
✗ VG: Gain 0.0% or volatility 20.0% below thresholds
WTBA: Recent gain: 0.0%, Volatility: 30.0%
✗ WTBA: Gain 0.0% or volatility 30.0% below thresholds
XNET: Recent gain: 0.0%, Volatility: 30.0%
✗ XNET: Gain 0.0% or volatility 30.0% below thresholds
WSBF: Recent gain: 0.0%, Volatility: 30.0%
✗ WSBF: Gain 0.0% or volatility 30.0% below thresholds
Profit-taking analysis completed: 0 opportunities found
Smart Analysis completed for user: user8. Generated 5 recommendations
Batch analysis completed for 1 users
Starting batch Smart Analysis for 1 users
Successfully retrieved market movers from Alpha Vantage
Alpha Vantage found 14 candidates
Found 8 undervalued growth stocks
Found 6 undervalued large cap stocks
Found 6 most active stocks
Yahoo Finance discovery found 12 unique stocks
Yahoo Finance found 12 candidates
Found 20 total candidates: ['QNRX', 'GWH+', 'VNOM', 'YMM', 'YOU', 'XRAY', 'XYZ', 'BBAI', 'NVDA', 'SGBX', 'XPEV', 'XP', 'BURU', 'WF', 'ZETA', 'BNKKW', 'SOXS', 'HYAC+', 'SQQQ', 'ZION']
Alpha Vantage: 14, Yahoo Finance: 12
Found 10 additional Alpha Vantage candidates (top losers): ['GCMGW', 'PXSAW', 'TDIC', 'ADVWW', 'TIRX', 'CARM', 'CURIW', 'ASPCR', 'BINI', 'NXPLW']
Found 36 unique stocks to analyze across all users
Batch analyzing 36 unique stocks
Skipping QNRX - recent recommendations exist
Failed to get quote for GWH+: No price data available for GWH+
Yahoo Finance validation failed for GWH+: Failed to fetch quote for GWH+: No price data available for GWH+
Skipping GWH+ - not recognized by Yahoo Finance
Skipping VNOM - recent recommendations exist
Skipping YMM - recent recommendations exist
Skipping YOU - recent recommendations exist
Skipping XRAY - recent recommendations exist
Skipping XYZ - recent recommendations exist
Skipping BBAI - recent recommendations exist
Skipping NVDA - recent recommendations exist
Skipping SGBX - recent recommendations exist
Skipping CURIW - recent recommendations exist
Skipping XPEV - recent recommendations exist
Skipping XP - recent recommendations exist
Skipping WF - recent recommendations exist
Yahoo Finance validation passed for BURU
Getting recommendations for BURU
Price target endpoint failed (403), using recommendation data
Finnhub recommendation for BURU: HOLD
FMP API error for BURU: 402 Client Error: Payment Required for url: https://financialmodelingprep.com/stable/analyst-estimates?symbol=BURU&apikey=ynOKFYxumAVxrcJAGhzuN4ZBjCtQcbR7
Enhanced Yahoo recommendation for BURU: BUY
Generated 2 recommendations for BURU
Skipping GCMGW - recent recommendations exist
Skipping ZETA - recent recommendations exist
Skipping ADVWW - recent recommendations exist
Skipping BNKKW - recent recommendations exist
Skipping SOXS - recent recommendations exist
Failed to get quote for HYAC+: No price data available for HYAC+
Yahoo Finance validation failed for HYAC+: Failed to fetch quote for HYAC+: No price data available for HYAC+
Skipping HYAC+ - not recognized by Yahoo Finance
Yahoo Finance validation passed for SQQQ
Error analyzing stock SQQQ: [<class 'decimal.InvalidOperation'>]
Skipping ASPCR - recent recommendations exist
Skipping ZION - recent recommendations exist
Skipping BINI - recent recommendations exist
Skipping VG - recent recommendations exist
Skipping YPF - recent recommendations exist
Skipping WSBF - recent recommendations exist
Skipping WES - recent recommendations exist
Skipping PXSAW - recent recommendations exist
Skipping TDIC - recent recommendations exist
Skipping TIRX - recent recommendations exist
Skipping WTBA - recent recommendations exist
Skipping CARM - recent recommendations exist
Skipping NXPLW - recent recommendations exist
Skipping XNET - recent recommendations exist
Analyzing user user8 with existing recommendations
Alpha Vantage found 14 candidates
Yahoo Finance discovery found 12 unique stocks
Yahoo Finance found 12 candidates
Found 20 total candidates: ['QNRX', 'GWH+', 'VNOM', 'YMM', 'YOU', 'XRAY', 'XYZ', 'BBAI', 'NVDA', 'SGBX', 'XPEV', 'XP', 'BURU', 'WF', 'ZETA', 'BNKKW', 'SOXS', 'HYAC+', 'SQQQ', 'ZION']
Alpha Vantage: 14, Yahoo Finance: 12
Found 10 additional Alpha Vantage candidates (top losers): ['GCMGW', 'PXSAW', 'TDIC', 'ADVWW', 'TIRX', 'CARM', 'CURIW', 'ASPCR', 'BINI', 'NXPLW']
Fetching real-time prices for 33 stocks
Updated QNRX price in database: $20.5
Updated VNOM price in database: $36.59
Updated YMM price in database: $11.78
Updated YOU price in database: $29.61
Updated XRAY price in database: $11.83
Updated XYZ price in database: $74.67
Updated BBAI price in database: $7.22
Updated NVDA price in database: $183.16
Updated SGBX price in database: $6.24
Updated CURIW price in database: $0.003
Updated XPEV price in database: $21.02
Updated XP price in database: $15.81
Updated BURU price in database: $0.4752
Updated GCMGW price in database: $0.2241
Updated WF price in database: $52.98
Updated ZETA price in database: $18.4
Updated ADVWW price in database: $0.0053
Updated BNKKW price in database: $0.06
Updated SOXS price in database: $4.94
Updated ASPCR price in database: $0.2
Updated ZION price in database: $52.35
Updated BINI price in database: $0.63
Updated VG price in database: $9.45
Updated YPF price in database: $26.42
Updated WSBF price in database: $14.63
Updated WES price in database: $37.26
Updated PXSAW price in database: $0.0207
Updated TDIC price in database: $1.16
Updated TIRX price in database: $1.26
Updated WTBA price in database: $19.23
Updated CARM price in database: $0.1539
Updated NXPLW price in database: $0.0572
Updated XNET price in database: $8.48
Successfully fetched and updated 33 real-time prices
Pass 1: Analyzing 11 current holdings for SELL opportunities
Average confidence - BUY: 0.88, SELL: 0.00, Net Signal: 0.88
HOLD Range: [0.20, 0.70] → BUY @ 0.88
Average confidence - BUY: 0.86, SELL: 0.00, Net Signal: 0.86
HOLD Range: [0.20, 0.70] → BUY @ 0.86
Average confidence - BUY: 0.83, SELL: 0.00, Net Signal: 0.83
HOLD Range: [0.20, 0.70] → BUY @ 0.83
Average confidence - BUY: 0.92, SELL: 0.00, Net Signal: 0.92
HOLD Range: [0.20, 0.70] → BUY @ 0.92
Average confidence - BUY: 0.83, SELL: 0.00, Net Signal: 0.83
HOLD Range: [0.20, 0.70] → BUY @ 0.83
Average confidence - BUY: 0.75, SELL: 0.00, Net Signal: 0.75
HOLD Range: [0.20, 0.70] → BUY @ 0.75
Average confidence - BUY: 0.97, SELL: 0.00, Net Signal: 0.97
HOLD Range: [0.20, 0.70] → BUY @ 0.97
Average confidence - BUY: 0.92, SELL: 0.00, Net Signal: 0.92
HOLD Range: [0.20, 0.70] → BUY @ 0.92
Average confidence - BUY: 0.75, SELL: 0.00, Net Signal: 0.75
HOLD Range: [0.20, 0.70] → BUY @ 0.75
Average confidence - BUY: 0.86, SELL: 0.00, Net Signal: 0.86
HOLD Range: [0.20, 0.70] → BUY @ 0.86
Average confidence - BUY: 0.78, SELL: 0.00, Net Signal: 0.78
HOLD Range: [0.20, 0.70] → BUY @ 0.78
Pass 2: Analyzing 33 candidates for BUY opportunities
Average confidence - BUY: 0.75, SELL: 0.00, Net Signal: 0.75
HOLD Range: [0.20, 0.70] → BUY @ 0.75
Filtering out penny stock: BURU (price: $0.48, min: $5.00)
Average confidence - BUY: 0.75, SELL: 0.96, Net Signal: -0.21
HOLD Range: [0.20, 0.70] → SELL @ 0.21
Average confidence - BUY: 0.75, SELL: 0.00, Net Signal: 0.75
HOLD Range: [0.20, 0.70] → BUY @ 0.75
Filtering out micro-cap stock: QNRX (market cap: $12,057,424, min: $100,000,000)
Average confidence - BUY: 0.75, SELL: 0.00, Net Signal: 0.75
HOLD Range: [0.20, 0.70] → BUY @ 0.75
Average confidence - BUY: 0.92, SELL: 0.00, Net Signal: 0.92
HOLD Range: [0.20, 0.70] → BUY @ 0.92
Average confidence - BUY: 1.08, SELL: 0.00, Net Signal: 1.08
HOLD Range: [0.20, 0.70] → BUY @ 1.08
Average confidence - BUY: 0.83, SELL: 0.00, Net Signal: 0.83
HOLD Range: [0.20, 0.70] → BUY @ 0.83
Average confidence - BUY: 0.71, SELL: 0.00, Net Signal: 0.71
HOLD Range: [0.20, 0.70] → BUY @ 0.71
Average confidence - BUY: 0.00, SELL: 0.81, Net Signal: -0.81
HOLD Range: [0.20, 0.70] → SELL @ 0.81
Average confidence - BUY: 0.00, SELL: 0.62, Net Signal: -0.62
HOLD Range: [0.20, 0.70] → SELL @ 0.62
Average confidence - BUY: 0.00, SELL: 0.00, Net Signal: 0.00
HOLD Range: [0.20, 0.70] → SELL @ 0.00
Average confidence - BUY: 0.75, SELL: 0.00, Net Signal: 0.75
HOLD Range: [0.20, 0.70] → BUY @ 0.75
Filtering out penny stock: BINI (price: $0.63, min: $5.00)
Average confidence - BUY: 0.70, SELL: 0.65, Net Signal: 0.05
HOLD Range: [0.20, 0.70] → SELL @ 0.05
Average confidence - BUY: 0.00, SELL: 0.60, Net Signal: -0.60
HOLD Range: [0.20, 0.70] → SELL @ 0.60
Average confidence - BUY: 0.00, SELL: 0.62, Net Signal: -0.62
HOLD Range: [0.20, 0.70] → SELL @ 0.62
Average confidence - BUY: 0.00, SELL: 0.60, Net Signal: -0.60
HOLD Range: [0.20, 0.70] → SELL @ 0.60
Average confidence - BUY: 0.00, SELL: 0.62, Net Signal: -0.62
HOLD Range: [0.20, 0.70] → SELL @ 0.62
Average confidence - BUY: 0.00, SELL: 0.00, Net Signal: 0.00
HOLD Range: [0.20, 0.70] → SELL @ 0.00
Average confidence - BUY: 0.75, SELL: 0.65, Net Signal: 0.10
HOLD Range: [0.20, 0.70] → SELL @ 0.10
Average confidence - BUY: 0.00, SELL: 0.80, Net Signal: -0.80
HOLD Range: [0.20, 0.70] → SELL @ 0.80
Average confidence - BUY: 0.00, SELL: 0.65, Net Signal: -0.65
HOLD Range: [0.20, 0.70] → SELL @ 0.65
Average confidence - BUY: 0.75, SELL: 0.60, Net Signal: 0.15
HOLD Range: [0.20, 0.70] → SELL @ 0.15
Average confidence - BUY: 0.88, SELL: 0.00, Net Signal: 0.88
HOLD Range: [0.20, 0.70] → BUY @ 0.88
Average confidence - BUY: 0.86, SELL: 0.00, Net Signal: 0.86
HOLD Range: [0.20, 0.70] → BUY @ 0.86
Average confidence - BUY: 0.83, SELL: 0.00, Net Signal: 0.83
HOLD Range: [0.20, 0.70] → BUY @ 0.83
Average confidence - BUY: 0.92, SELL: 0.00, Net Signal: 0.92
HOLD Range: [0.20, 0.70] → BUY @ 0.92
Average confidence - BUY: 0.83, SELL: 0.00, Net Signal: 0.83
HOLD Range: [0.20, 0.70] → BUY @ 0.83
Average confidence - BUY: 0.75, SELL: 0.00, Net Signal: 0.75
HOLD Range: [0.20, 0.70] → BUY @ 0.75
Average confidence - BUY: 0.97, SELL: 0.00, Net Signal: 0.97
HOLD Range: [0.20, 0.70] → BUY @ 0.97
Average confidence - BUY: 0.92, SELL: 0.00, Net Signal: 0.92
HOLD Range: [0.20, 0.70] → BUY @ 0.92
Average confidence - BUY: 0.75, SELL: 0.00, Net Signal: 0.75
HOLD Range: [0.20, 0.70] → BUY @ 0.75
Average confidence - BUY: 0.86, SELL: 0.00, Net Signal: 0.86
HOLD Range: [0.20, 0.70] → BUY @ 0.86
Average confidence - BUY: 0.78, SELL: 0.00, Net Signal: 0.78
HOLD Range: [0.20, 0.70] → BUY @ 0.78
Consolidated 16 recommendations: 0 SELL, 16 BUY
No sell candidates found
Checking profit-taking opportunities (threshold: 10.00%, volatility: 20.00%)
NVDA: Recent gain: 0.0%, Volatility: 20.0%
✗ NVDA: Gain 0.0% or volatility 20.0% below thresholds
WF: Recent gain: 0.0%, Volatility: 20.0%
✗ WF: Gain 0.0% or volatility 20.0% below thresholds
YPF: Recent gain: 0.0%, Volatility: 20.0%
✗ YPF: Gain 0.0% or volatility 20.0% below thresholds
WES: Recent gain: 0.0%, Volatility: 20.0%
✗ WES: Gain 0.0% or volatility 20.0% below thresholds
ZETA: Recent gain: 0.0%, Volatility: 25.0%
✗ ZETA: Gain 0.0% or volatility 25.0% below thresholds
YOU: Recent gain: 0.0%, Volatility: 25.0%
✗ YOU: Gain 0.0% or volatility 25.0% below thresholds
ZION: Recent gain: 0.0%, Volatility: 25.0%
✗ ZION: Gain 0.0% or volatility 25.0% below thresholds
VG: Recent gain: 0.0%, Volatility: 20.0%
✗ VG: Gain 0.0% or volatility 20.0% below thresholds
WTBA: Recent gain: 0.0%, Volatility: 30.0%
✗ WTBA: Gain 0.0% or volatility 30.0% below thresholds
XNET: Recent gain: 0.0%, Volatility: 30.0%
✗ XNET: Gain 0.0% or volatility 30.0% below thresholds
WSBF: Recent gain: 0.0%, Volatility: 30.0%
✗ WSBF: Gain 0.0% or volatility 30.0% below thresholds
Profit-taking analysis completed: 0 opportunities found
Smart Analysis completed for user: user8. Generated 5 recommendations
Batch analysis completed for 1 users
